seed,sample_id,branch,target_x,target_y,receive_radius,first_distance,second_distance,finite_intersection,error_m,second_reception
0,0,branch_primary,1259.9466905052786,803.4775802310121,1498.016223714236,1494.3366035967556,813.2654460444487,True,25.841174514181507,True
0,1,branch_primary,379.8672552239459,229.10087510878898,1413.6368111932384,443.60606687351265,649.8608824008734,True,14.650744369306748,True
0,2,branch_primary,835.4914532546546,516.6916349048859,1033.3150710837513,982.3523879149776,510.6696547844285,True,13.231653166786153,True
0,3,branch_primary,491.20880168724494,296.2332487175391,1076.313301338153,573.6202790180682,572.3398850612967,True,6.599734119277982,True
0,4,branch_primary,895.072826181369,572.709363926307,1462.427851304064,1062.6153488902644,549.6518982801458,True,17.495731679099098,True
0,5,branch_primary,1029.3511597608358,659.2687840825268,1479.4161991929802,1222.3743860890702,626.9225364441878,True,19.560262552569533,True
0,6,branch_primary,1142.7834726933256,728.8096717104578,1408.3035368176393,1355.403114589797,710.3602814894736,True,6.05126149505734,True
0,7,branch_primary,644.7201121408007,406.3591092981928,1303.9876492665296,762.0969418049565,514.964314852563,True,8.037902289968168,True
0,8,branch_primary,1244.7691961653004,786.7800045296384,1474.196909109089,1472.5736406881886,792.6375926919972,True,11.537692975604065,True
0,9,branch_primary,575.8492288516488,360.81315347086297,1289.9866313676184,679.5501939420128,535.5958329634966,True,8.857420448482832,True
0,10,branch_primary,374.51204353909924,235.7069102222486,1062.9991092397586,442.51216738339673,656.9761227068444,True,12.379647633271862,True
0,11,branch_primary,968.5812653496962,596.4540739617955,1313.9302894756506,1137.5003867832493,564.2397217778001,True,12.271956712135536,True
0,12,branch_primary,683.8671392068404,429.7718575566379,1018.0067457492967,807.6992717804263,506.9273348257743,True,10.072332460663414,True
0,13,branch_primary,954.1031636645649,576.4341107750724,1408.5961196311398,1114.7148204719358,545.2637366801871,True,13.335123124974748,True
0,14,branch_primary,585.4090751525611,369.6530567076319,1193.3394403196357,692.3490215233012,533.5989783412792,True,5.379658355927199,True
0,15,branch_primary,284.01526853791256,176.43228332372382,1465.1805075793652,334.3546371167676,729.6625474893332,True,9.235475195804797,True
0,16,branch_primary,865.9571995896126,548.0488846314345,1062.7308911552334,1024.8119102873675,532.0105575588947,True,8.601960059166975,True
0,17,branch_primary,1239.3397371634846,772.3105201731343,1496.982924567935,1460.2830286223805,777.1984571221,True,19.921953013293578,True
0,18,branch_primary,764.1180047891869,468.8300170537506,1016.102778627807,896.4808476111623,495.25612541080255,True,7.32826267340532,True
0,19,branch_primary,1093.2285277828357,679.7202265223142,1479.9915715053412,1287.3104521838438,653.4246648266164,True,18.87438919450513,True
0,20,branch_primary,671.5675601059464,414.81413134419506,1324.722741329564,789.3502083039524,503.2351976531507,True,11.89167084132542,True
0,21,branch_primary,803.2964576321763,494.74144531227626,1296.9216791473184,943.4268898828794,501.6250599218734,True,6.280531805634472,True
0,22,branch_primary,1069.2511023201162,686.3449088492969,1316.902800534743,1270.5775276291224,657.0033986413782,True,6.951512174840022,True
0,23,branch_primary,1040.3438544074252,660.687427863483,1478.5524461933032,1232.4054579318297,628.9584791374843,True,23.279988530216936,True
0,24,branch_primary,1064.639201244771,680.5797189802672,1275.8931686577882,1263.5843393752407,650.7930119446967,True,10.07117072368398,True
0,25,branch_primary,952.598466243975,590.2132322765829,1439.5909054673114,1120.6228167607267,559.120376495436,True,7.446833835301066,True
0,26,branch_primary,153.5869093328673,98.24004462019899,1494.3637067051943,182.31852644589108,848.3740843785373,True,16.423943075496066,True
0,27,branch_primary,780.4375359067349,500.49301712159047,1178.9989546777485,927.1332200065149,516.1995508030891,True,15.751595052965387,True
0,28,branch_primary,815.060484941811,512.4266721977307,1334.5657938786096,962.7588942685602,513.6083791914549,True,2.9380737198999456,True
0,29,branch_primary,1182.3393433091264,755.4595636235092,1486.463239797079,1403.0842722398677,745.1906041672739,True,30.23555164303328,True
0,30,branch_primary,774.7982998969921,490.71977109823496,1275.8225525963007,917.1250183426323,509.8262187901899,True,3.4570459603700225,True
0,31,branch_primary,1022.8584890333822,630.1852819590838,1206.6667814856592,1201.4045855520544,597.5842403052737,True,17.334424316266457,True
0,32,branch_primary,1139.4177961008709,691.2275505178352,1374.0619503503797,1332.6921777613359,672.8856795918967,True,21.766512339160563,True
0,33,branch_primary,690.9693417078975,436.310424578092,1305.826324392691,817.1936231859376,507.71415380362515,True,8.961609094318508,True
0,34,branch_primary,1037.8872540327159,647.4199819878338,1266.8953880197314,1223.2590016675529,615.561441217346,True,17.72151185345997,True
0,35,branch_primary,667.5059705591664,403.8358883144406,1036.028061025205,780.1587309149645,497.65868712739586,True,3.861985863458392,True
0,36,branch_primary,1099.4542184178779,694.2301413229977,1497.9819396755224,1300.2903781533632,668.690288417389,True,24.458859990140166,True
0,37,branch_primary,781.4921299798069,506.13101905481545,1000.0540034004657,931.0738733687255,520.868228346199,True,6.767009191579672,True
0,38,branch_primary,841.4507117819671,532.037986922615,1013.1332842727513,995.5419227169932,523.3968977865974,True,9.5932117210842,True
0,39,branch_primary,1034.9447696526527,638.336141599629,1240.965672073228,1215.97027344573,606.3162344566422,True,9.435071024457944,True
0,40,branch_primary,1186.821965052281,741.7355572964698,1470.2684884510852,1399.5420728539968,733.027046953953,True,23.82868708135077,True
0,41,branch_primary,898.4508752950667,557.598236972786,1060.7219244256585,1057.4165542460694,534.1744359560049,True,18.551131753571482,True
0,42,branch_primary,895.9860166295832,562.6102093405709,1342.464939213503,1057.9797680721447,539.5640684168889,True,17.53737126835763,True
0,43,branch_primary,1134.4462018009872,691.2552086759281,1478.146003815498,1328.458485727833,671.8962495722952,True,9.361956011004487,True
0,44,branch_primary,1258.7916448817768,762.4532878319461,1497.2577934221883,1471.696783087438,774.126308188599,True,14.18396564108218,True
0,45,branch_primary,1032.748645478272,665.5087394244273,1257.066460234487,1228.6055701434436,633.3249847827152,True,12.190508873599669,True
0,46,branch_primary,901.2125763166714,557.2006311516326,1167.1673430203832,1059.5549306511248,533.2683343231519,True,3.091158054302881,True
0,47,branch_primary,997.4087036374863,629.5406818854824,1234.7708761878423,1179.4683515214172,596.4846242310601,True,13.035208673799842,True
0,48,branch_primary,384.6732789852131,234.99409360929644,1291.9727323910997,450.7723988849476,647.0951488316242,True,1.8293420303284964,True
0,49,branch_primary,1127.317510284888,729.667868955744,1474.9789395228408,1342.855155249938,708.2459799523731,True,36.82116972075698,True
0,50,branch_primary,836.1589515481123,525.8736648269082,1081.0207155790451,987.7777602338099,519.1635688828204,True,6.970534096108755,True
0,51,branch_primary,219.39870862967058,133.23068929545013,1216.142220851818,256.6830923892492,786.4601389526758,True,9.744289034828451,True
0,52,branch_primary,833.7270293934279,522.1331707591378,1189.4758112186526,983.7295398371347,516.3896000439805,True,14.314165763969191,True
0,53,branch_primary,657.135905805694,401.56601681601444,1289.0091926494686,770.1187340667344,502.9694449288924,True,6.729386719544729,True
0,54,branch_primary,1055.5822993145503,650.0569870758084,1405.64412880335,1239.688701679688,619.5452183736502,True,18.708385176273566,True
0,55,branch_primary,604.0112468408776,364.49725210247425,1286.749750852788,705.469937772352,515.9703728005621,True,7.573245286208151,True
0,56,branch_primary,1253.1676167746477,789.5030067763507,1490.9216684285902,1481.1293236721597,797.8581310183681,True,7.090755257165917,True
0,57,branch_primary,633.7955430520631,396.548894356396,1299.6950152994955,747.628126817029,515.5871902645974,True,9.670442946847466,True
0,58,branch_primary,822.8038154615633,501.9884930167011,1055.1658456268335,963.8457168340195,501.09820597996713,True,10.803703299763132,True
0,59,branch_primary,773.5218418658483,476.6099445986081,1063.8723708875166,908.5664968145273,497.77706174244696,True,8.5667257194082,True
0,60,branch_primary,1051.4809280589227,647.288781606984,1382.1683998482686,1234.7448760233456,616.4287464741445,True,15.536176213126653,True
0,61,branch_primary,1087.844705286424,662.7429121632033,1318.218077879417,1273.8266249542244,635.8570178270329,True,7.487422402224671,True
0,62,branch_primary,807.4789487267672,498.82358449409037,1280.717437389821,949.1297177332601,503.7760495042704,True,2.955719808281495,True
0,63,branch_primary,1030.9181945638418,641.4835124126848,1428.5507315165842,1214.2048511598389,609.2370126898968,True,15.98405335702097,True
0,64,branch_primary,659.2582042936727,397.5972248539439,1404.0708638022563,769.873322787636,498.6185589728865,True,2.543658243943936,True
0,65,branch_primary,696.8701155346886,437.9522017263706,1063.70762876632,823.061412606803,505.4648192718337,True,8.54460187256214,True
0,66,branch_primary,353.73962803922325,219.34008433673347,1040.467974555193,416.22325384602595,672.0466402427461,True,6.034275280388552,True
0,67,branch_primary,743.2618649821825,476.3561265185941,1021.4883403015281,882.8099224683594,512.0018926230283,True,16.08379332355445,True
0,68,branch_primary,1180.234105586592,719.0283806541939,1438.436836755819,1382.0109826538917,709.3905056810993,True,25.75459743788846,True
0,69,branch_primary,892.1597915757386,540.64100235045,1107.8191733495619,1043.1882798071326,518.7974877356071,True,13.331831128625016,True
0,70,branch_primary,1258.9771897125104,810.6111302244483,1499.5442204921023,1497.369015526957,819.7188830065027,True,13.918451331146972,True
0,71,branch_primary,525.5674121545431,334.3113397984648,1116.4092252689936,622.8845612444316,561.5341015287961,True,10.543353247306989,True
0,72,branch_primary,1259.7227469323452,773.0851499651767,1487.8539516591284,1478.0264030914514,784.460331892307,True,52.91522361872101,True
0,73,branch_primary,692.3983414800821,432.79143229967866,1139.9533829101672,816.5316204265305,504.0519484406498,True,7.820744082664912,True
0,74,branch_primary,1165.956155764381,718.34550182815,1395.149906004085,1369.4794694195275,705.2233634801514,True,41.540751412093634,True
0,75,branch_primary,1197.166940335213,737.9509014222086,1494.5265405634545,1406.335740831977,732.0945641500558,True,29.177775613699772,True
0,76,branch_primary,982.9767186191912,621.2859781370555,1187.2013725186453,1162.858330140465,588.4571326538997,True,6.688380670561464,True
0,77,branch_primary,341.50811935293893,217.9216638862651,1366.1182025916642,405.1143630815124,683.4222464849793,True,10.448889713115097,True
0,78,branch_primary,777.2516394039269,503.1726988684476,1127.3269124890726,925.9065157145453,519.9807461040783,True,2.665864682059949,True
0,79,branch_primary,1272.8012220202618,784.3150377090896,1495.5547285851671,1495.049507258165,799.4396978743458,True,16.63795074738013,True
0,80,branch_primary,945.1453418050388,610.0175643969206,1188.4195465608716,1124.9093945774098,579.508325870269,True,10.546625066740217,True
0,81,branch_primary,1205.2449437825148,752.3240649540122,1450.9449469907227,1420.7768555344103,748.1253848134821,True,14.23538169488642,True
0,82,branch_primary,922.9220235233744,574.2590514934323,1356.1163887483945,1086.9951792563832,546.5838785743949,True,26.22083693771837,True
0,83,branch_primary,1004.3742874218341,642.7588322573133,1403.759833310818,1192.4372627853015,609.7191282024303,True,18.285317623065154,True
0,84,branch_primary,1208.541760575906,735.4731706213744,1424.7921466531436,1414.7416625517776,732.8729950813937,True,7.633740654019756,True
0,85,branch_primary,504.063212930329,323.2328624951542,1209.8823407968284,598.7981346217249,574.118424304258,True,5.980274913183257,True
0,86,branch_primary,823.702633001197,518.6449542712239,1058.166719930102,973.3851325164694,516.4121409184633,True,9.64313362147077,True
0,87,branch_primary,247.96176615023415,157.4151660715665,1093.664273532616,293.70831105313016,761.711209611769,True,5.869940502559937,True
0,88,branch_primary,501.81005105256367,302.07525438420845,1115.5129019355631,585.7156192630181,565.7016252327711,True,5.093882922755924,True
0,89,branch_primary,267.2383490433259,168.53533329718823,1468.177398221073,315.94381425974586,744.6425591758111,True,22.393277994325913,True
0,90,branch_primary,674.1359832117907,421.403151810892,1139.5747771431481,795.0093963074156,506.598612745826,True,10.661249447814102,True
0,91,branch_primary,403.93945603515056,255.54559695193697,1095.7371037744053,477.9860209917181,635.7176049430233,True,12.705833736738144,True
0,92,branch_primary,993.5500132111963,609.0040286506173,1494.3453436047741,1165.3443850058447,575.9747201902219,True,23.687334969562514,True
0,93,branch_primary,485.97182348457204,313.09739867528185,1346.659277487152,578.0991214992014,584.8799040388863,True,3.5374004129509284,True
0,94,branch_primary,789.2093026535056,500.3663265452128,1215.9850966305808,934.4612266622854,512.4238338621738,True,3.158218156652109,True
0,95,branch_primary,774.8032589935758,498.2793634107553,1478.1562347766917,921.1961865683627,516.6208879332077,True,9.013156656206203,True
0,96,branch_primary,715.8776873634519,431.26416579767283,1430.432359739776,835.7449634703202,488.85793611171994,True,12.724117229034427,True
0,97,branch_primary,641.7527811398098,402.1600374281606,1465.002006276627,757.3502015612726,513.989184360161,True,5.233850761186802,True
0,98,branch_primary,956.3432716357788,611.8580305962669,1368.6618529065865,1135.3249326990785,580.4017133237783,True,10.071749232590523,True
0,99,branch_primary,361.76899268928037,230.81118401197742,1127.050465646584,429.12772776462197,667.642932982075,True,6.942388172073154,True
0,100,branch_primary,1076.591295742414,672.5190656824228,1458.284428955883,1269.3820196358106,644.0952679747305,True,32.48374745349081,True
0,101,branch_primary,572.7677616845097,344.48218948085645,1411.5194907178443,668.37929927146,528.2467912864071,True,9.214709156792336,True
0,102,branch_primary,675.504394975361,430.5785000349032,1326.2643441254531,801.0643122267624,512.8004027097937,True,6.122192933934173,True
0,103,branch_primary,512.3380997596576,329.4051682094981,1488.6047645540307,609.0961281345208,570.1771809565028,True,2.375730384534319,True
0,104,branch_primary,913.6360280375684,565.6181797180759,1247.1145237474445,1074.5486107923894,539.4286789113513,True,15.821672318968268,True
0,105,branch_primary,1133.2431931840965,712.3980618472474,1401.47687706478,1338.5630853350924,692.3875435314213,True,12.490848812087775,True
0,106,branch_primary,1179.7262668697115,729.1544467887225,1486.6937772569765,1386.8742812577186,719.0593862896022,True,15.174136193070815,True
0,107,branch_primary,269.3347596715867,174.85325149955491,1173.7177627052176,321.115045314476,743.759809942206,True,8.462254844683143,True
0,108,branch_primary,436.8885021661629,266.169829623605,1484.8694861389774,511.5837580756959,608.9496221156538,True,14.442549187252132,True
0,109,branch_primary,978.0724121452154,623.4642445992945,1467.174338074335,1159.885040723144,590.7917018820981,True,12.074353570046418,True
0,110,branch_primary,1158.3763129263768,737.7934825766434,1458.235267185837,1373.380830389546,722.4308937198894,True,26.28670590610594,True
0,111,branch_primary,932.683336569238,567.5634766779098,1461.2939081826023,1091.799664028453,538.6582161340773,True,17.3729818860696,True
0,112,branch_primary,856.2405235451863,551.4467176516177,1089.6641266676588,1018.4504487552047,537.8058815288057,True,6.63402732390906,True
0,113,branch_primary,710.360732042037,440.9840206902284,1343.3080529042202,836.1096077258163,499.9769243617603,True,9.597900457855504,True
0,114,branch_primary,725.4382783409212,459.539362154525,1378.3985952430514,858.7415915463904,506.92139190083674,True,13.297823209086646,True
0,115,branch_primary,1124.8941033205758,700.0788268493463,1371.2964830606204,1324.9517377958184,678.712069847116,True,29.46985383855484,True
0,116,branch_primary,783.8267584128457,501.14871443064305,1078.200598212705,930.3410241301175,515.3661764769294,True,5.062440611742237,True
0,117,branch_primary,568.984829316028,348.9484607836273,1002.6018892033195,667.4644292208029,533.9372362426218,True,10.772755216515305,True
0,118,branch_primary,625.1378506112422,403.29739838094645,1182.8202983653064,743.939596881147,526.4866317308661,True,13.036969256972785,True
0,119,branch_primary,814.009575295318,507.3025540161325,1296.432159706412,959.1493470694514,509.2109791396473,True,7.137043925678122,True
0,120,branch_primary,1053.7480277137488,648.1713482096166,1402.8147679940705,1237.138230979258,617.5033747218789,True,5.723735191969957,True
0,121,branch_primary,1233.4329049155604,777.6177689479686,1466.5160604852929,1458.096747651559,780.4571352038478,True,39.76243432879116,True
0,122,branch_primary,770.9813043167934,487.17044283714154,1364.2708352855384,912.0017609523353,508.3465184749308,True,14.5041522137239,True
0,123,branch_primary,1137.9154949501633,709.7760206220939,1386.2299037793593,1341.131489861382,690.7365066126507,True,18.658204274285424,True
0,124,branch_primary,869.2204797877873,530.2715233250176,1439.7674907057599,1018.2004375033168,513.98476972671,True,14.670986122667387,True
0,125,branch_primary,574.5720938524413,358.49525960343345,1314.7613863716983,677.2384677439046,535.1938931804963,True,9.508314401659856,True
0,126,branch_primary,974.5297719989433,628.7504028537531,1486.2317502480487,1159.7565889448827,596.2120127319714,True,20.885443843362392,True
0,127,branch_primary,1050.1471600851846,639.1590617521854,1340.3106227081284,1229.3629911685614,608.215802535278,True,10.583830161190836,True
0,128,branch_primary,940.1560987301674,577.5931641507334,1185.1344030934329,1103.407156607743,547.7526920871226,True,13.197172504133478,True
0,129,branch_primary,464.87929809392267,286.71851136833936,1334.7441691783624,546.1870252556122,591.7028942658991,True,6.706641826617134,True
0,130,branch_primary,1257.6713231803917,810.5061592675872,1499.0257753615492,1496.2143534136453,819.2067601608815,True,28.81465942900685,True
0,131,branch_primary,1046.201817559754,657.5730678220586,1407.9679520841516,1235.6943726465079,626.2607563181035,True,8.696734484899297,True
0,132,branch_primary,689.9970792380705,439.9471585191206,1125.6449490137597,818.3211299032406,511.19538359552496,True,5.4651273588707685,True
0,133,branch_primary,1104.0203556298034,683.6655550381538,1332.7519824892106,1298.5605633895495,658.9555445698805,True,9.014906445353539,True
0,134,branch_primary,903.1220489263283,544.4845572710595,1375.7363524082812,1054.558138920539,520.4183429099527,True,17.80879208818875,True
0,135,branch_primary,1069.6572077600813,656.795110262871,1275.3090929694679,1255.2076955541304,627.6739686979129,True,24.177425501926123,True
0,136,branch_primary,774.3499567603363,484.40808271493563,1177.812138671154,913.3832963954917,504.3679605885804,True,6.320924697790318,True
0,137,branch_primary,1043.6624432409403,661.6701034903616,1345.75723243583,1235.7340414848961,630.1631960823759,True,11.367368296831001,True
0,138,branch_primary,1001.6009885296968,649.2765894045093,1499.9990094367133,1193.6350488203743,616.2207696239784,True,11.08834164194365,True
0,139,branch_primary,1207.7163804265099,729.9778051047001,1439.0569838129595,1411.1861859783016,727.3709599487814,True,14.179670313614256,True
0,140,branch_primary,1165.9547354476763,734.8778016921651,1475.6478043622028,1378.2219808625784,721.2985107853898,True,19.759390234015335,True
0,141,branch_primary,1156.6575326754444,745.9335455654356,1447.3092701954165,1376.3260886485689,730.0016855129481,True,20.01412315842716,True
0,142,branch_primary,756.6098253120836,486.5341325601997,1265.1150385753986,899.5409328679199,514.4046847342573,True,6.154518342774452,True
0,143,branch_primary,829.8018211905639,507.8779254011933,1268.693981904385,972.8879943554637,504.21635298979334,True,11.75122700725757,True
0,144,branch_primary,1217.1762338766698,739.7216336862591,1477.1670539888426,1424.3265354748053,739.4420349517782,True,23.897444990922512,True
0,145,branch_primary,404.1344634685473,261.92661308685456,1439.4152821841467,481.5913363072071,637.7967884054702,True,12.170106776299146,True
0,146,branch_primary,476.70861408764756,290.89862432921313,1296.5282959512456,558.4560075619156,582.8748370921408,True,7.187166436625369,True
0,147,branch_primary,952.0397004925477,618.0899625334384,1293.8787986875363,1135.0836062152107,586.9485724627187,True,6.358992156191887,True
0,148,branch_primary,1153.3703562263372,704.001941613356,1363.1779778541245,1351.2519796163272,688.3706204893756,True,22.37518022879176,True
0,149,branch_primary,817.96977532421,524.6551995911709,1049.5516941899232,971.7703596025091,524.0253531376399,True,1.121747018285233,True
0,150,branch_primary,1016.7135770840389,614.0730374425744,1280.7881273544685,1187.767735351054,581.2697934602525,True,15.561650703786842,True
0,151,branch_primary,1009.0874669739984,619.4137311855261,1446.3849151321456,1184.0316238957369,586.4333100547994,True,16.277213434711758,True
0,152,branch_primary,1139.4912170521716,691.4605263508558,1462.4796714112044,1332.8757981299088,673.1288320816639,True,19.608971602171554,True
0,153,branch_primary,1185.1202390610306,760.8362261830985,1410.4670423361333,1408.3258657372637,751.0865822803007,True,44.36806178411358,True
0,154,branch_primary,966.3561881558428,587.3938968061804,1381.3654351532718,1130.8739418663074,555.3215095150732,True,7.8703273056850165,True
0,155,branch_primary,754.1580468099762,474.2716092161502,1109.7145941957497,890.8916426124531,504.81469133829575,True,7.299264340918693,True
0,156,branch_primary,805.7200896427083,521.211647054434,1367.5948359674967,959.6074425925686,525.1904864742983,True,13.521155177585795,True
0,157,branch_primary,540.073343600797,331.20400263954485,1076.3733032991518,633.5418753583698,547.6496400658276,True,10.014768702916935,True
0,158,branch_primary,565.8583412324987,360.7185717742573,1247.4342559021168,671.0540591973607,543.47501054905,True,4.802615957820702,True
0,159,branch_primary,832.574843488248,520.225336901115,1283.8659083070438,981.7409389260281,514.9552787911496,True,10.087713336923628,True
0,160,branch_primary,1163.3392505825918,706.8495714961444,1477.3735144176549,1361.2474164053901,693.4346070310876,True,30.36816072322835,True
0,161,branch_primary,1048.6618825016044,654.3765024875723,1403.3072535426722,1236.0826634249331,623.2625584580271,True,16.85053134210426,True
0,162,branch_primary,1161.1696499915138,731.1502347967876,1421.7708109858797,1372.1864384641076,716.5770985657196,True,22.459070382462173,True
0,163,branch_primary,543.1934627312601,341.2524325668203,1477.6544470089143,641.4922919932468,550.5960047885585,True,12.008327264262661,True
0,164,branch_primary,555.1047581145435,358.83822802656164,1268.004475646013,660.9887793106994,550.9786201313177,True,10.984627478307672,True
0,165,branch_primary,742.8245686050328,459.3262254643013,1169.9886304145832,873.3664300409853,497.5556419081187,True,6.069619446157734,True
0,166,branch_primary,949.1422913949223,585.4495635272729,1204.796682670847,1115.1781385718955,554.6764098232833,True,19.222583377149807,True
0,167,branch_primary,576.0560582850151,361.42991327338564,1316.8453581516874,680.0530600590484,535.8100244723068,True,7.867138000936399,True
0,168,branch_primary,856.8971161467285,550.7483805397708,1157.290756492851,1018.6247819132225,536.9581007948675,True,15.960158721422573,True
0,169,branch_primary,967.8206097832682,605.328852128149,1467.1967944227913,1141.5339469065473,573.1428902449603,True,23.176327459185824,True
0,170,branch_primary,1122.058258684353,682.9261760223699,1442.8907840716945,1313.545925264244,661.3309090990992,True,34.00254758653664,True
0,171,branch_primary,796.4675222507533,502.34925259641676,1350.2712197602016,941.6556087999651,511.30819801679786,True,4.718199579811833,True
0,172,branch_primary,661.981824164992,410.61181813683834,1135.0836153449293,778.9878052437344,506.39190280837875,True,13.776560018295507,True
0,173,branch_primary,908.2535403227711,545.931053500967,1125.8156444706065,1059.7005278311053,520.9170548372053,True,12.224468501995343,True
0,174,branch_primary,151.9953228628783,95.59557273196339,1042.2086609594717,179.55804548430214,849.7622707485009,True,1.546097953553203,True
0,175,branch_primary,538.254077648191,337.6792405455836,1464.2422808746078,635.4090978262327,552.7186879373069,True,10.356731667856954,True
0,176,branch_primary,721.2255902404897,453.5189978708007,1294.6711278391917,851.965864015383,504.17937475268513,True,5.563884519346281,True
0,177,branch_primary,507.5685060312211,319.74615249518143,1324.0993517672848,599.8861478232661,569.3328846667463,True,11.188724132295036,True
0,178,branch_primary,609.4978667333907,394.7951838522609,1344.0834309433744,726.1892912633004,531.9003336248996,True,9.910462895415629,True
0,179,branch_primary,823.6369202235305,527.0778400652896,1180.162102322527,977.8490813224673,524.371516788795,True,17.542737096219096,True
0,180,branch_primary,197.43670298491054,127.58913235236064,1229.4522777108475,235.07496332017152,807.5683222600745,True,20.881992268904163,True
0,181,branch_primary,867.3795081567482,522.513897783276,1139.7650001461318,1012.6045548717003,506.96060515923097,True,8.876442411231363,True
0,182,branch_primary,808.4983307545663,503.37369424887055,1065.2001752492747,952.3941552186654,507.601433172791,True,10.530986187544563,True
0,183,branch_primary,1131.7737519338111,734.1497545165746,1457.3869139385888,1349.032129944681,713.4676852014446,True,34.717560163578646,True
0,184,branch_primary,407.07358475504753,256.0840555241193,1488.2011708847688,480.9240552301424,632.9721560663595,True,6.912647514387193,True
0,185,branch_primary,929.9432865349117,568.3282470107453,1196.8869052523096,1089.8584827956606,539.7631133816269,True,21.806561362716995,True
0,186,branch_primary,1082.5964750672038,663.3401372546064,1316.0496730493894,1269.6595077109826,635.7408096828033,True,11.110026964792402,True
0,187,branch_primary,552.0764525255186,346.52615242034955,1259.4133331511982,651.8195944771932,546.2668042280245,True,7.222185664259301,True
0,188,branch_primary,1255.8474183034723,788.9691871428209,1487.2582720981309,1483.1133187724733,798.2087837079655,True,16.672387727826912,True
0,189,branch_primary,1249.3870338741183,776.90927789685,1475.0358936651905,1471.2430072883856,784.7160182840277,True,33.10297734844955,True
0,190,branch_primary,1074.012902408185,645.3642599041315,1309.7191454733093,1252.9959068172811,616.8275000464556,True,10.351173642744435,True
0,191,branch_primary,1214.1652904318812,747.3500369584303,1490.6091999143048,1425.7382053628576,745.8633155672561,True,29.081479770761177,True
0,192,branch_primary,1246.1583233181982,788.4631374477417,1499.8127949437014,1474.6473089824426,794.6684145277034,True,21.25601049038437,True
0,193,branch_primary,712.4165542375048,436.4943477145529,1163.2363507032417,835.5026405334651,495.1260116871142,True,11.284206338038258,True
0,194,branch_primary,857.3593968672808,541.7145975256847,1191.2884220857957,1014.1596721271469,528.1293837798933,True,17.305363705142682,True
0,195,branch_primary,1115.9096434744524,694.9388395574605,1464.7972390739858,1314.6080492392969,672.0463067612599,True,12.329986322418096,True
0,196,branch_primary,1113.5026482569222,671.5397172214887,1309.6332394046613,1300.3283198796742,648.586265112301,True,27.581331039849903,True
0,197,branch_primary,980.7071155540109,629.5665994084238,1305.6675501641812,1165.392873493293,596.8015315670668,True,6.7340609191010055,True
0,198,branch_primary,1066.300854240359,691.4608789556997,1432.830976058984,1270.8720072768572,661.7861273679088,True,20.03240463347911,True
0,199,branch_primary,1170.452063602162,749.6495083377754,1468.3347430129045,1389.939717592683,736.7100512980112,True,14.080115673983459,True
0,200,branch_primary,429.8314367522962,265.75339986300895,1330.0444687097897,505.3512971778063,615.3174660987191,True,7.540248930283007,True
0,201,branch_primary,1114.6151942183394,674.1648487358267,1317.4605887060845,1302.6378139964258,651.3664339044914,True,11.028026822158596,True
0,202,branch_primary,463.90752246346824,290.6830228543892,1183.9340526291585,547.4548466987562,594.288832601431,True,4.437190404063088,True
0,203,branch_primary,895.9165746858375,543.9541356206953,1355.0177992262597,1048.118605147176,521.2802854126007,True,3.1980752916644732,True
0,204,branch_primary,1156.313002879793,715.0836278710276,1496.814709313692,1359.5603537460463,699.8298125374309,True,10.650443083406293,True
0,205,branch_primary,967.1879989319059,608.9294407856025,1322.9089167033226,1142.9119341110106,576.7730681769395,True,15.348096525097217,True
0,206,branch_primary,814.9185307323949,512.8755703454357,1278.6163186821561,962.8777504897499,514.0783146058511,True,7.418828326360047,True
0,207,branch_primary,891.09039979981,543.7678158079074,1436.965256107976,1043.899199216039,522.0780177015679,True,12.083135640303004,True
0,208,branch_primary,1116.9141145353206,697.6924801116944,1348.6212165632835,1316.917588937374,674.9325440790302,True,14.017180790200474,True
0,209,branch_primary,666.1571058216389,419.4477673898878,1330.718973621336,787.2113561204663,510.2766443157585,True,9.854249103206714,True
0,210,branch_primary,921.9854249321147,563.0875123115848,1180.3649266517893,1080.3354434195433,535.6593250828258,True,10.065244271036104,True
0,211,branch_primary,1206.4284955209905,736.5406550623187,1450.2044288602074,1413.4927843341366,733.2969011293378,True,22.949517787633795,True
0,212,branch_primary,871.8463750558192,541.8132559077357,1312.6425387569907,1026.4880447308258,524.5129831416156,True,10.554773181387896,True
0,213,branch_primary,570.2913891985418,365.9109129331996,1114.2616254943482,677.5862046984208,543.1114424292599,True,8.924278153138888,True
0,214,branch_primary,319.86827273063443,193.94333322079896,1307.4532360864887,374.07182251604223,698.3691790746298,True,3.8901388220518585,True
0,215,branch_primary,1180.1988946184658,725.2679517647919,1418.0366708010094,1385.237536567554,715.4169375651909,True,23.371523194965636,True
0,216,branch_primary,167.34418017821787,106.82104669098322,1125.3192349086962,198.53163641011238,835.3720623118248,True,28.004941501155457,True
0,217,branch_primary,1159.1190878952161,714.8261463876843,1463.4147098720186,1361.8125713483867,700.2134050744293,True,24.850310682711516,True
0,218,branch_primary,333.6973137822731,212.8348063928557,1450.7781616039344,395.79357250691834,689.601538950986,True,8.23151679091113,True
0,219,branch_primary,757.4114425110666,482.1978162019607,1246.2950267697247,897.8790715885044,510.2053237326605,True,4.414331593674733,True
0,220,branch_primary,945.7109695130969,604.4217941426025,1181.258054621227,1122.361324659739,573.8841757812759,True,21.095181917202893,True
0,221,branch_primary,870.5493158902932,524.6373642652045,1234.517415419319,1016.4155033155478,508.1977903781743,True,14.364239595659152,True
0,222,branch_primary,1007.2767524498616,610.6697679312962,1433.4704172301044,1177.9320954499894,577.6631846979046,True,16.96266780112629,True
0,223,branch_primary,857.3323377000438,525.3995671794682,1090.2342285612463,1005.5165053138584,512.4422622817272,True,10.8901191514121,True
0,224,branch_primary,257.30704688377796,166.56722218125446,1093.9353470225333,306.5151805069858,754.0593344817203,True,3.216736904944609,True
0,225,branch_primary,1192.2344602080577,769.0059756414807,1490.1195174502723,1418.729431103727,760.7770154175619,True,12.960994126150634,True
0,226,branch_primary,1095.355898412582,681.9338476901128,1445.0948858609038,1290.286137572855,655.9231135391248,True,15.713242870254444,True
0,227,branch_primary,852.3735123158194,530.5152787138372,1340.667389254001,1003.9855902583597,518.7433646885296,True,6.100015297586538,True
0,228,branch_primary,737.9245678680235,477.7270541939292,1473.2299520206489,879.0653025640464,515.8745000407682,True,12.074736090367093,True
0,229,branch_primary,1047.8177365796926,630.807841922014,1430.185411788629,1223.0456011618285,599.7016897332702,True,11.178435039426502,True
0,230,branch_primary,806.5689393665739,521.2092217040902,1090.522594418374,960.3189609396991,524.8756984749605,True,0.32809406834967836,True
0,231,branch_primary,1223.042754482408,767.3603714868425,1499.1956431748918,1443.8405448734084,767.5870540482808,True,15.55717679748121,True
0,232,branch_primary,1266.8347825870235,780.8562971424077,1499.4989639288196,1488.1555440071656,794.1616772398784,True,14.209886396182334,True
0,233,branch_primary,721.1417433199437,466.06797351861655,1069.4009244853237,858.6412346831926,514.7364891607579,True,10.999900806671878,True
0,234,branch_primary,441.2775111359921,275.2542091100347,1327.2579690906518,520.0872248644129,608.4558745470468,True,6.395367849476997,True
0,235,branch_primary,1262.845897447699,775.4875790641424,1486.2034022905455,1481.9449200234294,787.7658134586436,True,36.12024572522429,True
0,236,branch_primary,515.9206610772753,311.44256220227464,1140.8908246267547,602.6363730123917,557.943534931324,True,9.831161185476644,True
0,237,branch_primary,862.5594058693225,559.032599301675,1372.531576897756,1027.8745914437352,543.4957192901637,True,5.585588693825338,True
0,238,branch_primary,1195.2691110618064,743.4894604620939,1408.9618491410467,1407.6380307723632,736.92227520708,True,16.689386275175426,True
0,239,branch_primary,614.3943624616916,390.2288497291537,1278.2538988824717,727.8454422373248,525.2050547357362,True,8.889224716708526,True
0,240,branch_primary,261.17040746342207,159.3570678367448,1482.9997261950687,305.94878134115,749.0078853580886,True,4.6217276909559875,True
0,241,branch_primary,880.309134039934,556.9173723783049,1339.2053571355286,1041.6818761651245,537.2358490355513,True,16.658441672446738,True
0,242,branch_primary,887.8988213657676,563.7570350391298,1176.9820310904454,1051.7539215704546,542.2953328582986,True,11.921776533695954,True
0,243,branch_primary,1250.0864915496288,793.1977476845491,1499.9648693688055,1480.4995451828759,800.3917891289194,True,24.31087753058504,True
0,244,branch_primary,273.946871100689,173.4517438791017,1145.9930736129895,324.2412614713911,738.9652657001192,True,3.3591886618002436,True
0,245,branch_primary,1073.3039493778756,679.8114015543433,1331.9089012730087,1270.4821562829704,650.9545667069782,True,14.444136104281139,True
0,246,branch_primary,1096.4777092253998,702.699884933944,1368.040398706365,1302.3250343575364,676.6327524996436,True,23.19036548148374,True
0,247,branch_primary,731.980823753776,458.04071276669384,1214.0282481842264,863.4797165510475,502.1459434257544,True,1.988099517384773,True
0,248,branch_primary,921.8643919958422,560.4975750732099,1171.1387318444697,1078.8843723461807,533.1143489626419,True,15.845674991409268,True
0,249,branch_primary,1063.2356200864315,684.772567111148,1276.9088749938896,1264.6673287819885,654.8267057768329,True,0.6317571794514362,True
0,250,branch_primary,1222.2442505518732,738.9871253055057,1479.2237216595672,1428.279727285382,740.2496166808623,True,2.338917635541353,True
0,251,branch_primary,663.1891583315364,399.0517753810496,1047.9481345564614,773.9910717593965,497.01501903164854,True,6.796298285894915,True
0,252,branch_primary,1162.7141944476177,750.982806038321,1443.7434013949887,1384.152980322321,736.2525902246408,True,21.252674369856162,True
0,253,branch_primary,618.959656763524,388.8569984830265,1087.5459477711486,730.9725179307686,520.9292578038796,True,7.995269319373103,True
0,254,branch_primary,951.8086945873754,591.346276313317,1451.8371275607838,1120.5490661286321,560.3160461724862,True,3.906192418957101,True
0,255,branch_primary,974.1386511250682,605.7506954177635,1326.8785667897225,1147.11813542236,573.2503552678997,True,17.14104107945552,True
0,256,branch_primary,478.27002966967507,307.8116595292706,1279.5885930333284,568.7620231893085,589.1695877312285,True,5.1157188029561125,True
0,257,branch_primary,964.9431003781003,582.0510125441834,1383.5944262892983,1126.8977629629983,550.0750605671249,True,19.318017472641404,True
0,258,branch_primary,873.2022097558927,551.5509039472081,1401.2960470048426,1032.8070965904312,533.6409189327577,True,19.362877136258394,True
0,259,branch_primary,593.98075961951,384.98013737086404,1478.4738610789325,707.8296751113642,536.8949057480896,True,10.474232508036284,True
0,260,branch_primary,160.73857533049156,101.03545478524448,1103.2271525207132,189.8553468378947,841.4649434502882,True,26.71084649931925,True
0,261,branch_primary,1178.8847745817327,709.1036631755089,1423.8547163054654,1375.7170191829234,699.4506778523731,True,16.759743102603306,True
0,262,branch_primary,678.9306813350693,433.42406663642066,1190.7207771217222,805.4832658707155,512.8611302618482,True,8.117290876177472,True
0,263,branch_primary,644.1128953079924,402.1045502070607,1186.4492416893147,759.3217310200382,512.3095408241242,True,10.698970580972809,True
0,264,branch_primary,1166.9097445786456,709.1932751860741,1458.7111007527858,1365.5158195941015,696.5618643563572,True,42.816906488475084,True
0,265,branch_primary,1101.7939434812006,683.8849641883978,1421.6789979720634,1296.7839211429255,658.8226576490435,True,13.872021300704636,True
0,266,branch_primary,1133.710016757555,717.4342459148933,1472.9417548391925,1341.6446248198095,697.4192078252925,True,6.548443032395462,True
0,267,branch_primary,491.36275859575966,305.82942643582516,1390.2848048261862,578.7650633969716,576.6797046602381,True,9.363863636588363,True
0,268,branch_primary,1271.205066988547,773.7983601494243,1498.9248437341835,1488.1956270958783,789.0139064018457,True,23.114506215800223,True
0,269,branch_primary,725.4586908025835,443.86988826005086,1440.2803500946663,850.4768014266989,493.7997727456987,True,8.17861884039737,True
0,270,branch_primary,853.8167854012444,540.1435386579444,1436.0705032639028,1010.3257620128475,527.5833373949207,True,6.102690310465387,True
0,271,branch_primary,891.4885974243317,562.2205164763594,1107.5578400060108,1053.9657624821343,540.0626913548851,True,9.600865810295696,True
0,272,branch_primary,337.02932533014615,208.84526811794305,1129.529780973155,396.49099882311197,685.3511851460831,True,16.561539854775937,True
0,273,branch_primary,657.5116966196327,418.0184699834843,1177.2947319782777,779.1412403659308,514.895598946484,True,7.662993268822876,True
0,274,branch_primary,961.7562385834692,623.0846372982787,1167.0591446175972,1145.9535451715967,591.2280981567075,True,8.252463030755012,True
0,275,branch_primary,884.8727826382624,566.3687894008955,1426.9558573742402,1050.606228356475,545.4790976193293,True,18.324582812800948,True
0,276,branch_primary,421.06508890350585,263.76894773606716,1067.4295592869232,496.86000732913635,622.7036531767566,True,4.8959181239924865,True
0,277,branch_primary,1124.2586586759703,708.8011701181147,1438.5183409838733,1329.0435020602977,687.1703409913823,True,9.673282076243403,True
0,278,branch_primary,782.0551809799983,495.1165644096569,1140.8846351385473,925.6082964464396,510.6453286990912,True,15.71084271088213,True
0,279,branch_primary,593.0262160109314,378.53587734412133,1043.3175326566104,703.5406905879202,533.4200283739871,True,8.414635376310521,True
0,280,branch_primary,1197.0541641573,745.2765578415676,1485.1338824699646,1410.0978049747143,739.1205027526003,True,15.410206410145394,True
0,281,branch_primary,501.35580912411825,314.041485676977,1321.4584260922609,591.5908231782355,571.8846341193159,True,6.623053397472282,True
0,282,branch_primary,1001.8799224733162,642.484477681764,1247.8213475562673,1190.188927488887,609.4297463960116,True,17.97600187434458,True
0,283,branch_primary,1163.1192299459206,720.1377203147472,1490.3180331084761,1368.0075581991907,706.3022758173187,True,29.47259370110158,True
0,284,branch_primary,437.3379757460792,281.82252952088817,1283.2859300668215,520.2772752823537,614.7005330512538,True,7.427943393226653,True
0,285,branch_primary,1150.508334189909,742.4575527436214,1443.8779226238585,1369.2744957335935,725.302080023559,True,26.918437091567277,True
0,286,branch_primary,758.2631302917126,462.73555107622644,1009.705472629488,888.3057834944034,492.7415079090399,True,14.595325237066591,True
0,287,branch_primary,831.5166602398023,537.3707238310732,1011.9329333975876,990.0440652249204,531.5378544989964,True,10.78073050411775,True
0,288,branch_primary,1258.915496887448,785.0584851121116,1485.1029689828192,1483.6391250401473,795.5017087158154,True,15.305180073746325,True
0,289,branch_primary,763.6369391970676,473.2222399457522,1194.716779274449,898.3766822917551,499.3521585463898,True,9.023522425545433,True
0,290,branch_primary,1248.3134811424616,754.3840561857638,1481.4810907940137,1458.5547132107513,763.0467705446107,True,18.271179185956875,True
0,291,branch_primary,1080.195786717558,657.844932631411,1389.0650550099817,1264.7461773143216,629.9810274208436,True,22.849088048227006,True
0,292,branch_primary,963.5352052805986,600.7358044977964,1435.0752539850032,1135.4662472397583,568.8114201243193,True,10.960101674847644,True
0,293,branch_primary,1129.2769360230486,705.2680739573609,1359.4502160708635,1331.416333975639,684.6301470320645,True,14.911160353407993,True
0,294,branch_primary,1160.1535581050332,729.1749617912467,1437.4945789247322,1370.2745722252291,714.423680906299,True,8.272468617834015,True
0,295,branch_primary,1108.6802584305601,702.7648708917163,1471.853270295845,1312.6501358675525,678.5541325818509,True,22.65032381594647,True
0,296,branch_primary,370.3820191548564,231.05855178122775,1026.8264212257836,436.54426403798584,659.4955504520733,True,4.683119599089734,True
0,297,branch_primary,364.35667056968435,230.5343886659694,1257.2070407592873,431.1634118825689,665.0895741264917,True,1.1195074760964216,True
0,298,branch_primary,818.5027562150703,516.7713368480036,1132.510612306592,967.9872811764313,516.4496204272934,True,8.998677186927278,True
0,299,branch_primary,241.68790218642565,156.02888230782023,1483.7478070735665,287.67699626056805,767.6783037459097,True,11.800935393806148,True
0,300,branch_primary,432.1559003834287,277.7164559937662,1045.4778564536598,513.6975298421722,617.8053332702511,True,14.927732784357618,True
0,301,branch_primary,885.3456902220379,553.0511640412869,1206.8670015275125,1043.8882034213045,532.3643786703556,True,8.235298142437156,True
0,302,branch_primary,924.0036888034804,556.3554983894076,1140.2758284228155,1078.5704694226358,528.7071905185967,True,10.750119846246296,True
0,303,branch_primary,672.8642609620587,428.4990689138385,1202.1588395578976,797.720355600911,512.8672911626514,True,6.65185061128474,True
0,304,branch_primary,1177.726954874589,744.7593076776923,1475.7700693979339,1393.45154440717,733.6879405764047,True,22.548853992080883,True
0,305,branch_primary,355.59372990346645,225.52970901176863,1027.9245861551233,421.08259331583923,672.0119126084682,True,7.400036908280911,True
0,306,branch_primary,1206.1038739487458,766.8201026805308,1458.5013337411276,1429.2304309064903,762.3050282979491,True,35.356173953162205,True
0,307,branch_primary,708.5570271269511,451.4885132413186,1424.727630664965,840.175540158031,509.61110383714396,True,11.415460591736183,True
0,308,branch_primary,1158.8275652889906,748.2724164904157,1404.3476290516742,1379.4176073089743,732.7547727165768,True,17.55876218983292,True
0,309,branch_primary,1167.1072031107324,711.9499237792007,1482.284881013891,1367.1181066470322,699.2852968919532,True,15.816119065954801,True
0,310,branch_primary,818.1945403208802,501.23207278105997,1025.2998134315085,959.5185754300404,502.0361220903755,True,5.4139973947718065,True
0,311,branch_primary,1215.9409392657396,742.3722664981561,1436.4261752374018,1424.6504658505041,741.6140333625491,True,10.668429629288696,True
0,312,branch_primary,681.3927452315316,441.5033688940712,1381.4726561122409,811.9244410651629,517.6764556771897,True,11.993078177192334,True
0,313,branch_primary,1209.6059697672447,747.4962173996514,1438.3486957047912,1421.9343153336386,744.7038632944779,True,20.117198716684715,True
0,314,branch_primary,1184.2925759485777,754.1465411185195,1414.0456716927065,1404.024896833366,744.4004019469244,True,17.75703988078797,True
0,315,branch_primary,1022.8669676138637,616.7957366054954,1360.4841487782357,1194.4428886013332,584.2055437318677,True,24.071294089286074,True
0,316,branch_primary,566.7805167796541,355.028417370553,1200.2794961163243,668.7939378774687,539.3234216613965,True,4.161374142841234,True
0,317,branch_primary,1076.13584694462,652.7281398997459,1324.7572906275536,1258.619237774553,624.3951845694969,True,17.831606722268276,True
0,318,branch_primary,481.9113355978981,290.98509310287244,1011.6175709979966,562.9483633388033,578.2519785077097,True,14.579469066604297,True
0,319,branch_primary,251.22610913275795,160.10601129443717,1006.6830824934976,297.906852493525,758.9366600865774,True,15.264696598164873,True
0,320,branch_primary,1275.2674066268492,789.2661721776185,1499.8347048165053,1499.7493287041937,804.9359058710301,True,45.64729294570455,True
0,321,branch_primary,1226.0752054042832,763.0390104139854,1464.9791908482312,1444.1222042198192,764.3477253093702,True,8.871547064033154,True
0,322,branch_primary,862.8188712629606,544.9404690277948,1041.572929267355,1020.4981721648121,529.8028432580927,True,9.59110022178485,True
0,323,branch_primary,880.1380553338978,541.0760843892049,1193.9474690673994,1033.1535827479327,521.8399509187906,True,3.308190727048545,True
0,324,branch_primary,1009.5806588670746,650.1867030188113,1478.2664088166239,1200.831318521027,617.2102313936928,True,7.3230782676161414,True
0,325,branch_primary,349.39416084210455,214.465100455212,1255.6509181338483,409.9653143179586,674.8962601855077,True,8.657637805462056,True
0,326,branch_primary,541.0649704222777,330.0653213983259,1170.18356651273,633.7936719531368,546.198094176997,True,11.263958561109163,True
0,327,branch_primary,664.3046848291472,428.7190944127462,1382.1710760129317,790.6331489382655,518.5278348962215,True,5.977179992375167,True
0,328,branch_primary,1243.1898006409347,753.7404243763281,1487.3242332352065,1453.8381986165634,760.7814051103558,True,39.40918445867633,True
0,329,branch_primary,531.7743751032284,326.9258819202819,1379.895053294396,624.2311417141756,552.3414420429342,True,2.154762615824065,True
0,330,branch_primary,217.42439102152784,137.71953402718393,1302.3467308630034,257.3713967474764,789.0013019319974,True,19.642047790079747,True
0,331,branch_primary,822.1855314145073,508.970690193588,1014.9709607473422,966.9747729612666,507.8536138723161,True,5.530972836987922,True
0,332,branch_primary,1154.4249009226685,729.0832857668152,1375.489447317294,1365.378808043705,713.0674548393689,True,25.58982232917671,True
0,333,branch_primary,822.4972707712825,500.50741358570247,1428.1425846537854,962.8132900414586,499.8209275211429,True,2.964487849730624,True
0,334,branch_primary,818.0066040785146,500.7524743834659,1433.1174677766364,959.1078380021859,501.65684871041447,True,10.601610424328767,True
0,335,branch_primary,1084.1385736808793,702.0898969363769,1375.5723747129744,1291.6217210634636,674.3687198925114,True,21.31613733216285,True
0,336,branch_primary,1063.107052438357,686.6350314897817,1480.0269724543537,1265.5687541232776,656.6678641072241,True,25.737308090363936,True
0,337,branch_primary,1222.4553740501801,764.4702191310289,1479.2780084605877,1441.8085370403412,764.651186533987,True,21.00236617245598,True
0,338,branch_primary,586.5935010681324,356.94696153766284,1385.213717679778,686.6608106236578,524.7440612690219,True,9.50977124245251,True
0,339,branch_primary,1145.3810747249286,708.8024504811409,1417.0529082671,1346.9590640201739,691.3199999224629,True,42.006129799626024,True
0,340,branch_primary,367.2782249303353,222.6091885969431,1192.1064578041535,429.474266232294,659.9806752693767,True,3.4532965668261473,True
0,341,branch_primary,497.14251522925315,318.1899889437763,1195.9283593473108,590.2504125475125,577.5946402612984,True,8.240026002871984,True
0,342,branch_primary,988.50370556795,632.4501535966715,1279.6778900442691,1173.5130049155916,599.4905975786877,True,11.806887297675468,True
0,343,branch_primary,1013.9113515656765,640.5932523949966,1284.249252982058,1199.323119033289,607.7056998733243,True,22.53101947878346,True
0,344,branch_primary,1134.5666884420682,723.2869289022599,1493.6278164561325,1345.5056863660086,703.3273939485721,True,21.80622476871184,True
0,345,branch_primary,963.4014092794996,591.4018142878645,1207.1656832797246,1130.4416753396451,559.5049735062289,True,14.894381582239598,True
0,346,branch_primary,418.44748706154746,261.46985679456066,1205.8224994406046,493.4215088950744,624.2908890497588,True,7.839311003423318,True
0,347,branch_primary,1087.9154233970976,675.607772362674,1384.380223221481,1280.6271239287964,648.6090771950351,True,17.044459890770668,True
0,348,branch_primary,1122.4826735368201,684.2769388714745,1399.6258970056087,1314.611076121635,662.7369599140708,True,29.79099070563065,True
0,349,branch_primary,679.481093267199,432.55039282274527,1089.3332027831104,805.4777454645778,511.83512011810933,True,5.849640436481314,True
0,350,branch_primary,932.1478563672935,589.9366408854936,1247.6101085385021,1103.1431758341255,560.9296879292149,True,18.443556416860048,True
0,351,branch_primary,705.9853153067102,434.2800649238418,1226.850499155591,828.8633423061797,497.09294783255547,True,9.485757314913679,True
0,352,branch_primary,1149.2550521368105,732.7474960958453,1414.2147028619681,1362.9769139265397,715.5443696480794,True,25.275411386812525,True
0,353,branch_primary,728.492957141987,455.8128610723429,1047.64582427714,859.3412319471421,502.1353446058651,True,12.767445726142313,True
0,354,branch_primary,738.9146900194476,453.4730752111671,1036.1132545353278,866.9675594092371,494.59875926864214,True,5.909493590441376,True
0,355,branch_primary,641.5075689298841,399.4880402918003,1429.0919731403537,755.7265744503848,512.2450933109669,True,7.301704947103923,True
0,356,branch_primary,938.4309916147616,605.700744003856,1193.0782994628382,1116.9270868368667,575.8833696736464,True,8.671314350788174,True
0,357,branch_primary,652.0101706291199,418.8847260164415,1174.7753460716613,774.9720487176833,519.2088627014566,True,8.372371267754387,True
0,358,branch_primary,1162.7772773537006,714.2023399446072,1495.9303484671768,1364.6010329442217,700.4499826180728,True,23.82283965243433,True
0,359,branch_primary,1072.8082029176549,650.9663322697168,1354.444025056624,1254.8603930302747,622.2456959700678,True,21.82127019519346,True
0,360,branch_primary,441.82128060845025,282.2496670637293,1152.2477080214767,524.2813353115644,610.7775948151126,True,12.332328497106294,True
0,361,branch_primary,1131.1765303278482,724.149516193224,1376.6376174136954,1343.1131242629676,703.5313156360601,True,28.767564636785075,True
0,362,branch_primary,1248.916244618753,783.0430240608392,1486.896219849373,1474.092318548249,790.3840284083061,True,40.247541035582,True
0,363,branch_primary,347.98456176013497,212.44383826744456,1319.4536441828109,407.7077870745141,675.7146912259519,True,11.007517962036866,True
0,364,branch_primary,953.7488852793605,587.7221031012585,1338.6656916092966,1120.292018469019,556.5423932624575,True,8.36434212343136,True
0,365,branch_primary,657.5410761942533,406.73692959998516,1228.9507839139912,773.1721650338429,506.4965949525091,True,15.320227473802625,True
0,366,branch_primary,1115.935273877338,703.5622558406141,1335.3758205185125,1319.208620092828,680.5452910096864,True,14.716228722956217,True
0,367,branch_primary,496.2089353826427,307.4230163842776,1259.5152662462142,583.7227240363214,573.1756095399132,True,6.273005085912268,True
0,368,branch_primary,437.36895951593215,276.82688833978057,1103.9868005076341,517.6144635304682,612.6674536540701,True,9.449474577085327,True
0,369,branch_primary,814.034514237392,505.2085084009044,1365.869727321698,958.0646258631896,507.252190202406,True,11.196752336658948,True
0,370,branch_primary,1204.219076694453,751.6121306150972,1493.5425508275057,1419.5296332104542,747.1591416034556,True,26.29022819473206,True
0,371,branch_primary,1254.5012085699148,760.5606103144214,1495.8207806713374,1467.046599213952,770.91320412887,True,39.66603908281303,True
0,372,branch_primary,317.4468613154633,193.98234858396165,1040.1544312330007,372.0237375775753,700.7346425023181,True,7.078942559363958,True
0,373,branch_primary,704.9003386850287,444.64181084136493,1178.8574949239135,833.4211584946452,506.1239408853218,True,6.8089974564319045,True
0,374,branch_primary,1119.0330520884588,714.8368754739525,1371.3868462691773,1327.8654789562738,692.1846590239234,True,32.53734049015734,True
0,375,branch_primary,892.0955813915907,574.8648635498687,1073.799277108864,1061.2747701149826,552.3392818521537,True,16.609847169269948,True
0,376,branch_primary,1011.1295941642002,613.6747279444377,1499.6037148206526,1182.7847343926703,580.7325586521796,True,24.145424184682454,True
0,377,branch_primary,978.5635185343476,604.8389309834073,1234.2578853737878,1150.3984928012871,572.1608454794545,True,6.953070731474567,True
0,378,branch_primary,1239.9886652252053,761.3656084596018,1460.9499076092109,1455.0771387222212,766.9986434058424,True,12.096046957745072,True
0,379,branch_primary,1210.202352567893,748.4325535675374,1473.2428840021298,1422.933948361795,745.7705042033793,True,25.492179136925547,True
0,380,branch_primary,361.94388603921874,226.10069481921647,1089.4051213615178,426.760941088689,666.0955171617593,True,13.038130474681884,True
0,381,branch_primary,979.9529145410017,597.2834312533283,1230.2184672842682,1147.6302592591192,564.5607520663792,True,13.934400697988487,True
0,382,branch_primary,637.5047128869155,399.0839614819423,1035.3832048016689,752.1171898481972,514.762761787103,True,14.535710797897663,True
0,383,branch_primary,708.8162424482962,432.9076030446822,1306.8076747681093,830.5597259272893,494.3160967001483,True,10.322220889810486,True
0,384,branch_primary,438.65369770992993,275.16649790814944,1352.0837519565107,517.8162493449103,610.8289905437326,True,18.418000486927752,True
0,385,branch_primary,594.3630021657099,374.43331211907724,1335.141590111008,702.4725500458349,529.7492369556704,True,9.444039793587107,True
0,386,branch_primary,1164.0517504044678,708.5142504206187,1402.1047044289312,1362.7211456012549,695.2205825484732,True,12.182548497437706,True
0,387,branch_primary,1193.931303742319,753.4985908622216,1468.3407073043372,1411.8187151639502,746.2265444712888,True,22.90770779332961,True
0,388,branch_primary,1159.1623131805686,751.4652785858533,1487.5516967439037,1381.4330722905981,735.9440982384265,True,40.2883251110018,True
0,389,branch_primary,857.3129987914876,538.764250446495,1134.0434506416482,1012.5475275047719,525.3009810494264,True,14.399368295616362,True
0,390,branch_primary,889.6538212475238,568.8750247842139,1152.8942029186471,1055.9842401681765,546.9498641062021,True,9.069364621640808,True
0,391,branch_primary,872.5248524134051,554.8586679987598,1415.160304651518,1034.0056864120197,537.015045261479,True,5.733147733161561,True
0,392,branch_primary,812.2647698308207,524.4732929830028,1165.3133333768371,966.8744961786668,525.8583762567725,True,14.957357047474922,True
0,393,branch_primary,630.7754561691637,404.76273945059177,1453.4190502800445,749.4735161117865,523.5328700009358,True,6.090003238874145,True
0,394,branch_primary,461.0427505022428,297.39281324242125,1393.6328280636867,548.637314770801,599.798363730092,True,17.662634482021236,True
0,395,branch_primary,723.5936440678128,436.68210056796113,1058.403230873495,845.1502935524447,488.88623344914777,True,11.290075026354597,True
0,396,branch_primary,837.6647746253988,527.8112001287951,1020.3986698438339,990.0843083443042,520.5331278568603,True,2.7385328278394767,True
0,397,branch_primary,543.2342590843,336.07718473013523,1397.1779916479545,638.7889591555272,547.6819961346035,True,7.09988921988666,True
0,398,branch_primary,1186.2035198753988,749.3955098891213,1446.6766660023545,1403.0938745525054,740.2788687892598,True,19.399591928836564,True
0,399,branch_primary,1231.4081817870872,746.4625685530598,1444.6838273994808,1439.9904431707218,750.1645673647155,True,26.272640162677096,True
0,400,branch_primary,531.7816608697794,326.1690048444689,1441.085489723222,623.8412895590129,551.9329536748992,True,10.982979630113082,True
0,401,branch_primary,753.912100774874,481.3890204579444,1010.0514637923368,894.4936247465619,511.1651637406727,True,8.7994461991164,True
0,402,branch_primary,107.81471526875221,64.89167373041484,1356.5337463363462,125.83696654010984,892.2067011748073,True,20.738461611688905,True
0,403,branch_primary,1058.6743347564372,643.459654276211,1375.6121536622984,1238.8832365292728,613.2661686335816,True,22.417422753234693,True
0,404,branch_primary,553.9622100858785,337.7297631049363,1255.8851593089512,648.795440096605,539.7094744006811,True,11.628435902184286,True
0,405,branch_primary,130.91742993526074,82.314573409896,1417.999668829172,154.6449561301857,869.9314676388069,True,25.10607502430571,True
0,406,branch_primary,1128.3292086441145,680.6952900407115,1437.891467563192,1317.7529665923967,660.3340173235796,True,15.03097049434844,True
0,407,branch_primary,871.5829906530374,560.8328146470785,1324.3384734330045,1036.4315489122555,543.0427638656761,True,19.99613471064347,True
0,408,branch_primary,981.7401474549067,602.768365223382,1453.9208075465224,1152.0171089175935,569.984104207958,True,8.243268319316861,True
0,409,branch_primary,1029.397766533206,655.4558249267671,1477.371277761315,1220.361462917435,623.1161802075883,True,16.786625347050123,True
0,410,branch_primary,769.5928828274476,495.00674620899446,1317.7006907963007,915.0436514675556,515.9758236100462,True,14.473948218793256,True
0,411,branch_primary,1063.875668557537,681.6112684407428,1478.1664097614814,1263.497273211994,651.7434668670509,True,15.436733759158269,True
0,412,branch_primary,564.1274486382949,365.3442629712104,1240.629473295441,672.0983624389581,547.6511588473999,True,8.061234544808693,True
0,413,branch_primary,1217.8009078715095,765.2795717843796,1444.4698457951795,1438.2947800097018,764.0823149629857,True,25.33625420410818,True
0,414,branch_primary,1112.4452029732174,721.2751895219918,1328.751553368816,1325.8100273561474,697.4294954397943,True,27.12916120438706,True
0,415,branch_primary,452.88951688547183,290.6139933805091,1018.4895336185403,538.1128205621221,604.2072037855382,True,3.770277026481379,True
0,416,branch_primary,962.7995090163886,618.7195033307831,1485.9706652033908,1144.4635067856423,586.8058224235668,True,3.2395201829310905,True
0,417,branch_primary,1103.9923504367978,709.9375350757523,1338.8968321745033,1312.5587276508431,684.9030485539806,True,12.531058467678672,True
0,418,branch_primary,1195.7544929503133,773.2013416992037,1427.984656944193,1423.962472193811,765.7310099032159,True,25.92144250951735,True
0,419,branch_primary,1248.4100918760241,758.6836895719728,1498.873869252444,1460.8657358978767,767.1439350516723,True,10.698215901497699,True
0,420,branch_primary,1208.439936697266,750.4456282671563,1453.8697983671213,1422.496299323896,747.2068973199778,True,26.40805063156277,True
0,421,branch_primary,638.8506267790624,392.26147937892347,1477.901659750294,749.6660533467835,508.9797298063459,True,9.787507643703215,True
0,422,branch_primary,816.7592510232553,527.9672685672533,1313.447831749513,972.5456857188947,527.5516883259625,True,17.242054086203865,True
0,423,branch_primary,982.1356601381084,594.6851660241189,1253.7370252830087,1148.1467247717305,561.8925364235155,True,16.036893702282292,True
0,424,branch_primary,1254.3382122019536,789.7170108672007,1491.024495796551,1482.2338910721949,798.4339488961975,True,36.5131569749619,True
0,425,branch_primary,1155.8639717888072,729.4117331151383,1415.9467164867187,1366.771011430015,713.7020514463695,True,33.532690053051205,True
0,426,branch_primary,737.4175411157237,471.06884080746477,1472.870339840037,875.0374178998568,510.4066131912287,True,7.8311426016753085,True
0,427,branch_primary,1159.7231544332685,751.5661412851202,1427.8527414462112,1381.9585593116951,736.1644543444444,True,11.413767799656227,True
0,428,branch_primary,991.2553513165452,597.3318572527382,1346.088446642145,1157.3212687938874,564.3318445519299,True,5.8244464497940225,True
0,429,branch_primary,1257.0157813438311,805.078611069047,1493.1219108666344,1492.7291263147204,813.8499866849987,True,24.21946279207132,True
0,430,branch_primary,1180.1520570822292,724.3002641488424,1385.7287267315994,1384.6912112386285,714.4688368618607,True,13.40284162844722,True
0,431,branch_primary,910.5037251389049,573.2217660239987,1278.286964502198,1075.9183177804412,547.436981033444,True,11.183219559798358,True
0,432,branch_primary,479.0483746769174,309.08248097666916,1132.4596513973886,570.1046617308871,589.075567910775,True,8.131113427468295,True
0,433,branch_primary,1160.0117896270929,747.8238623140562,1426.536018929718,1380.1695117340346,732.5755979227218,True,11.088166127805298,True
0,434,branch_primary,796.4773866314988,509.5130134571084,1187.843543528668,945.5050175950869,517.887194763835,True,8.493010254172791,True
0,435,branch_primary,1103.6935551911029,689.7337346114238,1442.5523276120573,1301.4884127149953,664.896219156977,True,3.7674596545747505,True
0,436,branch_primary,1204.7170360752048,751.2192837544252,1432.3205907661768,1419.7441844551918,746.9180362851606,True,12.733177451848078,True
0,437,branch_primary,449.2034447413292,276.86905237554197,1480.2316898447693,527.6743379498448,601.8455469611166,True,2.335010729888064,True
0,438,branch_primary,422.6530005488937,259.22253002447565,1036.3738615200255,495.8143593576868,619.5549770333179,True,10.20976232821382,True
0,439,branch_primary,199.1060669311286,124.90609015984744,1116.0308935472183,235.04203293837253,805.600156093537,True,12.741608895784063,True
0,440,branch_primary,993.8267694361925,638.478414541302,1226.214639827653,1181.2477866574623,605.444998032772,True,10.746283060751773,True
0,441,branch_primary,502.8750616998124,302.2337973381755,1220.4614249653637,586.7099759958437,564.8405070149145,True,2.5136317059797344,True
0,442,branch_primary,360.97210576466426,228.32053656072944,1049.0183775782525,427.11957173086245,667.67146851886,True,6.741451233274871,True
0,443,branch_primary,700.3762276416247,451.53515599607425,1065.9881464357297,833.3131808305399,514.362681081326,True,13.19952642048386,True
0,444,branch_primary,1245.185070255434,770.8631802152033,1478.4831200983,1464.4848588491884,777.6491759457938,True,19.307233683377007,True
0,445,branch_primary,673.1951968899282,425.2390856096263,1002.3729047021751,796.253761715309,510.14623670658256,True,12.936761573692943,True
0,446,branch_primary,1109.8356199389,694.1672356587366,1480.9725713463565,1309.0466967787108,670.259348441678,True,29.753333362911714,True
0,447,branch_primary,1215.9027395617534,759.0332403987733,1441.587044270543,1433.3704797099872,757.5540280267309,True,14.398779653893842,True
0,448,branch_primary,209.238213010604,126.34561935084255,1151.3347251259058,244.42554144978158,795.7023964998937,True,1.0233135592751517,True
0,449,branch_primary,1000.4242816337955,602.8262922234305,1469.925946241915,1168.010394593449,569.7675573154812,True,6.858542044223333,True
0,450,branch_primary,750.6244462640358,473.8016244844732,1198.5220521017511,887.6514173330182,506.1318063785833,True,5.807367154175809,True
0,451,branch_primary,748.9996456794016,484.02155470845736,1229.667196193431,891.7832329945777,515.8427991467904,True,8.145574177649719,True
0,452,branch_primary,480.33701723339163,305.62040293178217,1389.3253638536637,569.3219482971444,586.3200605791845,True,13.055242911568111,True
0,453,branch_primary,1251.8586573698524,759.2337623179172,1482.6810196987142,1464.099041689212,768.7895625023901,True,5.665363023811812,True
0,454,branch_primary,1232.0375967180214,778.6846195511938,1468.275113334722,1457.4863211887464,781.0583477569081,True,39.939939238274405,True
0,455,branch_primary,993.261150859458,622.4536535532212,1416.9655118690769,1172.1843987310224,589.4266186315068,True,8.647234587792761,True
0,456,branch_primary,264.40096640728063,169.7816875403889,1081.1162315756087,314.21917901548625,747.659678682427,True,7.3679252992729,True
0,457,branch_primary,1130.1373081822892,688.3774566001277,1476.2888458975954,1323.2814734971435,668.2213937353897,True,5.744698839088593,True
0,458,branch_primary,950.5863042044393,583.11558044662,1257.2590429123202,1115.1852321030142,552.2224322750695,True,9.953286765785199,True
0,459,branch_primary,499.3510293073298,315.4909255120029,1225.372015630243,590.6657045662207,574.3429632828128,True,3.6866704420536243,True
0,460,branch_primary,954.5834577205723,615.3335953110092,1404.1663850283705,1135.7222421314714,584.0003081685111,True,16.713894862354543,True
0,461,branch_primary,970.6291045212681,590.382743294995,1213.4078250595867,1136.077744753537,558.0680669183524,True,12.638284845153835,True
0,462,branch_primary,480.074455876629,289.82594939266403,1389.8837908131834,560.7767507008474,579.3819533434275,True,7.428566904147449,True
0,463,branch_primary,1216.1568433810596,774.3564070973739,1452.2155394511078,1441.7577164403654,772.3220843560779,True,8.66077415031616,True
0,464,branch_primary,1019.5329812250767,656.4150422650018,1308.0903710537339,1212.5709082430835,623.678799441404,True,5.845672454791028,True
0,465,branch_primary,1252.3458844000393,808.2698461696868,1494.0821882493935,1490.526872753687,815.4174400941466,True,20.14174679669408,True
0,466,branch_primary,1079.0825975629741,656.6158980792984,1275.8460379212563,1263.1562413152772,628.6201682054043,True,5.432520740716563,True
0,467,branch_primary,762.3958663242252,472.00889599035725,1178.6559153349547,896.6826946486152,498.8715105563404,True,5.815860757221935,True
0,468,branch_primary,1079.778882848811,683.1653290640922,1301.9669923034248,1277.746963479654,655.0493829375736,True,25.917810594875093,True
0,469,branch_primary,772.5488135609027,487.0794284585434,1002.711211046747,913.2787301595607,507.5625309098334,True,15.27078262730596,True
0,470,branch_primary,869.8184262092263,533.3885123533689,1248.9849559589259,1020.3369049895408,516.8503463576234,True,7.411917146858423,True
0,471,branch_primary,1018.5972189334025,618.4272290964502,1467.843323139005,1191.6343953187888,585.6806228463427,True,14.851254568888915,True
0,472,branch_primary,1203.8010657970399,759.0443818577226,1461.5746716729893,1423.1252157290521,754.1962170621216,True,9.796969013357915,True
0,473,branch_primary,485.03386703754086,300.37579886675553,1408.4041466688896,570.5115885924075,579.7287375279577,True,14.220553886832443,True
0,474,branch_primary,350.8595934529789,218.5230048114453,1201.09411177001,413.3458091596098,674.5892029778025,True,16.322203060353985,True
0,475,branch_primary,669.0028147234398,423.91450724759716,1270.5693065503792,792.0026992143765,511.8253280024964,True,4.125896125617044,True
0,476,branch_primary,1010.3492546406346,644.6677927026241,1231.4698228161496,1198.4999705051976,611.7052784809719,True,21.092869645847877,True
0,477,branch_primary,1172.6225226374743,718.6074211823643,1449.7323689160578,1375.296406733851,707.0809132499566,True,12.374853193442037,True
0,478,branch_primary,995.4098630106972,609.6076990592802,1183.1695963993477,1167.2456220227707,576.5623160224012,True,10.86336886640726,True
0,479,branch_primary,750.9168293966471,459.6542762237128,1386.9045549455677,880.430655033012,493.713954341866,True,7.3996051989795575,True
0,480,branch_primary,1193.3371075782293,727.8540429167451,1470.891933800962,1397.7928888477811,721.3392191506482,True,13.315445878213588,True
0,481,branch_primary,1175.879730915151,725.4274954138793,1466.0725795364974,1381.64329429833,714.4925550242127,True,17.298225185552567,True
0,482,branch_primary,1145.501628267284,721.2442195241061,1354.0353497853184,1353.6495870645165,703.5113449986487,True,20.112771316877716,True
0,483,branch_primary,1010.3040750919154,625.0885201523438,1314.551268438309,1188.044604454554,592.1283852799763,True,18.71695553248318,True
0,484,branch_primary,951.6801529102215,601.5959178255722,1237.0188135635979,1125.8831030740337,570.5399804499144,True,8.091515129327645,True
0,485,branch_primary,873.2609400759325,559.2377569246648,1424.221620438358,1036.9819372739487,541.0989053796142,True,9.727547877475724,True
0,486,branch_primary,1234.76665072376,780.6988898227559,1489.9001238785702,1460.8694117921887,783.7964647494665,True,7.015129187555602,True
0,487,branch_primary,1187.060570550934,722.2909742495933,1416.9899140994316,1389.538430429017,714.3083341060951,True,11.551947897694944,True
0,488,branch_primary,1217.7122542813283,776.6937935496975,1480.437869521931,1444.3255807350138,775.0024547804478,True,23.826943023158403,True
0,489,branch_primary,1109.9179329728595,707.4277718250245,1351.7079801007499,1316.1959847545745,683.355616784761,True,16.27171224283871,True
0,490,branch_primary,1021.4884757017171,628.4687689022935,1278.6532295323814,1199.338025527825,595.8168080977019,True,20.350726545755496,True
0,491,branch_primary,445.6200037654585,275.77048666083886,1082.7302708737896,524.048231624803,604.6817387290811,True,7.583010898162431,True
0,492,branch_primary,1008.8196588659248,635.9144219043028,1201.7509174548422,1192.5201281740465,602.9276151217313,True,8.559750802250665,True
0,493,branch_primary,957.1593213935894,602.6483531675608,1377.1544775904617,1131.0786905013326,571.1568773557027,True,13.93352948052301,True
0,494,branch_primary,1251.4869203150413,811.6142365716269,1496.9798342918257,1491.6223318003024,818.3326248484632,True,5.677790700217496,True
0,495,branch_primary,1101.1267789404867,671.101343385723,1405.518617588625,1289.5182032038065,646.091939291918,True,17.29291161306915,True
0,496,branch_primary,1179.5205076146888,735.5552866737987,1464.681996045877,1390.0756122015043,725.2064618258158,True,26.99453503289145,True
0,497,branch_primary,1090.528073340701,707.6922667587957,1397.9743845519258,1300.0307008584005,680.7524405608569,True,14.203728619385313,True
0,498,branch_primary,1227.9193461334187,754.3485666947037,1489.748904816529,1441.1202866808433,756.6072457319609,True,16.664658368381968,True
0,499,branch_primary,862.562905856482,548.8284440376385,1415.4788945906557,1022.3636474094496,533.6258449112438,True,17.70361766381705,True
0,500,branch_primary,918.620071712824,564.0665913159667,1195.3819701393795,1077.9767880582995,537.1242773397352,True,1.332790240786877,True
0,501,branch_primary,777.340649783061,492.6718740814489,1041.8988460065154,920.317369887192,510.467965382827,True,7.792063157339171,True
0,502,branch_primary,644.3715994503088,405.1347097283467,1292.2106517670975,761.1497166818241,514.317984004519,True,7.498323164661016,True
0,503,branch_primary,204.84734500637032,126.76348247994795,1017.7043415924725,240.89710510216386,800.111980131428,True,7.572140361634717,True
0,504,branch_primary,829.0450181915412,509.8707940123832,1147.1830913602441,973.2850912117327,506.34766884497327,True,2.9277059348790404,True
0,505,branch_primary,1125.439006584745,699.2813790687949,1468.046404873949,1324.9933602304627,678.0294142954491,True,20.465356358673436,True
0,506,branch_primary,1077.2970112241937,651.5094821402495,1268.1898734245829,1258.9811180916245,623.3297153007474,True,30.793412925911664,True
0,507,branch_primary,936.5130757471886,601.629205756447,1175.3198359773533,1113.1102561132893,572.0427623613804,True,13.059652036989434,True
0,508,branch_primary,599.5716544155978,383.7625534899221,1252.513656864357,711.8706808401104,531.8815518803457,True,13.038225059518496,True
0,509,branch_primary,614.0574996010312,387.49095241481183,1392.2205028614162,726.0963097410759,523.5948792513379,True,10.364865902769326,True
0,510,branch_primary,1151.7458961801544,738.5223360031721,1441.603925739123,1368.1863360461575,721.7137485261786,True,39.415748423386226,True
0,511,branch_primary,1134.0223064119887,707.3417173475955,1444.8042313654314,1336.53989710005,687.5792462858172,True,7.047905479884973,True
0,512,branch_primary,521.7804991060945,327.57827600175295,1213.094487463025,616.0863706946337,561.1707913794692,True,9.355062684058277,True
0,513,branch_primary,1032.5308886613466,653.764000769467,1373.6807027170933,1222.0995887168483,621.5851683507879,True,5.191284953675125,True
0,514,branch_primary,1091.0565316639033,663.6568138656886,1370.2588894403953,1277.0453092497632,637.2158430981322,True,26.72649903247529,True
0,515,branch_primary,1015.9914318873691,654.4423458488461,1461.9495878186126,1208.5252888163686,621.6028241237328,True,11.0044808306825,True
0,516,branch_primary,1239.2267268985706,768.4242988672387,1471.1111989898882,1458.1353790884275,773.467874156643,True,24.77019313591605,True
0,517,branch_primary,774.0230007397438,484.8593798770395,1056.3743549420476,913.3456212896106,504.91774844194924,True,14.452866643594312,True
0,518,branch_primary,1258.4930916995245,798.3465259842968,1496.639637565429,1490.3563457799694,807.9391731989367,True,31.286238429713595,True
0,519,branch_primary,798.6664048478118,496.2934501952567,1347.9359964214727,940.3059156142965,504.87725811653905,True,7.890016164322424,True
0,520,branch_primary,647.9003307825242,400.7624801757248,1034.6468774932046,761.8302987835956,508.7189643232008,True,7.073996045434193,True
0,521,branch_primary,1029.8298746089029,647.3040278243952,1423.3312965320197,1216.3683961179993,614.9951177580888,True,18.871955310120388,True
0,522,branch_primary,1056.5064662285345,644.3949863405489,1461.8763043766628,1237.5180045573243,613.991901553485,True,10.460145994279612,True
0,523,branch_primary,766.5258356261866,466.1839994240933,1051.4770440664952,897.1562728986888,491.7845266378159,True,1.5086123101853637,True
0,524,branch_primary,1222.1848229133059,768.6563956257188,1471.1133367728733,1443.803447805812,768.5779047408131,True,18.324516725950126,True
0,525,branch_primary,1079.9776710570559,699.8597236251788,1314.9771760528881,1286.9170147039529,671.6447098705362,True,1.8994374089171644,True
0,526,branch_primary,1138.9036906629276,728.4802885383979,1394.3207684515978,1351.9560449195917,709.2646720039874,True,29.655585062120565,True
0,527,branch_primary,879.0541456846154,541.8226090134335,1227.529901583593,1032.6218720729448,522.8152774081607,True,9.368921797029506,True
0,528,branch_primary,598.6017765102844,381.9484813502866,1499.7634974335533,710.0765657639031,531.4183743594231,True,6.599228554979867,True
0,529,branch_primary,1239.3521844482955,780.4121832700404,1482.0499860581601,1464.594487526521,784.9123359539607,True,10.33070900167113,True
0,530,branch_primary,884.5693208077753,571.9103187994078,1086.244108975852,1053.349085566399,550.9614194998172,True,18.538954963364457,True
0,531,branch_primary,345.49278935962457,217.4733141984178,1367.2544365704712,408.24001504989394,679.4651502125951,True,5.8743662041839615,True
0,532,branch_primary,734.0192925237957,468.8476502328786,1275.6342665103798,870.9778647738559,510.2612216021921,True,13.76455487273325,True
0,533,branch_primary,852.4491106226588,525.2197831617509,1038.924433228008,1001.2618572710331,513.6457333114859,True,14.567889053963532,True
0,534,branch_primary,545.271241023387,338.3075640222528,1400.6794245508506,641.695203474247,547.2273394174417,True,9.943530581404223,True
0,535,branch_primary,269.3765626500307,163.233158787099,1243.1536735372897,314.9742793193758,741.5910795634712,True,15.50980531305272,True
0,536,branch_primary,1176.0200911699899,729.3176995453119,1426.8967927462606,1383.809077042616,718.2974288256473,True,3.5576897003689414,True
0,537,branch_primary,1138.9764524633483,720.6750383127107,1429.7952723805138,1347.827834002927,701.6279141579288,True,14.106197759892753,True
0,538,branch_primary,970.4230920074549,585.5360164014428,1270.7270365639629,1133.390225828942,553.2386377864743,True,8.004884885071032,True
0,539,branch_primary,931.7900447742398,590.6337290781438,1427.8557929857734,1103.2138910769454,561.6647389945213,True,3.0019419023233724,True
0,540,branch_primary,679.4114100527313,438.6758706365267,1269.0591310497675,808.7251594877924,516.6734504079102,True,10.542786756163187,True
0,541,branch_primary,511.95996754921333,309.2424929185194,1357.4769804604732,598.1086254180357,560.2917468974802,True,4.232272844625525,True
0,542,branch_primary,1186.9424475186463,735.9925114355685,1464.2983083366107,1396.6092333257682,727.5073061034891,True,25.619256044654,True
0,543,branch_primary,1109.9150949467858,708.1968911225713,1497.4416629639788,1316.6071375267595,684.114173766885,True,6.347186771847862,True
0,544,branch_primary,816.066210232412,517.8501555657078,1016.0520683207493,966.5054801202728,518.3172529692613,True,15.713683869892131,True
0,545,branch_primary,526.7726976220121,324.73198207422655,1074.8027496471136,618.8217313102599,555.427611081751,True,8.011339544506491,True
0,546,branch_primary,788.613359155503,476.4664223396735,1315.5517962430104,921.3746696408006,490.98183210476645,True,11.24881712593063,True
0,547,branch_primary,642.4169594318614,410.0789986644402,1047.9686078788634,762.1445630005555,519.2481713800399,True,13.770857489969805,True
0,548,branch_primary,1133.2279471277666,704.6525469284902,1485.4236286907403,1334.4440010896749,684.7866610619459,True,21.72382146525605,True
0,549,branch_primary,626.9477075149111,396.1257841137168,1123.2594287727138,741.6057340648799,520.170702774692,True,1.0296526206823948,True
0,550,branch_primary,897.6134992933867,559.4709858071727,1197.314574732355,1057.6945580240867,536.1719397283781,True,13.96416034357717,True
0,551,branch_primary,1176.2355373084613,715.1056862570119,1491.9985970880823,1376.555913046919,704.5841648979226,True,25.433984948683527,True
0,552,branch_primary,923.2264902108084,564.1786393075656,1372.9710789954802,1081.9633493228428,536.5612857566659,True,2.3767809602588144,True
0,553,branch_primary,684.7212213593951,411.5082658242219,1010.7232406690072,798.8630695066335,492.2192144538908,True,8.082237919245117,True
0,554,branch_primary,868.9995388660527,544.2675406810664,1276.1106788191846,1025.371812753027,527.5905636574278,True,14.133227039091757,True
0,555,branch_primary,313.46908391806403,191.01012973714052,1167.2109518079947,367.08001339575753,703.9338326711243,True,3.381100688029451,True
0,556,branch_primary,920.8564793936673,587.4583701728316,1190.499821779527,1092.2838423813746,559.9424181680808,True,9.220033964524484,True
0,557,branch_primary,1157.1829876374454,697.6360219123661,1355.4496240854462,1351.210008084323,683.0376995398948,True,28.346392801670653,True
0,558,branch_primary,782.7180676093597,506.1356206332115,1267.6940320716121,932.1055947884319,520.3606001525643,True,12.926313955108728,True
0,559,branch_primary,1222.2352551865617,764.9871146249101,1454.8024233753024,1441.8960796684014,765.0815019049138,True,26.06568260608158,True
0,560,branch_primary,1112.926069324661,709.8222113773311,1464.8755741800553,1320.019699681427,686.2096865387717,True,11.193622962987927,True
0,561,branch_primary,550.8441434276186,344.5243234608567,1444.093345993113,649.7124593269456,546.1323535863295,True,7.850000341673506,True
0,562,branch_primary,321.7636439302218,195.21886015712965,1292.594948024422,376.3538838863012,696.8206517872552,True,9.552953898551104,True
0,563,branch_primary,275.6490815290376,169.636221584419,1087.8986254445556,323.6647398485663,736.5771182580175,True,5.237903265399815,True
0,564,branch_primary,644.5409363687629,401.3582044500808,1204.3881752373572,759.2900808877425,511.47505795471,True,3.845019654571872,True
0,565,branch_primary,517.356540710444,315.8436007222758,1114.4778569527946,606.1476473047551,558.9133905175037,True,11.196238845624435,True
0,566,branch_primary,1234.470672015419,774.4254673418582,1481.8486552705087,1457.2757613210533,777.7252287414399,True,40.534576082182305,True
0,567,branch_primary,1209.2741087363352,728.1264555728976,1443.5402543852838,1411.563673861441,726.0459511606632,True,23.947398876501722,True
0,568,branch_primary,848.5026621061024,537.2140453126482,1144.4181239775808,1004.2687379791938,526.2678625374415,True,10.127034971334037,True
0,569,branch_primary,609.1545495594819,373.4983414233599,1292.3664680192574,714.5420045700714,517.9109402711488,True,11.10016722757289,True
0,570,branch_primary,1059.7534522882966,652.4490581617458,1302.4093190888796,1244.4947380897647,622.3178015464197,True,31.04477988120369,True
0,571,branch_primary,1026.201012913916,643.9107070443791,1306.0599153903324,1211.4906180206017,611.4364700758777,True,11.575818807259235,True
0,572,branch_primary,744.0377975289692,454.72747581539375,1286.441517002153,871.9915833385085,492.9918365239573,True,6.470729706341498,True
0,573,branch_primary,1199.1304625460725,732.3962305165267,1436.9167636831676,1405.1043038439443,727.2844778624304,True,21.42689903679804,True
0,574,branch_primary,725.9178541727903,446.54502404748615,1163.5165813425544,852.2670881293013,495.7740542867582,True,12.887131804065417,True
0,575,branch_primary,1086.4534503908721,661.3510764181401,1286.8453161783311,1271.914441362179,634.2864010906867,True,19.050461721010187,True
0,576,branch_primary,842.7327368524429,542.9728525424855,1032.844580860057,1002.5058525320102,533.453770030395,True,17.796666105413472,True
0,577,branch_primary,1063.3276956557843,656.9293209885587,1457.7664625150112,1249.888763499828,627.1310898085471,True,14.720340856818801,True
0,578,branch_primary,970.0228791105876,600.9623473602701,1155.926144392202,1141.0960209126836,568.6648644431963,True,1.9459073525119588,True
0,579,branch_primary,1050.0343304146452,668.5466624175658,1334.9734359142312,1244.7998774417513,637.4968916392863,True,9.580702353923986,True
0,580,branch_primary,1253.9647600765918,800.4365815470541,1492.4198848917833,1487.6580052527793,808.4822390469017,True,57.939166832956694,True
0,581,branch_primary,1249.8708597968662,798.7534335245801,1495.9505556262536,1483.301794557218,805.6028905374357,True,19.894604315171385,True
0,582,branch_primary,931.5996034936824,560.9652949806992,1252.2521543409698,1087.4556926157354,532.2486244339417,True,10.728929759129313,True
0,583,branch_primary,1234.0852661890287,767.1117548252071,1472.921378914887,1453.0749769422962,770.6391776206308,True,42.34874799009251,True
0,584,branch_primary,668.0447249170602,424.22457419229806,1221.912546406661,791.359743630005,512.6809587865071,True,13.165567325074107,True
0,585,branch_primary,319.9123400571726,203.30567900740968,1003.3445921254973,379.0476281913923,700.5424824640243,True,21.122825809650863,True
0,586,branch_primary,992.5793914146278,627.800293828318,1395.905422244658,1174.4560686513375,594.7804550501578,True,21.866334055038507,True
0,587,branch_primary,663.4900910139966,409.3662318705288,1107.3168702109156,779.6151695994871,504.4581681804096,True,11.99964565506343,True
0,588,branch_primary,491.77503398440496,305.3952098194213,1486.3417745665406,578.885928513564,576.1111102447978,True,7.452886223944527,True
0,589,branch_primary,1086.2829483670407,661.8135913065253,1437.4746658640847,1272.0093842228646,634.7212006729551,True,11.149712445330325,True
0,590,branch_primary,571.466845902777,367.6187051519056,1398.3716675305757,679.4982474912147,543.2331878280395,True,5.752651616190206,True
0,591,branch_primary,1225.554586324727,769.7866054516554,1461.7147970337921,1447.257911360085,770.6416095601625,True,8.418683725165568,True
0,592,branch_primary,684.8068296400696,438.08545551110626,1223.152419803001,812.9448076296796,512.882469996196,True,1.5710470637258949,True
0,593,branch_primary,940.5870569437973,589.3990838554624,1330.5319072960492,1109.9978791600697,559.4451785601136,True,14.148670935652977,True
0,594,branch_primary,466.6154284643628,294.6515080903959,1438.1913203407487,551.8600087892994,593.5879313841638,True,11.09353831447935,True
0,595,branch_primary,1118.8223059955967,702.7211657124244,1362.216989535289,1321.2041436256297,680.2173204410495,True,13.309339124221864,True
0,596,branch_primary,989.6377758772915,635.6116326851649,1190.6235597855298,1176.1739136063395,602.632013656355,True,19.24349708976539,True
0,597,branch_primary,1130.8638862121295,685.1808747908083,1408.1634354624011,1322.2427766177802,665.2299803168416,True,4.975770697634884,True
0,598,branch_primary,932.0529691998836,594.7933015477605,1265.0566689954367,1105.6680374146683,565.7628565243436,True,6.4013043914738645,True
0,599,branch_primary,518.2331981487057,313.0505639452094,1229.3556062720295,605.447192783854,556.7475439343583,True,11.424618172181436,True
0,600,branch_primary,758.3078560100469,461.4462377258694,1432.6670005965157,887.6730449878004,491.59567649988276,True,13.336463916254678,True
0,601,branch_primary,386.5039533741746,246.05845012443268,1030.0532605276546,458.1812598213769,648.9033286320665,True,7.786856984132671,True
0,602,branch_primary,703.0447167856983,449.0430449480597,1332.6354574785983,834.2131202615479,510.7840596115175,True,15.321944483597234,True
0,603,branch_primary,966.2698554104828,612.1287830153392,1296.3719696509663,1143.843993064979,580.0192316664472,True,13.65297600379231,True
0,604,branch_primary,839.9436570889249,541.7281596257285,1297.7053709276336,999.4872415470826,533.0920134756229,True,12.4107108756808,True
0,605,branch_primary,1022.1294567571697,648.6390139167029,1456.27245283972,1210.5706079141107,615.9969689657572,True,24.521525580260047,True
0,606,branch_primary,690.0106839329649,426.4489896745281,1149.442805157332,811.1556476632976,500.50976602425914,True,13.270183044893352,True
0,607,branch_primary,695.1643110518779,446.06090480405464,1047.4283885337666,825.9683711588743,512.9931271770048,True,5.86596694198235,True
0,608,branch_primary,1172.5518973966216,709.737298521458,1421.8725235800619,1370.6221160483858,698.4667884176649,True,19.97169745710694,True
0,609,branch_primary,720.2189216146476,443.6625011773223,1224.2028779244301,845.9028963200701,496.5547886574681,True,10.180326325206616,True
0,610,branch_primary,945.2941642554952,592.9006892864279,1386.4927672621052,1115.8459948988555,562.4547169908662,True,8.95081875564449,True
0,611,branch_primary,1178.2018132485684,723.5364717311619,1477.5310793805847,1382.6295739160917,713.2386444339268,True,28.05464034449843,True
0,612,branch_primary,656.7388822659585,398.4573783594551,1063.5342780287608,768.162900594028,500.96785656665134,True,4.254333345494553,True
0,613,branch_primary,1157.1770475884307,721.9917520133606,1375.3229839630324,1363.9394449317751,706.7561931427814,True,20.308347017064502,True
0,614,branch_primary,1086.5158828088927,693.2389837375572,1492.6763278041092,1288.8355411647633,665.8954479070582,True,9.871906352368887,True
0,615,branch_primary,1127.0974743920312,692.5328998063794,1499.5292356025661,1322.856959045508,671.7128085029397,True,36.10693947386311,True
0,616,branch_primary,833.9467429361487,540.1520285394707,1130.0458317549783,993.5951811422577,533.4184262760356,True,16.042672718757085,True
0,617,branch_primary,603.378718897197,365.97336665443424,1037.6159583955039,705.6928393560498,517.4038471165607,True,7.2944148223433585,True
0,618,branch_primary,1057.2575436269537,645.5793853422485,1405.8091805658103,1238.7761122716952,615.2412980173148,True,18.262247958199975,True
0,619,branch_primary,642.7435352022189,406.7478141786286,1371.318882738058,760.6333126962941,516.6089676315243,True,9.234799509496638,True
0,620,branch_primary,442.67983522694414,284.8407942512268,1225.8810524979344,526.4026164317804,611.0569307858711,True,10.566365309180377,True
0,621,branch_primary,974.9583647338861,607.2582319629001,1228.6837007234212,1148.610627345612,574.7209047665943,True,28.48843392774974,True
0,622,branch_primary,418.22881745606514,254.82640982366848,1092.0587342448416,489.74671300001484,622.0952745796562,True,5.848036058733892,True
0,623,branch_primary,1255.3680092185468,806.3442344283943,1497.4412956442748,1492.025423029129,814.5314482492004,True,9.48539723076423,True
0,624,branch_primary,681.7525423099778,437.38894835030857,1172.6985675529781,809.9972969616052,514.2140380396988,True,5.55130106119983,True
0,625,branch_primary,684.0944017546598,418.0314813793752,1056.5250783571764,801.7078457494979,497.6491392957957,True,12.246530638171624,True
0,626,branch_primary,1212.4506975838228,786.4945248825596,1455.0713488147792,1445.2025227426577,782.963663910684,True,5.459670957907771,True
0,627,branch_primary,1278.3241236349593,770.1282535038542,1499.3446425314796,1492.3840296357982,788.0603692836463,True,32.331204038192915,True
0,628,branch_primary,545.3415716367065,346.9935319230825,1231.0768654937424,646.3760058600941,552.0616585726058,True,3.323178989012941,True
0,629,branch_primary,474.29841914691525,305.81927968723835,1390.1883785362652,564.3442408970648,591.7648180460628,True,10.59063079726309,True
0,630,branch_primary,1055.7793163487404,640.4813566538587,1459.088970694269,1234.8628802628173,610.0277429783495,True,14.202981789746282,True
0,631,branch_primary,913.1229019221049,585.9002455455062,1217.5739606847185,1084.9297358561662,559.5406806076563,True,13.114215467678767,True
0,632,branch_primary,740.0083101674697,447.0106086758129,1379.3219040925628,864.5407933612125,488.53578671537235,True,3.0509724184237275,True
0,633,branch_primary,692.665961837966,429.0950096343265,1394.9550925437477,814.8059044840049,500.9616728230755,True,14.524551028570187,True
0,634,branch_primary,802.5732568450585,496.5107615029785,1374.944271710685,943.740837778652,503.5362930202625,True,5.497599961982627,True
0,635,branch_primary,658.0451919811599,414.58828485059735,1199.638072646265,777.7576233151826,511.98019429398346,True,5.842094275781945,True
0,636,branch_primary,1159.20393494861,735.1902068687232,1497.2620963015822,1372.6829215357845,720.0747746207031,True,42.254753791269124,True
0,637,branch_primary,893.4456408806066,559.0066385931113,1317.915610100094,1053.9134381910724,536.5239684231819,True,16.62167656488936,True
0,638,branch_primary,485.3060262037101,302.7725062753838,1422.9819979052763,572.0079803865619,580.5967421796785,True,10.124641768328154,True
0,639,branch_primary,628.8512707875436,404.0644660391217,1260.0669745391237,747.4770989713257,524.3954276220677,True,11.897567351249947,True
0,640,branch_primary,740.3959869850295,454.03917325106374,1162.4737094146844,868.5262162940422,494.30210151049573,True,14.771489212904507,True
0,641,branch_primary,777.8901891516385,482.98462994416957,1191.7418538413888,915.634915859306,501.5205037115828,True,9.5649619684101,True
0,642,branch_primary,323.6484441042438,205.17547897711174,1137.7486661861374,383.2039829445736,697.3780930364384,True,9.368858335982866,True
0,643,branch_primary,1234.5321589415075,779.8666786658598,1490.9176378974403,1460.2265878808325,782.9322448851748,True,25.347844853103673,True
0,644,branch_primary,736.6691016217949,477.57042068906316,1485.854083933384,877.9264616136087,516.3772671861421,True,1.9446118758083961,True
0,645,branch_primary,1127.4885080732079,714.9718315496041,1340.4409936123784,1335.0711800299428,693.8280308340404,True,19.89675929017795,True
0,646,branch_primary,692.1672613540609,442.76217907228244,1144.23836866493,821.6652998071762,512.1337667645336,True,7.57235596320784,True
0,647,branch_primary,1129.8352516131192,684.0631140246742,1373.356074254852,1320.7838732195419,663.9315146718989,True,12.707398436763672,True
0,648,branch_primary,719.3386023368581,446.7428703051179,1070.435653199108,846.7745963244291,499.59800837111106,True,8.404028077745215,True
0,649,branch_primary,1130.0709676715849,694.330118405641,1456.0772291501687,1326.331295453509,674.0472549862295,True,14.185065726858717,True
0,650,branch_primary,1187.3154612717915,749.5191462916357,1410.0618492804438,1404.1000517173943,740.6797527204368,True,20.728413217821757,True
0,651,branch_primary,984.4477735777807,613.4829695122073,1209.0485985200949,1159.95636675858,580.6173440089859,True,12.224273939796223,True
0,652,branch_primary,747.3431721067517,467.3080277689386,1278.4293991936943,881.4185213120252,502.1267653597239,True,14.973952173959736,True
0,653,branch_primary,521.6194892333119,316.51557116123297,1470.4291613143832,610.1385075009958,555.5830625184893,True,11.354386134628674,True
0,654,branch_primary,1130.61777977805,728.2084499716705,1438.3138717864526,1344.8360905926006,707.4150657015628,True,11.40071612802923,True
0,655,branch_primary,188.55395457125408,120.05871242715301,1425.9526413901942,223.53229792163006,815.553024415031,True,4.037130837841502,True
0,656,branch_primary,875.5150975728839,536.0965830060713,1352.4155206689236,1026.6090942461215,518.080054662938,True,7.183291091792651,True
0,657,branch_primary,854.6636812960566,519.3191766760876,1451.0107333797046,1000.071205159941,507.35832558717794,True,5.79721364813682,True
0,658,branch_primary,717.353927885825,435.9845360633193,1405.4404095779703,839.4517100700725,491.8624171001688,True,8.011014322961366,True
0,659,branch_primary,1183.9235387493427,717.3391450295427,1471.4766388998025,1384.2869625177004,708.7085337692502,True,26.192563168836628,True
0,660,branch_primary,852.7445041911255,539.1563592141075,1089.4470795086418,1008.891852038255,526.9321239267629,True,13.813292213304692,True
0,661,branch_primary,740.249097926149,459.07638198266613,1309.1384859166296,871.0452637347684,498.675437881332,True,11.342276288713869,True
0,662,branch_primary,905.4223075282896,573.1227515779898,1390.7161094796882,1071.5685901267257,548.188007719729,True,16.761415365289288,True
0,663,branch_primary,1209.7392565894306,743.5901660477336,1482.5872744615071,1419.9983816809245,740.9952008095158,True,26.187668123687917,True
0,664,branch_primary,541.8271460300955,330.2984064160738,1413.866664526371,634.5657518777043,545.6855354266195,True,10.117487797995944,True
0,665,branch_primary,1222.868814254819,748.0892109216882,1468.1646819536645,1433.5430249470787,749.120720214306,True,40.01597072032237,True
0,666,branch_primary,996.0577189048083,614.0006973115505,1273.63696895954,1170.0973616280487,580.9510591150807,True,4.4590868821430405,True
0,667,branch_primary,831.1937920244541,507.66961089038114,1172.7730143467934,973.9669161329775,503.55336205532547,True,13.536301650454286,True
0,668,branch_primary,838.6182675774008,512.6628317849444,1318.4880919157686,982.9057827728349,505.852973412466,True,9.596328142607183,True
0,669,branch_primary,1237.0135330674957,768.3514402501457,1479.2176898548123,1456.2164731682587,772.7153232609311,True,14.331767603506478,True
0,670,branch_primary,374.33959349240513,238.25622798321578,1323.9158741243364,443.7298293205554,657.9307880475351,True,9.319710745757993,True
0,671,branch_primary,1263.4587967251136,800.7743712958161,1499.7083313742837,1495.8501678798855,811.840431702459,True,7.529387967274689,True
0,672,branch_primary,25.5626941217615,16.3333018073455,1489.3031775401423,30.335261309119716,974.0343126463608,True,24.768493423592318,True
0,673,branch_primary,827.6703599169812,512.5065181744421,1413.61941988335,973.4994380359934,509.2924413138887,True,8.769859779771298,True
0,674,branch_primary,769.6919194675488,480.64532531886164,1356.106214287038,907.439022548906,503.1136508441642,True,7.308550493950489,True
0,675,branch_primary,1008.3778822243353,618.38257932075,1319.3957337906852,1182.8875549969316,585.3910497599799,True,12.15854586411411,True
0,676,branch_primary,1185.0559499865699,761.1860930202325,1483.5729402841182,1408.4608169224934,751.4097136449237,True,16.835410259871963,True
0,677,branch_primary,783.5350838354002,486.6074326705128,1178.4066065437253,922.3415967694048,502.32099588817374,True,15.51647787356026,True
0,678,branch_primary,1227.1251233048645,765.4299920157999,1481.1141770207428,1446.2776845831806,766.942545294474,True,31.271603928193713,True
0,679,branch_primary,839.1947391768606,527.9358203736784,1453.6156742501594,991.4454300140517,520.1781848430469,True,13.569557306622034,True
0,680,branch_primary,760.7380220683137,473.9419547690533,1291.0574795973346,896.2942121372432,501.36045697746374,True,13.734330753105018,True
0,681,branch_primary,903.6809668564865,544.4354817589855,1223.3875445110748,1055.011508779318,520.2669381459282,True,15.389634360527259,True
0,682,branch_primary,702.4798735010036,446.1253459889116,1090.8963300224254,832.1693319317361,508.7402159336919,True,10.891535039179436,True
0,683,branch_primary,1114.92300888887,700.6379304170435,1443.5682068463607,1316.7941468919466,677.4910421903453,True,10.499694538248955,True
0,684,branch_primary,1030.649075764073,626.0711702966977,1336.3814851613288,1205.9032414128483,593.8315743158937,True,26.7053511732839,True
0,685,branch_primary,1091.9732444394047,656.8783220335379,1306.322431156729,1274.3212689620761,630.6423470726572,True,10.919512735980534,True
0,686,branch_primary,867.7546039194692,550.1747513949432,1213.8688300135072,1027.467911759741,533.6222329113839,True,13.420690666724232,True
0,687,branch_primary,115.10079890240905,73.73015592324627,1429.814056030135,136.69063537945465,885.2872927441753,True,22.551440764473945,True
0,688,branch_primary,1233.3924044116718,800.4611558679641,1497.675516850019,1470.3723628094626,802.2672071607976,True,36.074157130046764,True
0,689,branch_primary,1097.3762498318326,684.6013114869688,1482.4255382922945,1293.411608647709,658.8592709781404,True,5.119730391066311,True
0,690,branch_primary,334.03883570536095,208.17072996064292,1005.660190863543,393.59496512498737,688.0700845289491,True,8.288537068373952,True
0,691,branch_primary,1029.6769697655884,628.9750445749414,1308.6087088496724,1206.5837180915769,596.6814287391044,True,6.9799494553116075,True
0,692,branch_primary,1257.2195766562957,774.7077273432334,1483.6476582594985,1476.7440965628246,785.1658496252012,True,23.083977632197993,True
0,693,branch_primary,739.7734277310481,464.2467830705024,1356.2736805320812,873.3783830438296,503.344910393754,True,3.306828457474764,True
0,694,branch_primary,1022.2150501365049,647.1586958392509,1263.908140670276,1209.850398324494,614.5208210509782,True,6.8909838961848555,True
0,695,branch_primary,1135.2874822960885,682.1599696130144,1361.4542385836387,1324.4696642809981,663.1607960782392,True,28.54481059201615,True
0,696,branch_primary,825.3383068359547,523.3691598000229,1437.2207294937489,977.2914601901638,520.3071798620261,True,12.263248224388885,True
0,697,branch_primary,1122.531127967772,692.7506663852735,1406.6469591243997,1319.082870419383,671.0741272587062,True,32.491919226109786,True
0,698,branch_primary,966.4080057287865,621.3390311600393,1424.6761183900903,1148.9154125433197,589.206865764607,True,24.562372377313107,True
0,699,branch_primary,1226.4760304100143,777.1938840107409,1484.2470639437745,1451.9895958697525,777.99432601827,True,19.18054763730724,True
0,700,branch_primary,950.4422084105977,612.8075735259577,1270.1668560270173,1130.8728990028835,581.8159949536899,True,8.112607611062632,True
0,701,branch_primary,627.2731418407766,382.56636772754666,1433.3419398671206,734.7303043913784,510.56159205235997,True,4.334204247222444,True
0,702,branch_primary,112.99826289344796,72.58004848773732,1450.118565646192,134.29992872454952,887.3356463599159,True,12.07839124464149,True
0,703,branch_primary,1168.6772902214902,710.5176401835247,1492.9834688637452,1367.7141242567504,698.2737129562857,True,13.752765215332483,True
0,704,branch_primary,1061.6111233510487,658.6744875313584,1337.424391372698,1249.347933022412,628.695172194315,True,36.99452571093852,True
0,705,branch_primary,902.3887225843134,548.9776758485464,1484.9107560551354,1056.258441494041,524.9695690443915,True,20.387318659468253,True
0,706,branch_primary,758.0964776730741,475.34300900416054,1265.756703583068,894.7967622144434,503.8529579809332,True,5.777171515217859,True
0,707,branch_primary,632.4234571003874,388.9077879874852,1025.5969520215074,742.4343046008343,511.2131909092962,True,9.873512301379,True
0,708,branch_primary,1276.3399975837333,787.8440784031452,1499.9488205122848,1499.9140246383943,803.968819788547,True,16.408348532208038,True
0,709,branch_primary,1207.3831026661271,773.0804460462205,1491.3408776549231,1433.676160317492,768.6778758634091,True,23.787477403654183,True
0,710,branch_primary,290.5792215005015,187.28388027248337,1255.3404580322035,345.70440520443964,725.4569026107656,True,14.03497168420139,True
0,711,branch_primary,1040.2942878775475,643.299770074615,1252.7511782805693,1223.1299193334721,611.6053391569192,True,19.371591382691353,True
0,712,branch_primary,16.27426552373861,10.449302462063692,1281.658147447944,19.340104453720965,983.4390684903452,True,2.374494408872536,True
0,713,branch_primary,1059.3403309065056,658.1269028068377,1343.9443528247014,1247.129887735526,627.9296352948948,True,8.362722137702557,True
0,714,branch_primary,319.40004773552545,204.88611045108894,1405.4265547628333,379.4663473211185,701.4249082359202,True,4.143660924961103,True
0,715,branch_primary,508.65348975275907,323.2988849130152,1182.9130130384028,602.7026975413825,570.1959312180516,True,12.435155401560793,True
0,716,branch_primary,259.6985545077483,168.17723075631054,1327.2388711625258,309.3976731623482,751.9933450950257,True,7.508933512907886,True
0,717,branch_primary,393.82603971802104,248.86636767706312,1124.4186284542504,465.86845624141097,642.9285003726538,True,7.278853000211816,True
0,718,branch_primary,1036.8344978632656,664.3439117167701,1298.762148279006,1231.4132567885201,632.3901309835966,True,21.239031805988006,True
0,719,branch_primary,862.4466587720772,536.8841560107569,1043.8966702337384,1015.9029659384317,522.1207369595221,True,6.678990121222922,True
0,720,branch_primary,684.4763790994107,421.41467879293737,1041.983164951894,803.8023669081815,500.0302088909103,True,8.550713370586388,True
0,721,branch_primary,1196.2042075080262,760.6564171195378,1431.3000235915865,1417.569289652198,753.7294410003601,True,27.06908109785094,True
0,722,branch_primary,351.45064247030507,216.92620559324257,1043.8204280606842,413.0066982094503,673.5833242265575,True,4.3720918285219526,True
0,723,branch_primary,1001.4697242406546,617.9840617157661,1288.6311757018752,1176.7947608250847,584.9279749259048,True,26.594167550119938,True
0,724,branch_primary,520.5262532290944,315.72049080150066,1379.5275501323194,608.7914327687765,556.1190488536721,True,9.190137860886837,True
0,725,branch_primary,765.0446569893738,485.6506413414944,1103.9488843707154,906.1732023313168,509.692197258502,True,4.327174061951871,True
0,726,branch_primary,712.5673257158978,455.256906637866,1413.157522262189,845.5832571186501,510.4451074670728,True,13.159544873540593,True
0,727,branch_primary,820.3870859290237,493.6238156872605,1094.2967883932652,957.4442240531642,494.1499473894907,True,13.47843911006182,True
0,728,branch_primary,980.7513865271566,609.2427076105805,1333.6964059206514,1154.5778271522504,576.48658425218,True,7.071941678469208,True
0,729,branch_primary,924.7984794031718,574.0674215812597,1159.5377545465576,1088.4877730261258,546.1344693982278,True,11.122275020540458,True
0,730,branch_primary,666.7716334863449,430.48635606816015,1221.3568013290515,793.6642325208384,518.2906551235604,True,12.420154305356641,True
0,731,branch_primary,1115.9373114946886,705.0247166390056,1328.633861922136,1319.9908841571232,681.9865646856882,True,26.656553760680648,True
0,732,branch_primary,709.4909780645364,443.51103825687386,1109.7649968613991,836.7075289554067,502.54214817851835,True,10.87081958968875,True
0,733,branch_primary,1184.0899249991146,747.9568299236724,1499.4808278488406,1400.5385999371379,738.3554401793128,True,16.10455495517846,True
0,734,branch_primary,231.03865350948928,147.4838455093481,1281.749532801023,274.09915012947977,776.887452309095,True,16.48369969236656,True
0,735,branch_primary,985.6486419005676,614.1090512897574,1465.1659097667373,1161.3066658537869,581.2134545429208,True,18.778266478172878,True
0,736,branch_primary,880.0064846085984,566.7644006846537,1216.691362089587,1046.7250349717533,546.908051049498,True,12.590451848357205,True
0,737,branch_primary,1180.2521700825025,724.4476198003848,1425.745154794164,1384.8536163865479,714.6367242199626,True,25.527114808894474,True
0,738,branch_primary,217.29226239426794,134.21725417610227,1147.2949166999324,255.40203330238353,788.675407049921,True,19.98581076090114,True
0,739,branch_primary,562.1567737752994,351.5614367106858,1019.72500759835,663.0352042565573,540.9914683224731,True,14.16025671319592,True
0,740,branch_primary,910.4402801280016,562.0035960264674,1285.8842095875107,1069.9296919079472,536.381509311519,True,8.078767095324713,True
0,741,branch_primary,1273.8853062012086,785.6529616115275,1499.0340363433845,1496.6744300095165,801.0678530981595,True,5.387000130724995,True
0,742,branch_primary,1193.180146938909,768.9975157775659,1467.9512279998232,1419.5196519672506,761.0090213541641,True,18.282279473090913,True
0,743,branch_primary,1078.2090065570671,648.3538477427213,1362.8152228429747,1258.132494494745,620.3140382984398,True,4.330019174697076,True
0,744,branch_primary,971.30043499281,586.3584573304314,1205.8095488872095,1134.5663380781862,554.0146712239717,True,18.958281680385554,True
0,745,branch_primary,1108.5636369068009,717.4564398720456,1452.6885189284048,1320.4760808836727,693.0397778733928,True,5.898351837210894,True
0,746,branch_primary,461.0546235038164,290.69746204192194,1349.956833274524,545.0471358441034,596.8672482227487,True,4.765274804395286,True
0,747,branch_primary,1170.5749987282888,706.222913069662,1421.597602958085,1367.1125157032002,694.572893458387,True,12.16137677561587,True
0,748,branch_primary,471.7110495931633,304.6097136046179,1080.3838605937844,561.5143737524188,593.5077552422283,True,18.239024731620635,True
0,749,branch_primary,329.96352406144575,203.7529719371347,1398.3456025197884,387.80304380479413,690.9073105335702,True,18.37618337971939,True
0,750,branch_primary,1104.1046653144829,670.3628251232797,1479.9315572578564,1291.6785317084398,645.8384781493133,True,37.732256063467645,True
0,751,branch_primary,674.9869059027172,422.0160898843423,1326.360251325892,796.0558417984212,506.5231242766293,True,6.613486921306229,True
0,752,branch_primary,678.6412342695298,426.27837005334266,1236.4839506596852,801.4157308327591,507.4854341358248,True,10.421351863717472,True
0,753,branch_primary,852.3652935432733,540.2188817609167,1451.3384520178495,1009.139749414384,528.0582180352508,True,7.936448922296446,True
0,754,branch_primary,631.3791431211262,388.4630529236615,1151.7217953724414,741.3117872090926,511.65446107620437,True,9.495415776585851,True
0,755,branch_primary,1017.0790107466192,658.9730811929878,1352.6441960641587,1211.8973701755037,626.1616373542207,True,14.863521994405312,True
0,756,branch_primary,1245.4740223700371,774.6569703359675,1499.991972103813,1466.7307053746097,781.3404320281079,True,10.916369130338927,True
0,757,branch_primary,923.1922907360406,569.6240584090007,1162.421756837019,1084.7836528971106,541.9568367564824,True,5.947868250494549,True
0,758,branch_primary,714.4262931923178,461.3707229910135,1343.627429687357,850.4515697191499,514.4811878046785,True,2.807640152525269,True
0,759,branch_primary,490.59437477729597,314.6140687717416,1231.9068442530936,582.8077323030607,581.5586219344309,True,6.645488492460818,True
0,760,branch_primary,757.5607131205609,462.67341500917473,1387.3411874913882,887.673883258928,493.03156741283203,True,8.379610683807236,True
0,761,branch_primary,700.4968503640773,428.32343143302865,1497.6870909098984,821.0705202871169,495.58907872571416,True,3.7262918476829663,True
0,762,branch_primary,753.9627688635089,486.2716144632065,1291.4970483209522,897.1733053680222,515.4287595292279,True,9.17873808400418,True
0,763,branch_primary,491.43447752201524,311.55985734639205,1368.3336397559237,581.8740331094353,579.3493100408255,True,6.090252647589115,True
0,764,branch_primary,629.9647173755856,387.8742353487704,1190.3772640113566,739.7985993400465,512.2648988223667,True,7.74425140911131,True
0,765,branch_primary,928.6860535023327,595.8953256386797,1204.884160237883,1103.426039699882,567.2672312520953,True,15.396099024878078,True
0,766,branch_primary,536.7918992718071,323.8957678826739,1314.434021481533,626.9401977670126,546.4808755693396,True,9.388703015398029,True
0,767,branch_primary,1038.1204521845361,665.2777526038304,1285.318853381855,1232.9998221222213,633.3995441965938,True,18.541895299686814,True
0,768,branch_primary,682.7096705837587,432.3884039310784,1348.8542161704045,808.1164681917141,509.6960892821282,True,10.799139009670073,True
0,769,branch_primary,936.035123092496,578.315968641378,1282.4409498795474,1100.277742776068,548.9320764638778,True,8.530635674622731,True
0,770,branch_primary,182.98521473761673,109.99227212631443,1024.186837179232,213.4991539563586,820.0846981319411,True,24.2589394987896,True
0,771,branch_primary,940.9115724629852,592.8626413144477,1228.0925966650875,1112.1154160702524,562.8557817791973,True,23.935331260567793,True
0,772,branch_primary,1073.1135584176236,655.9565365793093,1480.1714706159155,1257.7168549164226,627.2371658186009,True,26.35486809818887,True
0,773,branch_primary,782.6759140586404,494.14163543268216,1455.8811767772622,925.6119825907689,509.4989200051147,True,5.9017812842819914,True
0,774,branch_primary,1232.0180439277497,798.5531294153731,1487.0340589984455,1468.1810382451629,800.0417007528091,True,36.49272459711935,True
0,775,branch_primary,651.3568227090468,399.8836149469721,1188.7136184559909,764.3118578124265,505.6986268607308,True,8.016789751459122,True
0,776,branch_primary,1182.9165729300748,756.4343569563812,1469.6625231461426,1404.0956359510014,746.2773182619753,True,33.60966628591893,True
0,777,branch_primary,1011.481138212365,608.7456576443881,1189.867701810549,1180.5360514021925,575.8117291803333,True,22.586972623065613,True
0,778,branch_primary,847.4460477902373,513.9066015501649,1355.7861737238684,991.0927297847226,504.30160158907245,True,9.826363908957074,True
0,779,branch_primary,849.4319896155436,513.5607345791631,1267.570648716806,992.6123780629125,503.3763952406927,True,7.276483559171267,True
0,780,branch_primary,1105.1745383504654,677.2461065416911,1444.5926780457337,1296.1763186557775,652.8041564170992,True,18.36597650938565,True
0,781,branch_primary,585.3247171350387,360.99011671437614,1493.9851492503415,687.6909835490588,528.243315864102,True,17.341827289586774,True
0,782,branch_primary,743.2399881280705,478.94119419795095,1342.9453705521246,884.1890903264832,514.2525971484915,True,5.167793298097597,True
0,783,branch_primary,329.88730118507016,199.9075666979776,1452.1670617635982,385.7313400623231,690.0412994313504,True,14.360012155283272,True
0,784,branch_primary,982.9497467307509,600.5774085812243,1293.0125642040507,1151.904261775338,567.7577617824602,True,18.014293869032798,True
0,785,branch_primary,1106.0302455818587,681.63178489713,1489.2544723427663,1299.2015987997836,657.2705346569024,True,9.410602894583606,True
0,786,branch_primary,604.9492113103776,379.61803173848375,1495.5719345915982,714.1942300845396,525.1060031660746,True,8.64938242710892,True
0,787,branch_primary,1170.6872243123878,714.7384694434377,1486.3115837150347,1371.6266463110837,702.8564298603383,True,27.14953747809429,True
0,788,branch_primary,1160.9459907388296,718.2791363525029,1376.1105465309893,1365.1814938431667,703.9927039158932,True,8.704905414311725,True
0,789,branch_primary,558.1792924700358,337.8178615425941,1038.1544588111303,652.4454230964924,536.2839213354229,True,14.311492103664603,True
0,790,branch_primary,533.6367288391795,342.20626558227843,1420.4702523343472,633.9347652321561,559.0678311365637,True,12.531584110384896,True
0,791,branch_primary,1249.9451763493093,765.6209567028149,1492.9253940051294,1465.7893413521058,774.2043239476727,True,17.291389064193652,True
0,792,branch_primary,420.6555065821261,258.1923620016828,1028.4889454366812,493.57304526672965,621.0408679380025,True,7.176922771259915,True
0,793,branch_primary,1145.1915557361367,737.9598905606281,1371.9634761598136,1362.368709052585,719.8083688995885,True,10.951407141571945,True
0,794,branch_primary,908.8293391630077,580.6385164744204,1418.7136426172444,1078.4766360645394,555.0274124915572,True,10.544864186943144,True
0,795,branch_primary,1219.4802446675749,747.2808841091844,1452.1614740050268,1430.2310257051106,747.344576823384,True,12.056439888814543,True
0,796,branch_primary,878.2936585430616,539.0939292787657,1200.267673969508,1030.5445236486269,520.3368713032631,True,2.9350453647215726,True
0,797,branch_primary,1271.7457714505529,773.0238920467815,1492.845105039835,1488.2551007396264,788.4734327868111,True,26.672641295573115,True
0,798,branch_primary,1244.500380644764,782.9978225520762,1470.923892054,1470.3288025289633,788.958443372165,True,8.77272634577447,True
0,799,branch_primary,1044.025983590943,674.1928153545689,1383.333188398349,1242.789687231414,642.680764527499,True,7.990716589795189,True
0,800,branch_primary,899.4886120355816,573.2254579170522,1117.0249017769424,1066.6148268170246,549.337920105047,True,10.00351376203297,True
0,801,branch_primary,1101.802292385098,699.0967820526514,1430.8518016933187,1304.8772364408192,673.8552348408301,True,9.035497704769677,True
0,802,branch_primary,937.7295921180909,574.8182124208284,1138.4708623266988,1099.8876148337329,545.2634790304114,True,10.040471476986925,True
0,803,branch_primary,1020.3022089268165,652.4512837555998,1487.534041145606,1211.077732936772,619.7425097198378,True,10.840097854420478,True
0,804,branch_primary,888.878509270635,565.0101690341971,1430.6326105228782,1053.2528164478074,543.3214987020308,True,10.914216722999967,True
0,805,branch_primary,682.3793647133705,422.3800916484726,1367.9498848742342,802.5251019174385,502.1019895968998,True,12.520031214079198,True
0,806,branch_primary,1083.3814725929105,666.743552770578,1278.6984514287403,1272.1094215195153,639.2177439454546,True,25.78206606760077,True
0,807,branch_primary,929.0992161378489,565.5538902688037,1285.4869682157837,1087.6932270756047,537.1218840618887,True,12.943434099216022,True
0,808,branch_primary,1208.62672201657,750.9685169394802,1440.7213526208945,1422.9308720408035,747.7611604245195,True,24.211802152411938,True
0,809,branch_primary,1052.9074849966814,673.0802157331875,1344.9284294499876,1249.66041338176,642.249000025567,True,11.593842774390732,True
0,810,branch_primary,267.8419555050489,164.7762950455671,1278.5452704864797,314.4686638406319,743.3737814727991,True,9.092044102578612,True
0,811,branch_primary,1225.365963142249,752.9724896287746,1483.0692196243526,1438.2243614142012,754.5270816382161,True,27.26851228630826,True
0,812,branch_primary,309.39188003738525,196.4646952328983,1292.0580461687694,366.49926590107026,709.1446367155467,True,9.427724319196667,True
0,813,branch_primary,818.591518752218,507.58829957995397,1085.6104136298704,963.1915471200585,507.8272705455152,True,10.25295381392899,True
0,814,branch_primary,955.591454968918,592.6004589249945,1191.3621247295068,1124.4244450952353,561.2574132654926,True,20.4175220002145,True
0,815,branch_primary,1232.2236630307455,744.8483005309001,1474.060379109275,1439.852126621577,748.8826418439281,True,10.978384679031945,True
0,816,branch_primary,1097.6813730022482,670.637028538107,1342.70663899048,1286.3352676042598,645.0998090537075,True,12.354868562638893,True
0,817,branch_primary,666.5719882186137,426.66639542923895,1314.7429423439073,791.4306213852831,515.4962292786604,True,10.015435311854104,True
0,818,branch_primary,1069.5579322350616,671.7492039806597,1304.6262326078995,1263.0127328952747,642.5255686712974,True,3.4081975518780907,True
0,819,branch_primary,1000.7000462567357,638.2187368992984,1450.1946235240039,1186.896684091572,605.1604588706853,True,15.97271527282536,True
0,820,branch_primary,1233.359866816995,761.2698067958738,1474.458756484979,1449.3820337695176,764.8544982430674,True,34.88657079432067,True
0,821,branch_primary,1259.7190655888137,792.584387960531,1494.5932011995085,1488.3152005696654,802.87993277109,True,22.507120113715466,True
0,822,branch_primary,535.7374459518512,330.1815153754272,1363.9839457745989,629.3126759335348,550.7394353360804,True,7.278245472002353,True
0,823,branch_primary,959.6384140568107,616.0530660555137,1358.9288383293183,1140.362778211333,584.351484466267,True,15.670315010098879,True
0,824,branch_primary,1081.7176343860035,686.2704299720324,1463.7330370687655,1281.0465032916056,658.3705984337016,True,19.928218020656583,True
0,825,branch_primary,815.1092731921864,507.2691751017497,1104.6969870080763,960.0651765647497,508.78041232173405,True,9.252097581713729,True
0,826,branch_primary,1018.2547918689033,614.6261527997799,1438.7405307063013,1189.3729982093262,581.8704257414873,True,25.08100634901713,True
0,827,branch_primary,965.585643118249,589.6572953266308,1421.1875906778032,1131.3935478550334,557.6271697356913,True,8.075537955339003,True
0,828,branch_primary,440.17525195515543,282.77364795275264,1104.1482652941618,523.1779701117889,612.4942063708543,True,10.354899142593444,True
0,829,branch_primary,1144.5108596657008,699.6726878568936,1350.91502072766,1341.4346715459578,682.2131124889813,True,7.160806878058587,True
0,830,branch_primary,609.0423836899229,382.1504292279945,1063.494888991307,719.0073544059502,523.7224284813602,True,13.784748145578675,True
0,831,branch_primary,803.5422520234071,517.8678250605253,1223.956996818571,955.9640343756492,522.8959965035202,True,10.33154389047746,True
0,832,branch_primary,657.797405623734,402.7685786334753,1276.5279366388722,771.3105436720966,503.40199041589625,True,13.70322533935284,True
0,833,branch_primary,442.33773568816855,272.97822119380714,1115.8237649726273,519.7882084655934,606.5795972169926,True,6.1442269960821365,True
0,834,branch_primary,543.0567197503688,336.9107791786643,1239.997258525616,639.0770485573748,548.2914157496854,True,10.618247685553996,True
0,835,branch_primary,1148.3216207131381,742.6157913807663,1423.7419604297856,1367.523585977708,725.0046859093236,True,5.88948655899989,True
0,836,branch_primary,327.15123853458675,203.5504691109568,1325.1737258926591,385.30601649858085,693.5829605700624,True,13.376455401617626,True
0,837,branch_primary,1009.87183266387,629.905916816075,1440.1676989459702,1190.219552203619,596.9372791123945,True,13.943407279057121,True
0,838,branch_primary,550.9319632314393,341.4304787346705,1057.917031735913,648.1518340011346,544.3014665163815,True,16.883860242534997,True
0,839,branch_primary,820.5285763969181,526.0743012158646,1497.7436722660182,974.6903688267948,524.4784261317013,True,3.1051622975486373,True
0,840,branch_primary,1036.4445695596264,644.6386251354896,1306.939653930218,1220.5639281849246,612.6967424212979,True,11.121752820430919,True
0,841,branch_primary,1007.335421562502,630.5770986754353,1208.9452668135352,1188.4242209364606,597.5695214879216,True,6.144148445377815,True
0,842,branch_primary,743.7562543773072,453.7745886070171,1275.0747988324442,871.2546947884007,492.3232223200116,True,15.268868947347608,True
0,843,branch_primary,1165.2213225851265,736.6925212450516,1399.2511758637158,1378.570492018969,722.8958091315129,True,14.41232996873198,True
0,844,branch_primary,772.0809047183684,472.2668592634539,1377.084518663026,905.0662460777671,494.571828823297,True,8.658379187206911,True
0,845,branch_primary,870.5337317533056,555.8924837564309,1089.4758431024193,1032.8820995724682,538.4928416330147,True,19.904995842894678,True
0,846,branch_primary,826.7219441094637,529.2442621394738,1117.8488252529164,981.6153329485472,525.3907180422784,True,7.015731694515575,True
0,847,branch_primary,746.5763521165941,481.28020958606464,1379.8504545495684,888.2605978421687,514.6343767171826,True,8.473528264712128,True
0,848,branch_primary,944.4226859536345,586.689716324771,1471.9982600134767,1111.8178956039148,556.3584503591691,True,7.407800028696768,True
0,849,branch_primary,779.2747415642569,498.8014749412771,1193.0427891487304,925.241608577799,515.1642103448079,True,8.328650959146307,True
0,850,branch_primary,531.5783978166035,324.0457000016167,1392.8588468566272,622.5602048917076,550.9808839311636,True,8.51341086282488,True
0,851,branch_primary,1233.1750676745319,793.7866253769901,1490.0429545620295,1466.5667233922486,795.8212679481059,True,28.385594010770244,True
0,852,branch_primary,1036.565949914678,670.1153220580002,1393.8803334616425,1234.310946795586,638.1358663047157,True,19.919041202312112,True
0,853,branch_primary,688.2282237972213,423.9429995009526,1264.0171478768557,808.3228036229974,499.65083959567164,True,12.63189994345901,True
0,854,branch_primary,993.929836865622,640.925624400288,1204.8465421614465,1182.6589434932714,607.8911573871873,True,12.03484412764222,True
0,855,branch_primary,469.2539192672386,284.3177031424336,1349.1907371842613,548.6672917787728,586.7215055423154,True,20.312333666073535,True
0,856,branch_primary,1205.3021023407794,775.4061683322748,1493.5381898175735,1433.1810366436064,770.3584742733472,True,35.11443041204464,True
0,857,branch_primary,853.3926215424353,527.0329139110629,1095.0353159907695,1003.0167789467214,515.1149564832573,True,9.200796378448235,True
0,858,branch_primary,1214.407391581388,786.3891427204406,1466.9412567171682,1446.7871980758264,783.3968870778422,True,13.629724999202548,True
0,859,branch_primary,381.12022693190926,237.50562833096254,1137.448303321038,449.0674235184682,651.2557763470558,True,4.634630692659415,True
0,860,branch_primary,790.7334527486521,483.29015203636607,1145.9898967218119,926.7301464564205,496.2575878428781,True,16.054056212509003,True
0,861,branch_primary,1154.6185810195545,733.1928814002265,1451.8089081502003,1367.741155691228,717.1212612573252,True,5.594455858343051,True
0,862,branch_primary,923.0338549194021,576.4448485469045,1180.364462838769,1088.2463695062968,548.7326432911068,True,10.392279368942713,True
0,863,branch_primary,139.52254084861096,85.11861563222232,1260.3596532007987,163.43719935191717,861.5051937254384,True,14.474274759164864,True
0,864,branch_primary,607.1333301203017,392.4212204631176,1474.9492670079212,722.9144450159577,532.0299104312584,True,1.750837947784871,True
0,865,branch_primary,811.9870121138795,526.0524746280628,1071.5813520381214,967.4988960737547,527.4330783095079,True,8.733334804465157,True
0,866,branch_primary,1230.3654225614175,770.404269112207,1485.4320765159962,1451.6617412128244,772.6561892624205,True,29.430500185967276,True
0,867,branch_primary,910.1387801810597,578.4745311522875,1158.669874289597,1078.4179998411219,552.6794611384748,True,17.331335008629775,True
0,868,branch_primary,1268.4161676263036,786.6436996097956,1494.2861045879908,1492.544097985579,800.143756852721,True,31.689324492464088,True
0,869,branch_primary,817.8319294534783,514.6329565025751,1025.0601257513053,966.2795375832919,514.6836763110231,True,2.1399482406749826,True
0,870,branch_primary,497.22172703344756,317.9765887058999,1394.4823018168745,590.2021321540318,577.4204261806846,True,8.414466381467664,True
0,871,branch_primary,852.1773275217032,533.1056978158705,1028.065460075247,1005.1904707993299,521.2833916572732,True,10.131106985600253,True
0,872,branch_primary,803.2712426866549,501.4414095680223,1221.6923489386481,946.9362051146464,507.80802209159356,True,14.787084187947066,True
0,873,branch_primary,484.34927406354905,295.12344400850986,1298.5143431636043,567.179042709911,577.9357416862188,True,6.865131456708351,True
0,874,branch_primary,1029.5450695082823,655.3268268061072,1429.070592767282,1220.4164453499368,622.9944287650118,True,16.6209903831833,True
0,875,branch_primary,1164.5650688179503,712.3449451609056,1413.778172057304,1365.154614103198,699.0640173159227,True,30.40206032226154,True
0,876,branch_primary,947.5452762277827,613.1866219058509,1428.0472105325093,1128.6451540612284,582.444724472824,True,10.127717445301348,True
0,877,branch_primary,744.8427858839761,467.9525799828233,1060.7217474904628,879.6421958932981,503.94294645974134,True,11.37056909054429,True
0,878,branch_primary,1226.1108514536973,766.6465483058946,1463.641191101504,1446.0618071444433,767.8043202348216,True,25.4416189759278,True
0,879,branch_primary,1239.489146174428,751.7722854502822,1452.9602688342934,1449.6533767267792,757.7368581086582,True,14.564170563997818,True
0,880,branch_primary,634.1500887889633,408.6104575730317,1037.9343049421957,754.3930283009596,523.9131340561623,True,15.4497274386927,True
0,881,branch_primary,599.967254706032,380.72188085676953,1275.0352501925117,710.570093152399,529.5830952624265,True,7.990255184556476,True
0,882,branch_primary,772.6835136376598,488.26544337530106,1157.30021204334,914.0256864234827,508.5636323029033,True,8.318503378290686,True
0,883,branch_primary,438.9387226458073,281.56862371407306,1224.4239842182267,521.4864256125659,613.1341113301478,True,6.081371348374476,True
0,884,branch_primary,993.9505464153789,623.6958542859484,1360.4230556745688,1173.4283989118846,590.6619260031179,True,13.90845417243332,True
0,885,branch_primary,986.4382954493622,619.4215547220099,1182.840800981206,1164.7933607225254,586.5064184406679,True,15.471788973864346,True
0,886,branch_primary,1195.6589036091145,740.5751592181881,1429.461060710265,1406.4322878229134,734.2172201305033,True,26.65527200522545,True
0,887,branch_primary,284.26620732916524,179.49987768784734,1468.0425959200643,336.19560187376055,730.0256589090915,True,14.998477421354547,True
0,888,branch_primary,944.8095016766881,585.9381341360227,1162.9884866989414,1111.7501929360549,555.5723797888033,True,20.193576415086106,True
0,889,branch_primary,539.0071311915144,346.35350103063655,1300.8292106107135,640.6944943976697,556.9235523984747,True,5.848555784159958,True
0,890,branch_primary,1186.4160579204404,736.8613350246573,1439.472457923737,1396.6200949240986,728.2114921118888,True,17.581910121516522,True
0,891,branch_primary,795.2787066389204,495.1672577487733,1135.70531495727,936.8344754436155,505.2037420040179,True,2.643949498099393,True
0,892,branch_primary,1241.0649567085259,776.1254411981198,1477.449725650944,1463.7666915341772,781.359746247325,True,31.015022956606906,True
0,893,branch_primary,560.0367692320756,346.2240273066849,1448.7915099288355,658.4164791196839,539.5914593029504,True,6.604976730018158,True
0,894,branch_primary,1151.510571210469,726.5511288521042,1458.4859932531788,1361.562755970406,709.9661551942773,True,20.9480237094778,True
0,895,branch_primary,910.5087089060872,574.7763357711067,1424.80865894802,1076.7515707702914,548.9701430383941,True,9.417573053880767,True
0,896,branch_primary,949.79250554745,576.9318117225693,1267.2474553543937,1111.2857953612063,546.134806305261,True,4.733294532921961,True
0,897,branch_primary,1193.527180976288,749.4090956405483,1416.3671325364962,1409.2980963437046,742.1733578609477,True,16.13477597830226,True
0,898,branch_primary,1230.5586333468707,760.984575601126,1463.865357064875,1446.849015760575,763.7306212605889,True,12.79523869187018,True
0,899,branch_primary,761.032109096853,488.86597110317183,1379.1830774635284,904.5218674963318,514.3969152778184,True,14.647858496101424,True
0,900,branch_primary,120.76636285502528,76.38405930814892,1269.3213126851224,142.8952025563575,879.7544497861754,True,7.6752152459470215,True
0,901,branch_primary,1232.6566327568776,772.0585083092869,1490.0044868773653,1454.481596491439,774.9214140972178,True,32.6719171142429,True
0,902,branch_primary,1108.1433627782076,718.7748950330181,1356.2865188588514,1320.840286408285,694.2759029570763,True,14.634521584581925,True
0,903,branch_primary,1176.6252571832986,722.234598649275,1472.4868660512825,1380.6048715428115,711.5842212058142,True,24.15312959334295,True
0,904,branch_primary,573.414530937716,368.34149371254165,1102.1801958491442,681.5274611348447,542.1467304641566,True,4.38336325710302,True
0,905,branch_primary,1062.219681422414,683.830290723645,1439.1502927793194,1263.3030191178677,653.7906005608734,True,7.416097168219802,True
0,906,branch_primary,997.8931824858792,626.336128231974,1378.7722634846723,1178.1713581565357,593.278617612938,True,14.160721508792253,True
0,907,branch_primary,936.6189859691983,573.1469856405438,1121.070022808329,1098.0676627725684,543.730251617164,True,8.468460300980349,True
0,908,branch_primary,980.864659575547,607.0880154005102,1479.129741168332,1153.5386161057563,574.3293530870467,True,14.804196508873362,True
0,909,branch_primary,971.5660533985272,590.5777220828825,1470.2867077197795,1136.9796136857494,558.2151931373098,True,9.799266006352841,True
0,910,branch_primary,783.4212912206287,490.4668246665025,1213.5011576439676,924.2870904844657,505.85696458971427,True,3.503291142643787,True
0,911,branch_primary,1111.084585624991,713.7770567086374,1343.1139649315814,1320.6008644163092,689.8099975845643,True,5.317818489794733,True
0,912,branch_primary,797.371010109144,507.44596043163676,1180.5299888885352,945.1465127274516,515.6352785092757,True,5.888082556402658,True
0,913,branch_primary,896.5298081156809,542.4423591167651,1231.4763629548092,1047.8594418165544,519.6769152025066,True,17.435020012230222,True
0,914,branch_primary,1195.9055968942678,755.7683424451121,1435.3404219676474,1414.6999625804997,748.933544037191,True,28.493773765941388,True
0,915,branch_primary,1255.482281487798,791.1637543734911,1489.7583737768325,1483.972993475341,800.1704587277512,True,12.009819055580513,True
0,916,branch_primary,1158.0646602539998,709.776885589221,1473.1749634220132,1358.2698497154188,695.0567408912449,True,9.342192312772777,True
0,917,branch_primary,1274.9322865257006,781.4953926320749,1498.1394658163183,1495.3887066347706,797.524180522857,True,13.113996965026185,True
0,918,branch_primary,1209.9536330973176,775.3928553255902,1471.709433702643,1437.0879842011657,771.6016286695666,True,11.222178105577157,True
0,919,branch_primary,376.498491621525,229.74666178097306,1156.0627652036728,441.0608152996414,653.2676420972014,True,14.256010182583415,True
0,920,branch_primary,1054.8994892611388,650.1139166403789,1432.544555352045,1239.1372147800682,619.5404321699865,True,16.256813921877466,True
0,921,branch_primary,852.9560635241352,515.111668544722,1068.0989159715728,996.4306686235204,503.82109721408585,True,1.739905146929291,True
0,922,branch_primary,937.1319283673163,585.1853297770456,1179.9280690704488,1104.833979089942,555.6319168715555,True,6.002039254819141,True
0,923,branch_primary,1061.4438528249823,671.65850867582,1384.7024661058772,1256.1003960578028,641.6006802121456,True,23.621988403791658,True
0,924,branch_primary,833.8075236671693,512.2150590057284,1214.6830990372657,978.5700042389502,506.9798230665036,True,4.943019944228581,True
0,925,branch_primary,989.3286351716881,603.3687313541002,1417.5119298101367,1158.803250921627,570.3990349129376,True,5.752979621629173,True
0,926,branch_primary,948.0110989222719,612.4143321750786,1457.8703380892143,1128.6170111837148,581.6341274359919,True,23.345349893198104,True
0,927,branch_primary,1162.1715066482277,753.3519592236282,1437.1713248325075,1384.9843989486276,738.4431765470637,True,10.460034012541433,True
0,928,branch_primary,1110.0418408709777,680.2484362957912,1311.6704859129945,1301.8950893090803,656.5693000752428,True,8.152325213137635,True
0,929,branch_primary,1072.892667534973,691.7124254613855,1284.5663370323612,1276.5440672330833,662.734428599817,True,25.421964018107676,True
0,930,branch_primary,1162.9850302799032,701.870298758448,1485.139332014447,1358.3652295809181,688.5131814316685,True,24.419062430538816,True
0,931,branch_primary,557.6642787471783,359.0194018730394,1224.7313440943572,663.2377995198144,549.024070520829,True,4.798521684197051,True
0,932,branch_primary,1072.8294027671313,667.9913978223938,1308.0180416354729,1263.794063527122,639.1576301792236,True,7.532753924282566,True
0,933,branch_primary,921.3904821697266,574.5385541862466,1205.7818729881528,1085.8429770824987,547.0770652951857,True,5.655307610756114,True
0,934,branch_primary,1165.245186018342,746.1204802717548,1412.4096463493463,1383.651731694025,732.0811395206786,True,21.93156393644133,True
0,935,branch_primary,706.2262978671814,437.55935928837073,1267.2931744851278,830.7910547785372,499.6020511603463,True,4.826202715660656,True
0,936,branch_primary,719.8716750500531,437.7847682714901,1118.9393491773212,842.5382673029703,491.90286039606127,True,8.447086183071056,True
0,937,branch_primary,929.6502957478826,571.4063198386762,1397.482016710178,1091.217143714167,542.8532974648273,True,19.425313559967893,True
0,938,branch_primary,227.95066931101394,146.48790180679978,1485.4727400604527,270.96164491510206,779.7964002888755,True,12.900445611876762,True
0,939,branch_primary,408.70466529321754,261.2375825602495,1365.6396232068125,485.0614167034564,633.2844991089419,True,2.3252731428814357,True
0,940,branch_primary,655.9886132668275,423.69220651193353,1438.98319745253,780.9200641516943,520.1556604514068,True,7.594519592504444,True
0,941,branch_primary,814.4678710694991,516.5667993366959,1352.9459179138894,964.4683360180574,517.6860903699189,True,8.203967326791243,True
0,942,branch_primary,933.8076736155721,564.6328889838076,1141.034423092153,1091.241068978586,535.6113899308901,True,24.6610861955327,True
0,943,branch_primary,614.8525240177713,383.0034327503724,1498.6098426378785,724.3861234104317,519.9793587559847,True,11.201014625739264,True
0,944,branch_primary,369.3188503083971,231.08166545679492,1418.066920212695,435.65485111886716,660.5166788584634,True,10.235472306568756,True
0,945,branch_primary,1011.790323105428,620.9322206944983,1479.2236270104547,1187.1295129961127,588.0020941938645,True,6.068758579889774,True
0,946,branch_primary,1037.2246096564363,651.5385942523048,1479.9132356300752,1224.882619142429,619.6313248388909,True,15.819020719889107,True
0,947,branch_primary,1265.9106280291487,777.0830394085508,1489.9143236659731,1485.3914528815578,790.2976641916656,True,23.700619359841777,True
0,948,branch_primary,961.6693259451868,608.3971186274096,1393.7553089254727,1137.9608720944689,576.576914998661,True,20.610484078153085,True
0,949,branch_primary,414.4316630372282,255.95027929060052,1398.9615600954994,487.0976789071562,626.0436765540511,True,14.14222774772513,True
0,950,branch_primary,1084.9561148964217,702.5843286527355,1442.9963553981554,1292.576694095771,674.9623175454288,True,20.46622496228045,True
0,951,branch_primary,473.5267952295188,291.10341664385555,1495.416853596984,555.849642423259,585.8202854734898,True,5.770984640258033,True
0,952,branch_primary,711.0695423663706,460.18881889949296,1066.0193550563101,846.9909344976662,515.3684523634495,True,1.478150814743654,True
0,953,branch_primary,1268.670287651604,772.8756630201076,1489.0314679763133,1485.5507696671878,787.2773366111022,True,35.29808094869345,True
0,954,branch_primary,1004.3847766454735,627.3967823865313,1191.8991215382864,1184.2362526566014,594.3576785297304,True,20.315376498815333,True
0,955,branch_primary,1061.7464974294317,687.7062098923863,1339.7847040922643,1265.0080853212824,657.6037298418661,True,23.64226340575182,True
0,956,branch_primary,1229.3528668780418,754.5122784768395,1477.888602412605,1442.4275543934857,757.1973286327053,True,38.526372081663965,True
0,957,branch_primary,531.0897073340951,328.9421120079935,1173.6915897772367,624.7072836845223,553.9955020301641,True,4.107419259770388,True
0,958,branch_primary,1070.3895252021152,691.0601715965572,1423.8435057600623,1274.0870835345097,661.8132200962432,True,9.583193831676688,True
0,959,branch_primary,1229.2710371151236,759.3404530293426,1467.9682531337621,1444.8893405022056,761.7743015522939,True,43.076539191632335,True
0,960,branch_primary,1131.6366949476883,729.8173359278071,1364.0063782806753,1346.5641288750005,709.1853236189139,True,19.72061793635074,True
0,961,branch_primary,1033.1717012752288,648.2540224531137,1418.7710819401564,1219.7036697258038,616.1178044703157,True,16.220105504790247,True
0,962,branch_primary,1029.2588034848295,663.8394795898805,1291.0161699648393,1224.767953211214,631.483703153962,True,9.584569860519354,True
0,963,branch_primary,1031.5042981562246,647.7104086235558,1303.2726725102098,1218.0024181232397,615.4859253015375,True,29.04203489575257,True
0,964,branch_primary,339.1570341463198,203.7979126169846,1241.2886024600614,395.67800418770815,682.0138217125494,True,14.531423919565718,True
0,965,branch_primary,1219.117354440658,776.3107386652492,1483.461409030322,1445.3046346239166,775.0319810516739,True,27.84908179035896,True
0,966,branch_primary,1081.7506785859296,656.3618258471685,1444.1604800216346,1265.304460219179,628.7118233136476,True,22.90997497012494,True
0,967,branch_primary,825.1357784556764,531.1261527488537,1227.0834153066203,981.2971227010979,527.6902084044722,True,7.9840905945976415,True
0,968,branch_primary,587.9542679758972,378.66267128775104,1105.6264046145689,699.3394310761038,537.3760610203796,True,3.484536359830405,True
0,969,branch_primary,412.9825141633663,262.17160339589657,1456.6519500714448,489.1712446903133,629.6351386133285,True,6.033899069801264,True
0,970,branch_primary,1213.571365132097,777.9726846373569,1491.7029370198125,1441.525912465828,775.0755255082324,True,26.155339133807118,True
0,971,branch_primary,773.3789541799457,468.4002943536336,1184.75644106364,904.1647208993709,490.54174198429234,True,9.166220592850527,True
0,972,branch_primary,1097.0635460003145,679.7804664797618,1326.6375288394797,1290.6005991670029,654.0456191996113,True,10.089688277413979,True
0,973,branch_primary,850.1028277073708,546.7336352445917,1425.952948083569,1010.7385841966428,534.9454568866861,True,16.668334022560437,True
0,974,branch_primary,277.8041945868857,177.78400206341558,1363.7895942871437,329.8216516842896,736.018148591387,True,12.1008524197096,True
0,975,branch_primary,1202.1494122645922,729.3920916289884,1481.923689650803,1406.1209168272176,725.2342185873432,True,22.167452910286183,True
0,976,branch_primary,1134.5581769695293,729.8091626056595,1423.5369916252125,1349.0158156046932,709.727631592736,True,25.421706833783535,True
0,977,branch_primary,878.0739331038892,563.0756512718824,1432.9015759566623,1043.1049904260778,543.7370924244332,True,11.676784499190383,True
0,978,branch_primary,138.57375728172698,87.7083117287659,1036.2913317838993,163.99827484911344,862.6124368980853,True,16.843788722966273,True
0,979,branch_primary,1177.4428331178217,719.4689688931932,1479.515291438716,1379.857681958816,709.110793848101,True,30.991025198738413,True
0,980,branch_primary,577.4736892975106,370.0668327211589,1083.4092923809078,685.8755882163674,540.0377417986625,True,3.0877383052932545,True
0,981,branch_primary,737.5827793902109,476.4989385658845,1485.2493364544873,878.1113795569461,514.989993843119,True,6.003568583006685,True
0,982,branch_primary,1032.9083806805913,664.8543310380634,1314.3298377833216,1228.3855275849974,632.6799087022116,True,18.412523332399992,True
0,983,branch_primary,1027.9366395655632,623.4280781374167,1499.666751880674,1202.2130857595319,591.0552263417396,True,12.52430327260889,True
0,984,branch_primary,940.8967350346195,579.7763900483226,1130.2649670053183,1105.1820340813867,549.8437696172022,True,8.237919849575691,True
0,985,branch_primary,788.0265651356863,498.68377388091585,1196.1867524448055,932.5617264780172,511.3777527450625,True,4.213340185155969,True
0,986,branch_primary,1160.573919473812,702.2322500586703,1465.3016487773475,1356.4888335645337,688.2963848940608,True,16.20975622426514,True
0,987,branch_primary,779.3983125791182,471.8804046260054,1333.3415328971453,911.1162636684626,490.90525150294,True,15.497505796535322,True
0,988,branch_primary,810.7027172892838,522.3119404411169,1193.1539302936112,964.3903042583917,524.399374140093,True,11.740743234853126,True
0,989,branch_primary,80.57402709341757,52.00122327958782,1195.9012514848273,95.89734649417748,919.0745659369923,True,15.954131703924467,True
0,990,branch_primary,1068.4004044821556,676.2345805959726,1419.2706373940346,1264.425811303868,646.859950929291,True,13.72500439702123,True
0,991,branch_primary,1051.9740254549874,643.3206482399842,1491.8573179693235,1233.0899426578274,612.5169475853207,True,12.602225520524074,True
0,992,branch_primary,1243.261077425346,772.7669317653205,1479.099526862971,1463.8534207600226,778.8511953018051,True,26.47766639709906,True
0,993,branch_primary,655.7719070345607,395.10871672664695,1247.3047458820818,765.6028292065818,499.195900885406,True,11.194511449316801,True
0,994,branch_primary,950.9468454103844,597.0639652667513,1401.0896702366158,1122.8469536922732,566.0864341935138,True,19.034756422275922,True
0,995,branch_primary,613.2598839738839,387.2503679408615,1377.8966517303015,725.2934114977153,524.0196044324614,True,5.214429333516667,True
0,996,branch_primary,696.595530987392,435.1523492129993,1495.9503354852302,821.3421338377806,503.38999604899215,True,7.832230469365076,True
0,997,branch_primary,1101.8051970673637,675.362623706109,1305.8942249475103,1292.3193745293195,650.4068854959335,True,10.3271377411059,True
0,998,branch_primary,1193.0134278150797,718.7544714040782,1413.986844833443,1392.798990920959,712.4907013078362,True,33.24815167898809,True
0,999,branch_primary,946.0106559523609,584.8658196703805,1342.5188014414048,1112.206899904025,554.3881951927087,True,12.793086157231564,True
0,0,branch_opposite,1259.9466905052786,803.4775802310121,1498.016223714236,1494.3366035967556,796.1645756437862,True,3.9979650541580205,True
0,1,branch_opposite,379.8672552239459,229.10087510878898,1413.6368111932384,443.60606687351265,660.5941884412622,True,14.775458644861828,True
0,2,branch_opposite,835.4914532546546,516.6916349048859,1033.3150710837513,982.3523879149776,519.5574106216374,True,15.52597994717344,True
0,3,branch_opposite,491.20880168724494,296.2332487175391,1076.313301338153,573.6202790180682,588.0414564997936,True,10.426395979947548,True
0,4,branch_opposite,895.072826181369,572.709363926307,1462.427851304064,1062.6153488902644,528.4952603786211,True,20.358142880803847,True
0,5,branch_opposite,1029.3511597608358,659.2687840825268,1479.4161991929802,1222.3743860890702,604.7377989330191,True,11.44609689319258,True
0,6,branch_opposite,1142.7834726933256,728.8096717104578,1408.3035368176393,1355.403114589797,692.5076243179445,True,3.1473852034509884,True
0,7,branch_opposite,644.7201121408007,406.3591092981928,1303.9876492665296,762.0969418049565,509.1605245308038,True,4.19415445047898,True
0,8,branch_opposite,1244.7691961653004,786.7800045296384,1474.196909109089,1472.5736406881886,782.9595733157774,True,22.481488814890945,True
0,9,branch_opposite,575.8492288516488,360.81315347086297,1289.9866313676184,679.5501939420128,534.0327409049031,True,9.121458805185288,True
0,10,branch_opposite,374.51204353909924,235.7069102222486,1062.9991092397586,442.51216738339673,654.789442027093,True,10.905883235713587,True
0,11,branch_opposite,968.5812653496962,596.4540739617955,1313.9302894756506,1137.5003867832493,577.3302324711651,True,13.647140278583318,True
0,12,branch_opposite,683.8671392068404,429.7718575566379,1018.0067457492967,807.6992717804263,502.80855386805507,True,4.334740597064154,True
0,13,branch_opposite,954.1031636645649,576.4341107750724,1408.5961196311398,1114.7148204719358,575.2624826989631,True,4.620744882627859,True
0,14,branch_opposite,585.4090751525611,369.6530567076319,1193.3394403196357,692.3490215233012,527.4267869189925,True,11.457049011979244,True
0,15,branch_opposite,284.01526853791256,176.43228332372382,1465.1805075793652,334.3546371167676,730.8743093361887,True,11.882185841400727,True
0,16,branch_opposite,865.9571995896126,548.0488846314345,1062.7308911552334,1024.8119102873675,520.7964129631199,True,7.051211273309423,True
0,17,branch_opposite,1239.3397371634846,772.3105201731343,1496.982924567935,1460.2830286223805,779.510066980482,True,31.55642926642183,True
0,18,branch_opposite,764.1180047891869,468.8300170537506,1016.102778627807,896.4808476111623,509.8884673283893,True,13.829130877030476,True
0,19,branch_opposite,1093.2285277828357,679.7202265223142,1479.9915715053412,1287.3104521838438,657.8427039399967,True,25.08981590801819,True
0,20,branch_opposite,671.5675601059464,414.81413134419506,1324.722741329564,789.3502083039524,511.3318559889737,True,12.091025967653122,True
0,21,branch_opposite,803.2964576321763,494.74144531227626,1296.9216791473184,943.4268898828794,513.714073398104,True,10.950018966778487,True
0,22,branch_opposite,1069.2511023201162,686.3449088492969,1316.902800534743,1270.5775276291224,632.9941549744134,True,17.354611215316062,True
0,23,branch_opposite,1040.3438544074252,660.687427863483,1478.5524461933032,1232.4054579318297,614.4416115090912,True,31.117109098096652,True
0,24,branch_opposite,1064.639201244771,680.5797189802672,1275.8931686577882,1263.5843393752407,630.448816967912,True,11.852595403359162,True
0,25,branch_opposite,952.598466243975,590.2132322765829,1439.5909054673114,1120.6228167607267,566.7318237305443,True,17.6416894840964,True
0,26,branch_opposite,153.5869093328673,98.24004462019899,1494.3637067051943,182.31852644589108,846.0963799891323,True,22.426218355130445,True
0,27,branch_opposite,780.4375359067349,500.49301712159047,1178.9989546777485,927.1332200065149,494.6171640069221,True,12.347249085429597,True
0,28,branch_opposite,815.060484941811,512.4266721977307,1334.5657938786096,962.7588942685602,508.4134907859816,True,14.229531540004137,True
0,29,branch_opposite,1182.3393433091264,755.4595636235092,1486.463239797079,1403.0842722398677,725.9309371000173,True,19.360523864922026,True
0,30,branch_opposite,774.7982998969921,490.71977109823496,1275.8225525963007,917.1250183426323,498.738812482931,True,15.249151168744127,True
0,31,branch_opposite,1022.8584890333822,630.1852819590838,1206.6667814856592,1201.4045855520544,610.2174835351514,True,11.685139701422345,True
0,32,branch_opposite,1139.4177961008709,691.2275505178352,1374.0619503503797,1332.6921777613359,698.6399771105762,True,28.65602841063836,True
0,33,branch_opposite,690.9693417078975,436.310424578092,1305.826324392691,817.1936231859376,500.0405737696811,True,14.456925913095345,True
0,34,branch_opposite,1037.8872540327159,647.4199819878338,1266.8953880197314,1223.2590016675529,617.1128723022267,True,9.343151633290177,True
0,35,branch_opposite,667.5059705591664,403.8358883144406,1036.028061025205,780.1587309149645,519.8460564846115,True,8.69460331007587,True
0,36,branch_opposite,1099.4542184178779,694.2301413229977,1497.9819396755224,1300.2903781533632,659.4471499745157,True,25.203193163855445,True
0,37,branch_opposite,781.4921299798069,506.13101905481545,1000.0540034004657,931.0738733687255,490.93387118434396,True,9.950071763785465,True
0,38,branch_opposite,841.4507117819671,532.037986922615,1013.1332842727513,995.5419227169932,513.1518841746913,True,4.326294546873472,True
0,39,branch_opposite,1034.9447696526527,638.336141599629,1240.965672073228,1215.97027344573,617.9477791348312,True,18.10566409981061,True
0,40,branch_opposite,1186.821965052281,741.7355572964698,1470.2684884510852,1399.5420728539968,732.87976930147,True,26.284549227148393,True
0,41,branch_opposite,898.4508752950667,557.598236972786,1060.7219244256585,1057.4165542460694,540.2180701028285,True,4.052091450225153,True
0,42,branch_opposite,895.9860166295832,562.6102093405709,1342.464939213503,1057.9797680721447,535.23271769971,True,6.277719234955872,True
0,43,branch_opposite,1134.4462018009872,691.2552086759281,1478.146003815498,1328.458485727833,693.8546748473453,True,35.83674428003052,True
0,44,branch_opposite,1258.7916448817768,762.4532878319461,1497.2577934221883,1471.696783087438,800.2023026557507,True,2.346029315321735,True
0,45,branch_opposite,1032.748645478272,665.5087394244273,1257.066460234487,1228.6055701434436,605.6165806195705,True,11.292721231184915,True
0,46,branch_opposite,901.2125763166714,557.2006311516326,1167.1673430203832,1059.5549306511248,542.6611870853255,True,4.9812798766712,True
0,47,branch_opposite,997.4087036374863,629.5406818854824,1234.7708761878423,1179.4683515214172,587.4440593444835,True,6.576826937834329,True
0,48,branch_opposite,384.6732789852131,234.99409360929644,1291.9727323910997,450.7723988849476,654.1254989811662,True,3.5646687206081253,True
0,49,branch_opposite,1127.317510284888,729.667868955744,1474.9789395228408,1342.855155249938,677.2470464354769,True,17.72163966565955,True
0,50,branch_opposite,836.1589515481123,525.8736648269082,1081.0207155790451,987.7777602338099,513.5890124774793,True,14.633775507420248,True
0,51,branch_opposite,219.39870862967058,133.23068929545013,1216.142220851818,256.6830923892492,790.6298635369093,True,5.082567757597675,True
0,52,branch_opposite,833.7270293934279,522.1331707591378,1189.4758112186526,983.7295398371347,514.4704843371088,True,3.388605448427528,True
0,53,branch_opposite,657.135905805694,401.56601681601444,1289.0091926494686,770.1187340667344,518.0642672211652,True,4.619232491059317,True
0,54,branch_opposite,1055.5822993145503,650.0569870758084,1405.64412880335,1239.688701679688,632.5151996818374,True,3.5850690257903124,True
0,55,branch_opposite,604.0112468408776,364.49725210247425,1286.749750852788,705.469937772352,536.8680588472557,True,4.567240905963689,True
0,56,branch_opposite,1253.1676167746477,789.5030067763507,1490.9216684285902,1481.1293236721597,790.9646526025674,True,21.278528090627965,True
0,57,branch_opposite,633.7955430520631,396.548894356396,1299.6950152994955,747.628126817029,514.7458233710229,True,6.228791169379039,True
0,58,branch_opposite,822.8038154615633,501.9884930167011,1055.1658456268335,963.8457168340195,521.3286261461371,True,13.16530958100929,True
0,59,branch_opposite,773.5218418658483,476.6099445986081,1063.8723708875166,908.5664968145273,509.16635318500437,True,9.036076187908488,True
0,60,branch_opposite,1051.4809280589227,647.288781606984,1382.1683998482686,1234.7448760233456,629.7404714448971,True,20.78021231118225,True
0,61,branch_opposite,1087.844705286424,662.7429121632033,1318.218077879417,1273.8266249542244,658.2325870866422,True,19.696675355419234,True
0,62,branch_opposite,807.4789487267672,498.82358449409037,1280.717437389821,949.1297177332601,513.3866791987105,True,11.34517965544518,True
0,63,branch_opposite,1030.9181945638418,641.4835124126848,1428.5507315165842,1214.2048511598389,613.0036235735045,True,20.35220761074621,True
0,64,branch_opposite,659.2582042936727,397.5972248539439,1404.0708638022563,769.873322787636,522.5343607098507,True,8.676563960817774,True
0,65,branch_opposite,696.8701155346886,437.9522017263706,1063.70762876632,823.061412606803,501.2403704620988,True,8.85278036156963,True
0,66,branch_opposite,353.73962803922325,219.34008433673347,1040.467974555193,416.22325384602595,674.1964744528898,True,6.613642397180288,True
0,67,branch_opposite,743.2618649821825,476.3561265185941,1021.4883403015281,882.8099224683594,491.80614383679597,True,13.545002305099809,True
0,68,branch_opposite,1180.234105586592,719.0283806541939,1438.436836755819,1382.0109826538917,731.1983136089589,True,35.231886313022216,True
0,69,branch_opposite,892.1597915757386,540.64100235045,1107.8191733495619,1043.1882798071326,545.7179207298382,True,15.066527320078364,True
0,70,branch_opposite,1258.9771897125104,810.6111302244483,1499.5442204921023,1497.369015526957,794.5110803459622,True,1.3954462347773648,True
0,71,branch_opposite,525.5674121545431,334.3113397984648,1116.4092252689936,622.8845612444316,552.5224476331792,True,12.50694084721296,True
0,72,branch_opposite,1259.7227469323452,773.0851499651767,1487.8539516591284,1478.0264030914514,799.5811579868225,True,24.98219489654308,True
0,73,branch_opposite,692.3983414800821,432.79143229967866,1139.9533829101672,816.5316204265305,503.82753709869985,True,6.072840567368583,True
0,74,branch_opposite,1165.956155764381,718.34550182815,1395.149906004085,1369.4794694195275,717.4520527584441,True,29.140154364341615,True
0,75,branch_opposite,1197.166940335213,737.9509014222086,1494.5265405634545,1406.335740831977,743.7641423985428,True,29.12660217954008,True
0,76,branch_opposite,982.9767186191912,621.2859781370555,1187.2013725186453,1162.858330140465,578.1690792288441,True,8.199564835289346,True
0,77,branch_opposite,341.50811935293893,217.9216638862651,1366.1182025916642,405.1143630815124,677.7675653004295,True,7.79445004622788,True
0,78,branch_opposite,777.2516394039269,503.1726988684476,1127.3269124890726,925.9065157145453,490.52763343010747,True,11.769122485070476,True
0,79,branch_opposite,1272.8012220202618,784.3150377090896,1495.5547285851671,1495.049507258165,811.0816363940526,True,19.28554779931884,True
0,80,branch_opposite,945.1453418050388,610.0175643969206,1188.4195465608716,1124.9093945774098,550.2525578722503,True,11.515907186136241,True
0,81,branch_opposite,1205.2449437825148,752.3240649540122,1450.9449469907227,1420.7768555344103,749.0306688639112,True,29.196952852347124,True
0,82,branch_opposite,922.9220235233744,574.2590514934323,1356.1163887483945,1086.9951792563832,550.3788605922418,True,9.32534488644739,True
0,83,branch_opposite,1004.3742874218341,642.7588322573133,1403.759833310818,1192.4372627853015,588.1915064040882,True,10.954816713466517,True
0,84,branch_opposite,1208.541760575906,735.4731706213744,1424.7921466531436,1414.7416625517776,755.4040192208179,True,33.93346864359363,True
0,85,branch_opposite,504.063212930329,323.2328624951542,1209.8823407968284,598.7981346217249,561.7463010752041,True,5.641159186468103,True
0,86,branch_opposite,823.702633001197,518.6449542712239,1058.166719930102,973.3851325164694,509.8825988560939,True,5.265061274818787,True
0,87,branch_opposite,247.96176615023415,157.4151660715665,1093.664273532616,293.70831105313016,758.9458327361881,True,13.763931306771875,True
0,88,branch_opposite,501.81005105256367,302.07525438420845,1115.5129019355631,585.7156192630181,582.7258167156286,True,3.819748331592845,True
0,89,branch_opposite,267.2383490433259,168.53533329718823,1468.177398221073,315.94381425974586,742.8738413060593,True,5.26072554956737,True
0,90,branch_opposite,674.1359832117907,421.403151810892,1139.5747771431481,795.0093963074156,506.33617006972537,True,14.148228470330162,True
0,91,branch_opposite,403.93945603515056,255.54559695193697,1095.7371037744053,477.9860209917181,631.50661537978,True,7.192816581632881,True
0,92,branch_opposite,993.5500132111963,609.0040286506173,1494.3453436047741,1165.3443850058447,593.1981300242586,True,15.442925497994008,True
0,93,branch_opposite,485.97182348457204,313.09739867528185,1346.659277487152,578.0991214992014,571.0007821831293,True,12.732633880045684,True
0,94,branch_opposite,789.2093026535056,500.3663265452128,1215.9850966305808,934.4612266622854,500.30410479377144,True,11.168912248746356,True
0,95,branch_opposite,774.8032589935758,498.2793634107553,1478.1562347766917,921.1961865683627,492.8056262674407,True,16.51510302397064,True
0,96,branch_opposite,715.8776873634519,431.26416579767283,1430.432359739776,835.7449634703202,516.0602391605365,True,9.16628599529539,True
0,97,branch_opposite,641.7527811398098,402.1600374281606,1465.002006276627,757.3502015612726,512.0848455654592,True,11.245602452143586,True
0,98,branch_opposite,956.3432716357788,611.8580305962669,1368.6618529065865,1135.3249326990785,559.0960481660477,True,5.349156620885243,True
0,99,branch_opposite,361.76899268928037,230.81118401197742,1127.050465646584,429.12772776462197,661.5588720679598,True,8.864793290192614,True
0,100,branch_opposite,1076.591295742414,672.5190656824228,1458.284428955883,1269.3820196358106,644.3723741642677,True,18.99191201735465,True
0,101,branch_opposite,572.7677616845097,344.48218948085645,1411.5194907178443,668.37929927146,549.4393879074307,True,11.514020896421322,True
0,102,branch_opposite,675.504394975361,430.5785000349032,1326.2643441254531,801.0643122267624,498.53932951853096,True,5.2874708309499034,True
0,103,branch_opposite,512.3380997596576,329.4051682094981,1488.6047645540307,609.0961281345208,556.187706595276,True,6.048042175680723,True
0,104,branch_opposite,913.6360280375684,565.6181797180759,1247.1145237474445,1074.5486107923894,547.7003651367962,True,11.348723656883724,True
0,105,branch_opposite,1133.2431931840965,712.3980618472474,1401.47687706478,1338.5630853350924,687.1219629606121,True,11.106982885956713,True
0,106,branch_opposite,1179.7262668697115,729.1544467887225,1486.6937772569765,1386.8742812577186,728.4868046670165,True,16.26895501916315,True
0,107,branch_opposite,269.3347596715867,174.85325149955491,1173.7177627052176,321.115045314476,736.2245904343894,True,13.04386373632365,True
0,108,branch_opposite,436.8885021661629,266.169829623605,1484.8694861389774,511.5837580756959,618.4158679312776,True,7.812460820280852,True
0,109,branch_opposite,978.0724121452154,623.4642445992945,1467.174338074335,1159.885040723144,572.8104921593697,True,23.480028381754167,True
0,110,branch_opposite,1158.3763129263768,737.7934825766434,1458.235267185837,1373.380830389546,705.8003033978456,True,6.2727016424873385,True
0,111,branch_opposite,932.683336569238,567.5634766779098,1461.2939081826023,1091.799664028453,562.2157467513553,True,16.983265727929904,True
0,112,branch_opposite,856.2405235451863,551.4467176516177,1089.6641266676588,1018.4504487552047,511.19124632169786,True,16.27109706309103,True
0,113,branch_opposite,710.360732042037,440.9840206902284,1343.3080529042202,836.1096077258163,504.88508386348815,True,12.181465124592206,True
0,114,branch_opposite,725.4382783409212,459.539362154525,1378.3985952430514,858.7415915463904,496.3467219108837,True,13.072413037718446,True
0,115,branch_opposite,1124.8941033205758,700.0788268493463,1371.2964830606204,1324.9517377958184,682.2539601748049,True,14.57055066163246,True
0,116,branch_opposite,783.8267584128457,501.14871443064305,1078.200598212705,930.3410241301175,496.26027937565914,True,4.765446031694013,True
0,117,branch_opposite,568.984829316028,348.9484607836273,1002.6018892033195,667.4644292208029,544.3404243311141,True,9.428886273131438,True
0,118,branch_opposite,625.1378506112422,403.29739838094645,1182.8202983653064,743.939596881147,505.60230942905935,True,8.50276871024674,True
0,119,branch_opposite,814.009575295318,507.3025540161325,1296.432159706412,959.1493470694514,511.45662876224935,True,15.076165387683519,True
0,120,branch_opposite,1053.7480277137488,648.1713482096166,1402.8147679940705,1237.138230979258,631.5123184224504,True,6.264934945989698,True
0,121,branch_opposite,1233.4329049155604,777.6177689479686,1466.5160604852929,1458.096747651559,772.9174018534994,True,23.536645014903225,True
0,122,branch_opposite,770.9813043167934,487.17044283714154,1364.2708352855384,912.0017609523353,499.2140911451544,True,8.290732741091357,True
0,123,branch_opposite,1137.9154949501633,709.7760206220939,1386.2299037793593,1341.131489861382,692.3020133767778,True,27.003526164709143,True
0,124,branch_opposite,869.2204797877873,530.2715233250176,1439.7674907057599,1018.2004375033168,534.8754959732152,True,17.279623673610885,True
0,125,branch_opposite,574.5720938524413,358.49525960343345,1314.7613863716983,677.2384677439046,536.0472040413863,True,5.483223301509367,True
0,126,branch_opposite,974.5297719989433,628.7504028537531,1486.2317502480487,1159.7565889448827,567.2607772966991,True,18.645432376097208,True
0,127,branch_opposite,1050.1471600851846,639.1590617521854,1340.3106227081284,1229.3629911685614,631.6088761335454,True,19.38268258349723,True
0,128,branch_opposite,940.1560987301674,577.5931641507334,1185.1344030934329,1103.407156607743,562.8912114902813,True,21.129282963820494,True
0,129,branch_opposite,464.87929809392267,286.71851136833936,1334.7441691783624,546.1870252556122,597.0992473660602,True,9.492486684948645,True
0,130,branch_opposite,1257.6713231803917,810.5061592675872,1499.0257753615492,1496.2143534136453,793.2204707909727,True,43.680863643647776,True
0,131,branch_opposite,1046.201817559754,657.5730678220586,1407.9679520841516,1235.6943726465079,621.0311028570223,True,18.31600541037542,True
0,132,branch_opposite,689.9970792380705,439.9471585191206,1125.6449490137597,818.3211299032406,496.3526967457222,True,4.738791358652533,True
0,133,branch_opposite,1104.0203556298034,683.6655550381538,1332.7519824892106,1298.5605633895495,666.915814661813,True,10.90793913381587,True
0,134,branch_opposite,903.1220489263283,544.4845572710595,1375.7363524082812,1054.558138920539,551.9129481382345,True,9.111672316819012,True
0,135,branch_opposite,1069.6572077600813,656.795110262871,1275.3090929694679,1255.2076955541304,643.2056861082847,True,11.499877189314203,True
0,136,branch_opposite,774.3499567603363,484.40808271493563,1177.812138671154,913.3832963954917,503.45539220368227,True,12.967422157916193,True
0,137,branch_opposite,1043.6624432409403,661.6701034903616,1345.75723243583,1235.7340414848961,617.1804699614852,True,1.253132131788321,True
0,138,branch_opposite,1001.6009885296968,649.2765894045093,1499.9990094367133,1193.6350488203743,583.010530606999,True,4.029067126469483,True
0,139,branch_opposite,1207.7163804265099,729.9778051047001,1439.0569838129595,1411.1861859783016,755.6942071261724,True,32.656538969361954,True
0,140,branch_opposite,1165.9547354476763,734.8778016921651,1475.6478043622028,1378.2219808625784,713.8191308020826,True,35.18380706450845,True
0,141,branch_opposite,1156.6575326754444,745.9335455654356,1447.3092701954165,1376.3260886485689,702.4758836867379,True,14.482589445960077,True
0,142,branch_opposite,756.6098253120836,486.5341325601997,1265.1150385753986,899.5409328679199,491.134807109472,True,4.067379214161256,True
0,143,branch_opposite,829.8018211905639,507.8779254011933,1268.693981904385,972.8879943554637,521.8599135609498,True,8.423734336831911,True
0,144,branch_opposite,1217.1762338766698,739.7216336862591,1477.1670539888426,1424.3265354748053,763.058630555623,True,26.8934746146023,True
0,145,branch_opposite,404.1344634685473,261.92661308685456,1439.4152821841467,481.5913363072071,625.1387852759312,True,7.011175032377531,True
0,146,branch_opposite,476.70861408764756,290.89862432921313,1296.5282959512456,558.4560075619156,592.9780127155962,True,10.090620403605755,True
0,147,branch_opposite,952.0397004925477,618.0899625334384,1293.8787986875363,1135.0836062152107,552.3147650527319,True,12.518602102231169,True
0,148,branch_opposite,1153.3703562263372,704.001941613356,1363.1779778541245,1351.2519796163272,708.714139708769,True,22.93218020975648,True
0,149,branch_opposite,817.96977532421,524.6551995911709,1049.5516941899232,971.7703596025091,501.57713891895577,True,9.490255608630928,True
0,150,branch_opposite,1016.7135770840389,614.0730374425744,1280.7881273544685,1187.767735351054,611.5673849707044,True,19.528945433838746,True
0,151,branch_opposite,1009.0874669739984,619.4137311855261,1446.3849151321456,1184.0316238957369,602.3692533043185,True,20.196640233934282,True
0,152,branch_opposite,1139.4912170521716,691.4605263508558,1462.4796714112044,1332.8757981299088,698.6463754846981,True,18.001991816356696,True
0,153,branch_opposite,1185.1202390610306,760.8362261830985,1410.4670423361333,1408.3258657372637,727.7403632021646,True,11.61028195402525,True
0,154,branch_opposite,966.3561881558428,587.3938968061804,1381.3654351532718,1130.8739418663074,579.9792072904288,True,8.679627920200769,True
0,155,branch_opposite,754.1580468099762,474.2716092161502,1109.7145941957497,890.8916426124531,499.6969329290656,True,7.902248605925812,True
0,156,branch_opposite,805.7200896427083,521.211647054434,1367.5948359674967,959.6074425925686,495.6180467339722,True,11.43295258820127,True
0,157,branch_opposite,540.073343600797,331.20400263954485,1076.3733032991518,633.5418753583698,557.3066637359588,True,15.138444669292129,True
0,158,branch_opposite,565.8583412324987,360.7185717742573,1247.4342559021168,671.0540591973607,532.1950921508101,True,6.475544501330243,True
0,159,branch_opposite,832.574843488248,520.225336901115,1283.8659083070438,981.7409389260281,514.9968534726942,True,16.88450200374311,True
0,160,branch_opposite,1163.3392505825918,706.8495714961444,1477.3735144176549,1361.2474164053901,717.6538290129873,True,3.199861084266802,True
0,161,branch_opposite,1048.6618825016044,654.3765024875723,1403.3072535426722,1236.0826634249331,624.490075828502,True,26.659583766656244,True
0,162,branch_opposite,1161.1696499915138,731.1502347967876,1421.7708109858797,1372.1864384641076,709.9322705177609,True,20.858235796486888,True
0,163,branch_opposite,543.1934627312601,341.2524325668203,1477.6544470089143,641.4922919932468,547.7649959554333,True,9.032449360016223,True
0,164,branch_opposite,555.1047581145435,358.83822802656164,1268.004475646013,660.9887793106994,532.1747764241067,True,12.545399917177278,True
0,165,branch_opposite,742.8245686050328,459.3262254643013,1169.9886304145832,873.3664300409853,505.7671659664744,True,8.782781133795138,True
0,166,branch_opposite,949.1422913949223,585.4495635272729,1204.796682670847,1115.1781385718955,566.273797107192,True,14.198559748067801,True
0,167,branch_opposite,576.0560582850151,361.42991327338564,1316.8453581516874,680.0530600590484,533.4706561564207,True,8.022825439703725,True
0,168,branch_opposite,856.8971161467285,550.7483805397708,1157.290756492851,1018.6247819132225,512.1441669982338,True,16.4975153360648,True
0,169,branch_opposite,967.8206097832682,605.328852128149,1467.1967944227913,1141.5339469065473,572.3000220125864,True,10.590298288342188,True
0,170,branch_opposite,1122.058258684353,682.9261760223699,1442.8907840716945,1313.545925264244,684.3603667207337,True,18.976357086461658,True
0,171,branch_opposite,796.4675222507533,502.34925259641676,1350.2712197602016,941.6556087999651,503.49298912870614,True,8.059718996584849,True
0,172,branch_opposite,661.981824164992,410.61181813683834,1135.0836153449293,778.9878052437344,511.4742366914308,True,6.027701871416376,True
0,173,branch_opposite,908.2535403227711,545.931053500967,1125.8156444706065,1059.7005278311053,555.0872885914353,True,17.89150049819995,True
0,174,branch_opposite,151.9953228628783,95.59557273196339,1042.2086609594717,179.55804548430214,849.1429718839257,True,3.872250094393392,True
0,175,branch_opposite,538.254077648191,337.6792405455836,1464.2422808746078,635.4090978262327,550.6511018985742,True,5.399444130388745,True
0,176,branch_opposite,721.2255902404897,453.5189978708007,1294.6711278391917,851.965864015383,499.35185404088367,True,4.29209805420588,True
0,177,branch_opposite,507.5685060312211,319.74615249518143,1324.0993517672848,599.8861478232661,565.4612299821998,True,18.25180890327107,True
0,178,branch_opposite,609.4978667333907,394.7951838522609,1344.0834309433744,726.1892912633004,509.11819266989545,True,6.64335963327175,True
0,179,branch_opposite,823.6369202235305,527.0778400652896,1180.162102322527,977.8490813224673,503.83113924748056,True,16.055603570400756,True
0,180,branch_opposite,197.43670298491054,127.58913235236064,1229.4522777108475,235.07496332017152,803.113555805928,True,15.945721783935033,True
0,181,branch_opposite,867.3795081567482,522.513897783276,1139.7650001461318,1012.6045548717003,538.667587357281,True,6.051007949627133,True
0,182,branch_opposite,808.4983307545663,503.37369424887055,1065.2001752492747,952.3941552186654,510.66289615334136,True,14.506250800248685,True
0,183,branch_opposite,1131.7737519338111,734.1497545165746,1457.3869139385888,1349.032129944681,680.5874994296433,True,14.46753720489768,True
0,184,branch_opposite,407.07358475504753,256.0840555241193,1488.2011708847688,480.9240552301424,630.6612012698422,True,16.12253146093615,True
0,185,branch_opposite,929.9432865349117,568.3282470107453,1196.8869052523096,1089.8584827956606,559.5208369386729,True,11.32546613542084,True
0,186,branch_opposite,1082.5964750672038,663.3401372546064,1316.0496730493894,1269.6595077109826,653.0897224695768,True,16.721801048268038,True
0,187,branch_opposite,552.0764525255186,346.52615242034955,1259.4133331511982,651.8195944771932,543.8467133544506,True,10.715940103375234,True
0,188,branch_opposite,1255.8474183034723,788.9691871428209,1487.2582720981309,1483.1133187724733,793.6890136071233,True,14.636814739087338,True
0,189,branch_opposite,1249.3870338741183,776.90927789685,1475.0358936651905,1471.2430072883856,788.8189825609937,True,11.38088512055476,True
0,190,branch_opposite,1074.012902408185,645.3642599041315,1309.7191454733093,1252.9959068172811,651.3798927078392,True,10.445352620012596,True
0,191,branch_opposite,1214.1652904318812,747.3500369584303,1490.6091999143048,1425.7382053628576,758.6929624822869,True,7.9031568548924644,True
0,192,branch_opposite,1246.1583233181982,788.4631374477417,1499.8127949437014,1474.6473089824426,784.1315694700694,True,21.252694230672137,True
0,193,branch_opposite,712.4165542375048,436.4943477145529,1163.2363507032417,835.5026405334651,509.8105138474816,True,10.807970036744841,True
0,194,branch_opposite,857.3593968672808,541.7145975256847,1191.2884220857957,1014.1596721271469,518.4117986307983,True,6.4125718032917645,True
0,195,branch_opposite,1115.9096434744524,694.9388395574605,1464.7972390739858,1314.6080492392969,675.0258544284254,True,11.706245891978131,True
0,196,branch_opposite,1113.5026482569222,671.5397172214887,1309.6332394046613,1300.3283198796742,679.6560145455753,True,18.579706492018367,True
0,197,branch_opposite,980.7071155540109,629.5665994084238,1305.6675501641812,1165.392873493293,572.4222092193073,True,20.84382217061234,True
0,198,branch_opposite,1066.300854240359,691.4608789556997,1432.830976058984,1270.8720072768572,628.6075321551596,True,9.090332168691294,True
0,199,branch_opposite,1170.452063602162,749.6495083377754,1468.3347430129045,1389.939717592683,715.3009565682829,True,24.707852856150726,True
0,200,branch_opposite,429.8314367522962,265.75339986300895,1330.0444687097897,505.3512971778063,619.2249162433461,True,7.966311565066753,True
0,201,branch_opposite,1114.6151942183394,674.1648487358267,1317.4605887060845,1302.6378139964258,679.8989611233171,True,25.919423155363617,True
0,202,branch_opposite,463.90752246346824,290.6830228543892,1183.9340526291585,547.4548466987562,593.1404405110978,True,7.593130616692408,True
0,203,branch_opposite,895.9165746858375,543.9541356206953,1355.0177992262597,1048.118605147176,546.5778286177417,True,16.207305581468784,True
0,204,branch_opposite,1156.313002879793,715.0836278710276,1496.814709313692,1359.5603537460463,708.8416955355297,True,21.621185931644998,True
0,205,branch_opposite,967.1879989319059,608.9294407856025,1322.9089167033226,1142.9119341110106,570.0023728214829,True,16.019040664659105,True
0,206,branch_opposite,814.9185307323949,512.8755703454357,1278.6163186821561,962.8777504897499,507.9886760756796,True,9.718670237045686,True
0,207,branch_opposite,891.09039979981,543.7678158079074,1436.965256107976,1043.899199216039,542.9230141557226,True,18.19002163685743,True
0,208,branch_opposite,1116.9141145353206,697.6924801116944,1348.6212165632835,1316.917588937374,675.2260738017358,True,3.292121288018824,True
0,209,branch_opposite,666.1571058216389,419.4477673898878,1330.718973621336,787.2113561204663,504.93587141508806,True,8.103714408247775,True
0,210,branch_opposite,921.9854249321147,563.0875123115848,1180.3649266517893,1080.3354434195433,555.9734274687958,True,12.142416108462381,True
0,211,branch_opposite,1206.4284955209905,736.5406550623187,1450.2044288602074,1413.4927843341366,753.1225439909275,True,15.942330479773739,True
0,212,branch_opposite,871.8463750558192,541.8132559077357,1312.6425387569907,1026.4880447308258,529.319317148119,True,7.787992724972255,True
0,213,branch_opposite,570.2913891985418,365.9109129331996,1114.2616254943482,677.5862046984208,527.9347302479287,True,12.017303673132954,True
0,214,branch_opposite,319.86827273063443,193.94333322079896,1307.4532360864887,374.07182251604223,705.5591746610094,True,13.04344362811046,True
0,215,branch_opposite,1180.1988946184658,725.2679517647919,1418.0366708010094,1385.237536567554,729.7831193935585,True,8.726813662897825,True
0,216,branch_opposite,167.34418017821787,106.82104669098322,1125.3192349086962,198.53163641011238,833.0746330212946,True,15.748135958367719,True
0,217,branch_opposite,1159.1190878952161,714.8261463876843,1463.4147098720186,1361.8125713483867,711.6285377845461,True,6.092921091170329,True
0,218,branch_opposite,333.6973137822731,212.8348063928557,1450.7781616039344,395.79357250691834,684.2542723642986,True,4.271786417634505,True
0,219,branch_opposite,757.4114425110666,482.1978162019607,1246.2950267697247,897.8790715885044,495.1173935040803,True,7.1300059864282,True
0,220,branch_opposite,945.7109695130969,604.4217941426025,1181.258054621227,1122.361324659739,553.5464044210479,True,3.389868386173322,True
0,221,branch_opposite,870.5493158902932,524.6373642652045,1234.517415419319,1016.4155033155478,539.607095900097,True,9.397357399306461,True
0,222,branch_opposite,1007.2767524498616,610.6697679312962,1433.4704172301044,1177.9320954499894,604.6421520594491,True,0.7110760028142663,True
0,223,branch_opposite,857.3323377000438,525.3995671794682,1090.2342285612463,1005.5165053138584,529.3000100098573,True,9.5082142635718,True
0,224,branch_opposite,257.30704688377796,166.56722218125446,1093.9353470225333,306.5151805069858,747.5052546126004,True,2.3016402054086846,True
0,225,branch_opposite,1192.2344602080577,769.0059756414807,1490.1195174502723,1418.729431103727,733.4301347290643,True,25.37361528965312,True
0,226,branch_opposite,1095.355898412582,681.9338476901128,1445.0948858609038,1290.286137572855,659.1841444599328,True,32.32498708839683,True
0,227,branch_opposite,852.3735123158194,530.5152787138372,1340.667389254001,1003.9855902583597,522.1871422051375,True,4.475364484618313,True
0,228,branch_opposite,737.9245678680235,477.7270541939292,1473.2299520206489,879.0653025640464,487.69509755015156,True,5.6697815986793145,True
0,229,branch_opposite,1047.8177365796926,630.807841922014,1430.185411788629,1223.0456011618285,632.7545812812217,True,9.13206740734835,True
0,230,branch_opposite,806.5689393665739,521.2092217040902,1090.522594418374,960.3189609396991,496.19888912010526,True,2.3678529300571065,True
0,231,branch_opposite,1223.042754482408,767.3603714868425,1499.1956431748918,1443.8405448734084,764.1229337459316,True,2.6933156310349147,True
0,232,branch_opposite,1266.8347825870235,780.8562971424077,1499.4989639288196,1488.1555440071656,805.5953062627461,True,25.734412712132873,True
0,233,branch_opposite,721.1417433199437,466.06797351861655,1069.4009244853237,858.6412346831926,488.53642154297717,True,10.858389972149329,True
0,234,branch_opposite,441.2775111359921,275.2542091100347,1327.2579690906518,520.0872248644129,609.1358416143862,True,9.022887278744175,True
0,235,branch_opposite,1262.845897447699,775.4875790641424,1486.2034022905455,1481.9449200234294,802.346458829076,True,26.706061706754024,True
0,236,branch_opposite,515.9206610772753,311.44256220227464,1140.8908246267547,602.6363730123917,574.3833012662735,True,6.5882717216623226,True
0,237,branch_opposite,862.5594058693225,559.032599301675,1372.531576897756,1027.8745914437352,511.1554255578995,True,13.000538218884012,True
0,238,branch_opposite,1195.2691110618064,743.4894604620939,1408.9618491410467,1407.6380307723632,740.8342716493871,True,5.916665666104346,True
0,239,branch_opposite,614.3943624616916,390.2288497291537,1278.2538988824717,727.8454422373248,514.8780220453971,True,8.20814833948196,True
0,240,branch_opposite,261.17040746342207,159.3570678367448,1482.9997261950687,305.94878134115,753.3572295927335,True,20.91177299201632,True
0,241,branch_opposite,880.309134039934,556.9173723783049,1339.2053571355286,1041.6818761651245,526.2941107819418,True,12.39232455681206,True
0,242,branch_opposite,887.8988213657676,563.7570350391298,1176.9820310904454,1051.7539215704546,528.0900898907207,True,10.267192066796905,True
0,243,branch_opposite,1250.0864915496288,793.1977476845491,1499.9648693688055,1480.4995451828759,787.4718981486787,True,27.453076248092636,True
0,244,branch_opposite,273.946871100689,173.4517438791017,1145.9930736129895,324.2412614713911,736.3463830972383,True,7.117729956916314,True
0,245,branch_opposite,1073.3039493778756,679.8114015543433,1331.9089012730087,1270.4821562829704,638.9020336806012,True,18.100050591709948,True
0,246,branch_opposite,1096.4777092253998,702.699884933944,1368.040398706365,1302.3250343575364,654.201626269258,True,33.98193315364872,True
0,247,branch_opposite,731.980823753776,458.04071276669384,1214.0282481842264,863.4797165510475,501.0463194534368,True,6.159187660222236,True
0,248,branch_opposite,921.8643919958422,560.4975750732099,1171.1387318444697,1078.8843723461807,557.3728975299113,True,17.90105652778969,True
0,249,branch_opposite,1063.2356200864315,684.772567111148,1276.9088749938896,1264.6673287819885,627.7784104930889,True,4.68636820137806,True
0,250,branch_opposite,1222.2442505518732,738.9871253055057,1479.2237216595672,1428.279727285382,768.1742058086461,True,12.269876626108905,True
0,251,branch_opposite,663.1891583315364,399.0517753810496,1047.9481345564614,773.9910717593965,522.6376889846193,True,8.018718177541583,True
0,252,branch_opposite,1162.7141944476177,750.982806038321,1443.7434013949887,1384.152980322321,707.4503509074711,True,16.216918675977677,True
0,253,branch_opposite,618.959656763524,388.8569984830265,1087.5459477711486,730.9725179307686,517.5078955102676,True,11.64725447777227,True
0,254,branch_opposite,951.8086945873754,591.346276313317,1451.8371275607838,1120.5490661286321,565.4695941022927,True,19.81957916200087,True
0,255,branch_opposite,974.1386511250682,605.7506954177635,1326.8785667897225,1147.11813542236,577.6246094760832,True,7.761570471234527,True
0,256,branch_opposite,478.27002966967507,307.8116595292706,1279.5885930333284,568.7620231893085,576.0930618279406,True,10.905170855306812,True
0,257,branch_opposite,964.9431003781003,582.0510125441834,1383.5944262892983,1126.8977629629983,581.5195463492388,True,7.463547040060693,True
0,258,branch_opposite,873.2022097558927,551.5509039472081,1401.2960470048426,1032.8070965904312,524.1284399326654,True,10.141109337647867,True
0,259,branch_opposite,593.98075961951,384.98013737086404,1478.4738610789325,707.8296751113642,514.5306469221456,True,6.712540626678845,True
0,260,branch_opposite,160.73857533049156,101.03545478524448,1103.2271525207132,189.8553468378947,840.8633186399979,True,7.553024608732835,True
0,261,branch_opposite,1178.8847745817327,709.1036631755089,1423.8547163054654,1375.7170191829234,732.1882460496147,True,40.01308307356167,True
0,262,branch_opposite,678.9306813350693,433.42406663642066,1190.7207771217222,805.4832658707155,497.39812624656093,True,11.965187679908786,True
0,263,branch_opposite,644.1128953079924,402.1045502070607,1186.4492416893147,759.3217310200382,512.943268157516,True,10.069822321496005,True
0,264,branch_opposite,1166.9097445786456,709.1932751860741,1458.7111007527858,1365.5158195941015,720.5430496681604,True,35.2895095500796,True
0,265,branch_opposite,1101.7939434812006,683.8849641883978,1421.6789979720634,1296.7839211429255,664.7263390089064,True,10.809653482508702,True
0,266,branch_opposite,1133.710016757555,717.4342459148933,1472.9417548391925,1341.6446248198095,686.3358447878694,True,17.449285133452058,True
0,267,branch_opposite,491.36275859575966,305.82942643582516,1390.2848048261862,578.7650633969716,578.4592202242579,True,9.44021636413367,True
0,268,branch_opposite,1271.205066988547,773.7983601494243,1498.9248437341835,1488.1956270958783,810.8573371633325,True,41.3777456583301,True
0,269,branch_opposite,725.4586908025835,443.86988826005086,1440.2803500946663,850.4768014266989,509.8159717556325,True,1.6734630292801038,True
0,270,branch_opposite,853.8167854012444,540.1435386579444,1436.0705032639028,1010.3257620128475,516.7987249159364,True,2.762780177798218,True
0,271,branch_opposite,891.4885974243317,562.2205164763594,1107.5578400060108,1053.9657624821343,531.8775448188993,True,12.867261122412783,True
0,272,branch_opposite,337.02932533014615,208.84526811794305,1129.529780973155,396.49099882311197,687.5250748109233,True,14.598987581187052,True
0,273,branch_opposite,657.5116966196327,418.0184699834843,1177.2947319782777,779.1412403659308,502.9269040021759,True,7.346539177659474,True
0,274,branch_opposite,961.7562385834692,623.0846372982787,1167.0591446175972,1145.9535451715967,558.5033309807309,True,17.54166375335671,True
0,275,branch_opposite,884.8727826382624,566.3687894008955,1426.9558573742402,1050.606228356475,524.1002986456024,True,9.383820794685526,True
0,276,branch_opposite,421.06508890350585,263.76894773606716,1067.4295592869232,496.86000732913635,621.8036488174974,True,9.967910596098816,True
0,277,branch_opposite,1124.2586586759703,708.8011701181147,1438.5183409838733,1329.0435020602977,679.3428982016428,True,6.399625100392966,True
0,278,branch_opposite,782.0551809799983,495.1165644096569,1140.8846351385473,925.6082964464396,499.81072830737793,True,15.803555911524114,True
0,279,branch_opposite,593.0262160109314,378.53587734412133,1043.3175326566104,703.5406905879202,520.5502918481416,True,13.079114620185575,True
0,280,branch_opposite,1197.0541641573,745.2765578415676,1485.1338824699646,1410.0978049747143,742.2514696683244,True,17.451560962231646,True
0,281,branch_opposite,501.35580912411825,314.041485676977,1321.4584260922609,591.5908231782355,570.7535051230316,True,6.15412271474391,True
0,282,branch_opposite,1001.8799224733162,642.484477681764,1247.8213475562673,1190.188927488887,586.0300454302338,True,14.269738380235077,True
0,283,branch_opposite,1163.1192299459206,720.1377203147472,1490.3180331084761,1368.0075581991907,714.2790995836405,True,27.66035144672576,True
0,284,branch_opposite,437.3379757460792,281.82252952088817,1283.2859300668215,520.2772752823537,602.7603848244889,True,15.675560443811246,True
0,285,branch_opposite,1150.508334189909,742.4575527436214,1443.8779226238585,1369.2744957335935,697.1438111770694,True,37.9962720833268,True
0,286,branch_opposite,758.2631302917126,462.73555107622644,1009.705472629488,888.3057834944034,511.5139874002502,True,15.133872216737169,True
0,287,branch_opposite,831.5166602398023,537.3707238310732,1011.9329333975876,990.0440652249204,502.27216601645114,True,12.073554617034373,True
0,288,branch_opposite,1258.915496887448,785.0584851121116,1485.1029689828192,1483.6391250401473,797.2101689488484,True,26.45570785510894,True
0,289,branch_opposite,763.6369391970676,473.2222399457522,1194.716779274449,898.3766822917551,506.0388782587475,True,3.0551794712950513,True
0,290,branch_opposite,1248.3134811424616,754.3840561857638,1481.4810907940137,1458.5547132107513,791.1269274758776,True,9.357815088741406,True
0,291,branch_opposite,1080.195786717558,657.844932631411,1389.0650550099817,1264.7461773143216,652.7124576409351,True,10.554878795289214,True
0,292,branch_opposite,963.5352052805986,600.7358044977964,1435.0752539850032,1135.4662472397583,570.8237387573362,True,18.648893012420807,True
0,293,branch_opposite,1129.2769360230486,705.2680739573609,1359.4502160708635,1331.416333975639,685.105259780215,True,28.99812455584493,True
0,294,branch_opposite,1160.1535581050332,729.1749617912467,1437.4945789247322,1370.2745722252291,709.3679519664377,True,13.139774116954044,True
0,295,branch_opposite,1108.6802584305601,702.7648708917163,1471.853270295845,1312.6501358675525,665.9181418675095,True,33.12104014553221,True
0,296,branch_opposite,370.3820191548564,231.05855178122775,1026.8264212257836,436.54426403798584,659.9879159943355,True,11.478326747521919,True
0,297,branch_opposite,364.35667056968435,230.5343886659694,1257.2070407592873,431.1634118825689,661.4222749115562,True,15.120852535598672,True
0,298,branch_opposite,818.5027562150703,516.7713368480036,1132.510612306592,967.9872811764313,507.62027686098793,True,15.962516101054563,True
0,299,branch_opposite,241.68790218642565,156.02888230782023,1483.7478070735665,287.67699626056805,762.1109356878139,True,17.514319924725942,True
0,300,branch_opposite,432.1559003834287,277.7164559937662,1045.4778564536598,513.6975298421722,607.1437970036521,True,6.763815404726488,True
0,301,branch_opposite,885.3456902220379,553.0511640412869,1206.8670015275125,1043.8882034213045,532.6427259070388,True,6.744840020159739,True
0,302,branch_opposite,924.0036888034804,556.3554983894076,1140.2758284228155,1078.5704694226358,561.5222316162284,True,12.555589426633384,True
0,303,branch_opposite,672.8642609620587,428.4990689138385,1202.1588395578976,797.720355600911,499.3407559461861,True,12.628260868522881,True
0,304,branch_opposite,1177.726954874589,744.7593076776923,1475.7700693979339,1393.45154440717,723.372117251499,True,21.215988504153053,True
0,305,branch_opposite,355.59372990346645,225.52970901176863,1027.9245861551233,421.08259331583923,667.7827975784928,True,9.044471478663866,True
0,306,branch_opposite,1206.1038739487458,766.8201026805308,1458.5013337411276,1429.2304309064903,747.4707378263246,True,9.43860845290466,True
0,307,branch_opposite,708.5570271269511,451.4885132413186,1424.727630664965,840.175540158031,494.8175020083898,True,9.454709197507379,True
0,308,branch_opposite,1158.8275652889906,748.2724164904157,1404.3476290516742,1379.4176073089743,704.1499019399504,True,7.6713656952867355,True
0,309,branch_opposite,1167.1072031107324,711.9499237792007,1482.284881013891,1367.1181066470322,720.0717193159578,True,23.690357398083027,True
0,310,branch_opposite,818.1945403208802,501.23207278105997,1025.2998134315085,959.5185754300404,518.758890420581,True,15.780882712965202,True
0,311,branch_opposite,1215.9409392657396,742.3722664981561,1436.4261752374018,1424.6504658505041,761.3487267149766,True,18.691421568328565,True
0,312,branch_opposite,681.3927452315316,441.5033688940712,1381.4726561122409,811.9244410651629,491.15988225330443,True,11.91790679675954,True
0,313,branch_opposite,1209.6059697672447,747.4962173996514,1438.3486957047912,1421.9343153336386,754.1820070649793,True,19.09729293635962,True
0,314,branch_opposite,1184.2925759485777,754.1465411185195,1414.0456716927065,1404.024896833366,728.0861665716611,True,34.76615596206098,True
0,315,branch_opposite,1022.8669676138637,616.7957366054954,1360.4841487782357,1194.4428886013332,615.9106416455523,True,19.122097987559826,True
0,316,branch_opposite,566.7805167796541,355.028417370553,1200.2794961163243,668.7939378774687,537.9577691173023,True,16.999445529011673,True
0,317,branch_opposite,1076.13584694462,652.7281398997459,1324.7572906275536,1258.619237774553,650.7045730532633,True,4.348213514709228,True
0,318,branch_opposite,481.9113355978981,290.98509310287244,1011.6175709979966,562.9483633388033,592.9921498095023,True,11.284269290546025,True
0,319,branch_opposite,251.22610913275795,160.10601129443717,1006.6830824934976,297.906852493525,755.4282818769439,True,13.398690938278865,True
0,320,branch_opposite,1275.2674066268492,789.2661721776185,1499.8347048165053,1499.7493287041937,812.9385751235791,True,4.4207894825195995,True
0,321,branch_opposite,1226.0752054042832,763.0390104139854,1464.9791908482312,1444.1222042198192,767.7879730930006,True,2.213483412845419,True
0,322,branch_opposite,862.8188712629606,544.9404690277948,1041.572929267355,1020.4981721648121,520.419999417251,True,11.959510262548203,True
0,323,branch_opposite,880.1380553338978,541.0760843892049,1193.9474690673994,1033.1535827479327,536.1456444718857,True,7.333207262506651,True
0,324,branch_opposite,1009.5806588670746,650.1867030188113,1478.2664088166239,1200.831318521027,589.9637843838481,True,15.005654962302575,True
0,325,branch_opposite,349.39416084210455,214.465100455212,1255.6509181338483,409.9653143179586,679.7453812940925,True,1.2256841104966865,True
0,326,branch_opposite,541.0649704222777,330.0653213983259,1170.18356651273,633.7936719531368,558.5648834519895,True,5.738066847439748,True
0,327,branch_opposite,664.3046848291472,428.7190944127462,1382.1710760129317,790.6331489382655,495.6857811809162,True,7.189163427468113,True
0,328,branch_opposite,1243.1898006409347,753.7404243763281,1487.3242332352065,1453.8381986165634,786.1789541678183,True,30.199191991469412,True
0,329,branch_opposite,531.7743751032284,326.9258819202819,1379.895053294396,624.2311417141756,560.5419602539829,True,13.413668998502244,True
0,330,branch_opposite,217.42439102152784,137.71953402718393,1302.3467308630034,257.3713967474764,786.9956684111851,True,14.7352053363531,True
0,331,branch_opposite,822.1855314145073,508.970690193588,1014.9709607473422,966.9747729612666,515.8118143252643,True,12.843148183499963,True
0,332,branch_opposite,1154.4249009226685,729.0832857668152,1375.489447317294,1365.378808043705,703.7983206487204,True,25.007857377339903,True
0,333,branch_opposite,822.4972707712825,500.50741358570247,1428.1425846537854,962.8132900414586,522.2061085521292,True,8.871927175248395,True
0,334,branch_opposite,818.0066040785146,500.7524743834659,1433.1174677766364,959.1078380021859,518.9858697207303,True,7.6438511792740815,True
0,335,branch_opposite,1084.1385736808793,702.0898969363769,1375.5723747129744,1291.6217210634636,642.5260949741585,True,21.5098852059305,True
0,336,branch_opposite,1063.107052438357,686.6350314897817,1480.0269724543537,1265.5687541232776,627.0683538418856,True,14.8287193245408,True
0,337,branch_opposite,1222.4553740501801,764.4702191310289,1479.2780084605877,1441.8085370403412,763.9885444293823,True,41.89138234973098,True
0,338,branch_opposite,586.5935010681324,356.94696153766284,1385.213717679778,686.6608106236578,540.0798261423778,True,13.21545423425413,True
0,339,branch_opposite,1145.3810747249286,708.8024504811409,1417.0529082671,1346.9590640201739,699.7732170623965,True,23.332228386180486,True
0,340,branch_opposite,367.2782249303353,222.6091885969431,1192.1064578041535,429.474266232294,668.8054732011267,True,9.491052999383765,True
0,341,branch_opposite,497.14251522925315,318.1899889437763,1195.9283593473108,590.2504125475125,566.3786451119663,True,9.421808260124685,True
0,342,branch_opposite,988.50370556795,632.4501535966715,1279.6778900442691,1173.5130049155916,578.1584410787211,True,9.229704291678818,True
0,343,branch_opposite,1013.9113515656765,640.5932523949966,1284.249252982058,1199.323119033289,597.7815234490653,True,16.673998969861895,True
0,344,branch_opposite,1134.5666884420682,723.2869289022599,1493.6278164561325,1345.5056863660086,685.7734617950169,True,32.802080091903335,True
0,345,branch_opposite,963.4014092794996,591.4018142878645,1207.1656832797246,1130.4416753396451,575.3943605924916,True,7.029900600887078,True
0,346,branch_opposite,418.44748706154746,261.46985679456066,1205.8224994406046,493.4215088950744,624.2979115936738,True,3.5062620565083287,True
0,347,branch_opposite,1087.9154233970976,675.607772362674,1384.380223221481,1280.6271239287964,654.0912277788768,True,19.867850897238107,True
0,348,branch_opposite,1122.4826735368201,684.2769388714745,1399.6258970056087,1314.611076121635,684.3710527027961,True,34.19454823127298,True
0,349,branch_opposite,679.481093267199,432.55039282274527,1089.3332027831104,805.4777454645778,498.42282411200364,True,8.024718913202653,True
0,350,branch_opposite,932.1478563672935,589.9366408854936,1247.6101085385021,1103.1431758341255,549.489471777516,True,17.570330505886044,True
0,351,branch_opposite,705.9853153067102,434.2800649238418,1226.850499155591,828.8633423061797,508.7122954450287,True,6.551842577235299,True
0,352,branch_opposite,1149.2550521368105,732.7474960958453,1414.2147028619681,1362.9769139265397,697.9536508874711,True,12.737855675298333,True
0,353,branch_opposite,728.492957141987,455.8128610723429,1047.64582427714,859.3412319471421,501.117857369372,True,7.0749628032781064,True
0,354,branch_opposite,738.9146900194476,453.4730752111671,1036.1132545353278,866.9675594092371,508.5949670527225,True,8.344623536432039,True
0,355,branch_opposite,641.5075689298841,399.4880402918003,1429.0919731403537,755.7265744503848,514.5160221021616,True,8.853705719990282,True
0,356,branch_opposite,938.4309916147616,605.700744003856,1193.0782994628382,1116.9270868368667,546.6222681734171,True,9.995374255512752,True
0,357,branch_opposite,652.0101706291199,418.8847260164415,1174.7753460716613,774.9720487176833,500.0725829393388,True,11.429093116404065,True
0,358,branch_opposite,1162.7772773537006,714.2023399446072,1495.9303484671768,1364.6010329442217,715.330270177398,True,37.87799411547664,True
0,359,branch_opposite,1072.8082029176549,650.9663322697168,1354.444025056624,1254.8603930302747,648.2256663155118,True,6.145474104361719,True
0,360,branch_opposite,441.82128060845025,282.2496670637293,1152.2477080214767,524.2813353115644,602.123370919545,True,10.277040365109652,True
0,361,branch_opposite,1131.1765303278482,724.149516193224,1376.6376174136954,1343.1131242629676,682.2755785123227,True,30.38184565850219,True
0,362,branch_opposite,1248.916244618753,783.0430240608392,1486.896219849373,1474.092318548249,787.5442465005904,True,17.336904469055042,True
0,363,branch_opposite,347.98456176013497,212.44383826744456,1319.4536441828109,407.7077870745141,681.9821388055379,True,9.25996130555967,True
0,364,branch_opposite,953.7488852793605,587.7221031012585,1338.6656916092966,1120.292018469019,569.0084399582053,True,22.793797432422984,True
0,365,branch_opposite,657.5410761942533,406.73692959998516,1228.9507839139912,773.1721650338429,513.4039249825869,True,2.7683791178430517,True
0,366,branch_opposite,1115.935273877338,703.5622558406141,1335.3758205185125,1319.208620092828,672.6886741785117,True,20.903664944382097,True
0,367,branch_opposite,496.2089353826427,307.4230163842776,1259.5152662462142,583.7227240363214,577.084833438088,True,8.152946116150057,True
0,368,branch_opposite,437.36895951593215,276.82688833978057,1103.9868005076341,517.6144635304682,607.7481214767346,True,10.095915723034457,True
0,369,branch_opposite,814.034514237392,505.2085084009044,1365.869727321698,958.0646258631896,513.0169430661385,True,12.054977954395088,True
0,370,branch_opposite,1204.219076694453,751.6121306150972,1493.5425508275057,1419.5296332104542,748.146224537592,True,12.460059470699214,True
0,371,branch_opposite,1254.5012085699148,760.5606103144214,1495.8207806713374,1467.046599213952,796.2525257870179,True,17.602413618341313,True
0,372,branch_opposite,317.4468613154633,193.98234858396165,1040.1544312330007,372.0237375775753,706.0328669579559,True,6.278140664120721,True
0,373,branch_opposite,704.9003386850287,444.64181084136493,1178.8574949239135,833.4211584946452,499.063274187783,True,10.224675062646547,True
0,374,branch_opposite,1119.0330520884588,714.8368754739525,1371.3868462691773,1327.8654789562738,672.7537331864661,True,15.43284466537481,True
0,375,branch_opposite,892.0955813915907,574.8648635498687,1073.799277108864,1061.2747701149826,524.8196566804068,True,3.379192675794355,True
0,376,branch_opposite,1011.1295941642002,613.6747279444377,1499.6037148206526,1182.7847343926703,606.7381158282449,True,11.39327334410672,True
0,377,branch_opposite,978.5635185343476,604.8389309834073,1234.2578853737878,1150.3984928012871,581.9434786511171,True,20.200274318799615,True
0,378,branch_opposite,1239.9886652252053,761.3656084596018,1460.9499076092109,1455.0771387222212,781.7916334059678,True,19.981557285456677,True
0,379,branch_opposite,1210.202352567893,748.4325535675374,1473.2428840021298,1422.933948361795,754.6000311748543,True,36.12190255853173,True
0,380,branch_opposite,361.94388603921874,226.10069481921647,1089.4051213615178,426.760941088689,666.1810173415118,True,5.8550074364310944,True
0,381,branch_opposite,979.9529145410017,597.2834312533283,1230.2184672842682,1147.6302592591192,586.8150865064005,True,11.933602917328422,True
0,382,branch_opposite,637.5047128869155,399.0839614819423,1035.3832048016689,752.1171898481972,513.5601634832558,True,9.389847967312708,True
0,383,branch_opposite,708.8162424482962,432.9076030446822,1306.8076747681093,830.5597259272893,511.25369249088317,True,14.902493097220706,True
0,384,branch_opposite,438.65369770992993,275.16649790814944,1352.0837519565107,517.8162493449103,609.343530094555,True,10.669198920836072,True
0,385,branch_opposite,594.3630021657099,374.43331211907724,1335.141590111008,702.4725500458349,524.8540254381165,True,6.983203725272062,True
0,386,branch_opposite,1164.0517504044678,708.5142504206187,1402.1047044289312,1362.7211456012549,717.9360764686768,True,21.363842910390698,True
0,387,branch_opposite,1193.931303742319,753.4985908622216,1468.3407073043372,1411.8187151639502,737.6869956598093,True,19.170738090936087,True
0,388,branch_opposite,1159.1623131805686,751.4652785858533,1487.5516967439037,1381.4330722905981,703.8710765709135,True,7.078738812880797,True
0,389,branch_opposite,857.3129987914876,538.764250446495,1134.0434506416482,1012.5475275047719,520.3287008280906,True,3.62688299649106,True
0,390,branch_opposite,889.6538212475238,568.8750247842139,1152.8942029186471,1055.9842401681765,526.4092943451931,True,12.415054192544005,True
0,391,branch_opposite,872.5248524134051,554.8586679987598,1415.160304651518,1034.0056864120197,521.5120388560043,True,6.223090870720888,True
0,392,branch_opposite,812.2647698308207,524.4732929830028,1165.3133333768371,966.8744961786668,497.742852627612,True,1.725271043767478,True
0,393,branch_opposite,630.7754561691637,404.76273945059177,1453.4190502800445,749.4735161117865,505.99693813271256,True,7.422055513938938,True
0,394,branch_opposite,461.0427505022428,297.39281324242125,1393.6328280636867,548.637314770801,586.4570326888904,True,3.8860801133190703,True
0,395,branch_opposite,723.5936440678128,436.68210056796113,1058.403230873495,845.1502935524447,515.102847463789,True,15.14356092959229,True
0,396,branch_opposite,837.6647746253988,527.8112001287951,1020.3986698438339,990.0843083443042,513.3243572009608,True,4.423880921122586,True
0,397,branch_opposite,543.2342590843,336.07718473013523,1397.1779916479545,638.7889591555272,552.8970675692282,True,5.351555203725722,True
0,398,branch_opposite,1186.2035198753988,749.3955098891213,1446.6766660023545,1403.0938745525054,730.8255231253645,True,11.370616933813885,True
0,399,branch_opposite,1231.4081817870872,746.4625685530598,1444.6838273994808,1439.9904431707218,775.8174753220204,True,28.168466962190102,True
0,400,branch_opposite,531.7816608697794,326.1690048444689,1441.085489723222,623.8412895590129,561.294735327238,True,7.030525852541737,True
0,401,branch_opposite,753.912100774874,481.3890204579444,1010.0514637923368,894.4936247465619,493.737983090309,True,13.87285993384681,True
0,402,branch_opposite,107.81471526875221,64.89167373041484,1356.5337463363462,125.83696654010984,894.5668578627689,True,11.563051939799996,True
0,403,branch_opposite,1058.6743347564372,643.459654276211,1375.6121536622984,1238.8832365292728,637.8459601010923,True,17.991740503451183,True
0,404,branch_opposite,553.9622100858785,337.7297631049363,1255.8851593089512,648.795440096605,552.8292521838555,True,16.207926885876482,True
0,405,branch_opposite,130.91742993526074,82.314573409896,1417.999668829172,154.6449561301857,869.4342485991295,True,3.4084015088738937,True
0,406,branch_opposite,1128.3292086441145,680.6952900407115,1437.891467563192,1317.7529665923967,691.009975818481,True,28.65524878289126,True
0,407,branch_opposite,871.5829906530374,560.8328146470785,1324.3384734330045,1036.4315489122555,517.0286917194512,True,16.408965065421047,True
0,408,branch_opposite,981.7401474549067,602.768365223382,1453.9208075465224,1152.0171089175935,585.7239732408347,True,13.832120535815655,True
0,409,branch_opposite,1029.397766533206,655.4558249267671,1477.371277761315,1220.361462917435,606.207078649481,True,19.22483398195168,True
0,410,branch_opposite,769.5928828274476,495.00674620899446,1317.7006907963007,915.0436514675556,492.1584105035009,True,17.924116857302284,True
0,411,branch_opposite,1063.875668557537,681.6112684407428,1478.1664097614814,1263.497273211994,629.3939382864493,True,18.401225577988544,True
0,412,branch_opposite,564.1274486382949,365.3442629712104,1240.629473295441,672.0983624389581,527.3304338248212,True,1.7314858609227612,True
0,413,branch_opposite,1217.8009078715095,765.2795717843796,1444.4698457951795,1438.2947800097018,759.2647918076309,True,47.94491880614487,True
0,414,branch_opposite,1112.4452029732174,721.2751895219918,1328.751553368816,1325.8100273561474,664.7757322818964,True,22.506998829214584,True
0,415,branch_opposite,452.88951688547183,290.6139933805091,1018.4895336185403,538.1128205621221,593.3849020875608,True,9.596416543420657,True
0,416,branch_opposite,962.7995090163886,618.7195033307831,1485.9706652033908,1144.4635067856423,561.4738503765759,True,18.24953739511098,True
0,417,branch_opposite,1103.9923504367978,709.9375350757523,1338.8968321745033,1312.5587276508431,659.4807706184083,True,10.018330237779132,True
0,418,branch_opposite,1195.7544929503133,773.2013416992037,1427.984656944193,1423.962472193811,736.2650395962216,True,25.908732784446027,True
0,419,branch_opposite,1248.4100918760241,758.6836895719728,1498.873869252444,1460.8657358978767,790.53029238664,True,4.477514751547868,True
0,420,branch_opposite,1208.439936697266,750.4456282671563,1453.8697983671213,1422.496299323896,752.5068972396781,True,7.579640785904025,True
0,421,branch_opposite,638.8506267790624,392.26147937892347,1477.901659750294,749.6660533467835,520.445163375737,True,8.403521981320672,True
0,422,branch_opposite,816.7592510232553,527.9672685672533,1313.447831749513,972.5456857188947,498.36261843500927,True,17.75176759505833,True
0,423,branch_opposite,982.1356601381084,594.6851660241189,1253.7370252830087,1148.1467247717305,589.989837737687,True,11.548523401176523,True
0,424,branch_opposite,1254.3382122019536,789.7170108672007,1491.024495796551,1482.2338910721949,792.1014600019054,True,14.567020716966526,True
0,425,branch_opposite,1155.8639717888072,729.4117331151383,1415.9467164867187,1366.771011430015,705.1302638818994,True,3.1419640056271203,True
0,426,branch_opposite,737.4175411157237,471.06884080746477,1472.870339840037,875.0374178998568,492.9754570221966,True,13.61862401384498,True
0,427,branch_opposite,1159.7231544332685,751.5661412851202,1427.8527414462112,1381.9585593116951,704.4029798481173,True,32.02473087146161,True
0,428,branch_opposite,991.2553513165452,597.3318572527382,1346.088446642145,1157.3212687938874,596.6808788316317,True,6.716481339369262,True
0,429,branch_opposite,1257.0157813438311,805.078611069047,1493.1219108666344,1492.7291263147204,793.0881412305457,True,20.254441381127,True
0,430,branch_opposite,1180.1520570822292,724.3002641488424,1385.7287267315994,1384.6912112386285,729.9482511106003,True,7.9600887754379235,True
0,431,branch_opposite,910.5037251389049,573.2217660239987,1278.286964502198,1075.9183177804412,540.7511521100865,True,6.5354019518769375,True
0,432,branch_opposite,479.0483746769174,309.08248097666916,1132.4596513973886,570.1046617308871,574.8370914767303,True,9.968413408393767,True
0,433,branch_opposite,1160.0117896270929,747.8238623140562,1426.536018929718,1380.1695117340346,705.3983529599085,True,0.9188602859240492,True
0,434,branch_opposite,796.4773866314988,509.5130134571084,1187.843543528668,945.5050175950869,498.09396725333715,True,16.86874970098445,True
0,435,branch_opposite,1103.6935551911029,689.7337346114238,1442.5523276120573,1301.4884127149953,664.807339928865,True,11.567823958637145,True
0,436,branch_opposite,1204.7170360752048,751.2192837544252,1432.3205907661768,1419.7441844551918,748.7058243545034,True,30.71862200043926,True
0,437,branch_opposite,449.2034447413292,276.86905237554197,1480.2316898447693,527.6743379498448,607.2275582451559,True,3.571276233127387,True
0,438,branch_opposite,422.6530005488937,259.22253002447565,1036.3738615200255,495.8143593576868,626.2206785976148,True,9.127411706572488,True
0,439,branch_opposite,199.1060669311286,124.90609015984744,1116.0308935472183,235.04203293837253,805.081670082082,True,14.421967231989818,True
0,440,branch_opposite,993.8267694361925,638.478414541302,1226.214639827653,1181.2477866574623,580.3829115265971,True,24.29703254681634,True
0,441,branch_opposite,502.8750616998124,302.2337973381755,1220.4614249653637,586.7099759958437,582.6306055787169,True,12.839717719201197,True
0,442,branch_opposite,360.97210576466426,228.32053656072944,1049.0183775782525,427.11957173086245,664.1451820039897,True,8.463534416356934,True
0,443,branch_opposite,700.3762276416247,451.53515599607425,1065.9881464357297,833.3131808305399,490.84878449198203,True,4.875552872195177,True
0,444,branch_opposite,1245.185070255434,770.8631802152033,1478.4831200983,1464.4848588491884,785.5025448919331,True,24.74228636449342,True
0,445,branch_opposite,673.1951968899282,425.2390856096263,1002.3729047021751,796.253761715309,502.45023483706854,True,12.072731156343046,True
0,446,branch_opposite,1109.8356199389,694.1672356587366,1480.9725713463565,1309.0466967787108,669.4147778022076,True,29.07289670457342,True
0,447,branch_opposite,1215.9027395617534,759.0332403987733,1441.587044270543,1433.3704797099872,758.3925931005533,True,40.10048074894622,True
0,448,branch_opposite,209.238213010604,126.34561935084255,1151.3347251259058,244.42554144978158,800.3939584645804,True,13.633330754504977,True
0,449,branch_opposite,1000.4242816337955,602.8262922234305,1469.925946241915,1168.010394593449,602.1565204716293,True,5.912876209782962,True
0,450,branch_opposite,750.6244462640358,473.8016244844732,1198.5220521017511,887.6514173330182,498.0675214584959,True,14.845350162189424,True
0,451,branch_opposite,748.9996456794016,484.02155470845736,1229.667196193431,891.7832329945777,488.75239265194847,True,10.28360224139435,True
0,452,branch_opposite,480.33701723339163,305.62040293178217,1389.3253638536637,569.3219482971444,578.324915337735,True,6.7498702970904025,True
0,453,branch_opposite,1251.8586573698524,759.2337623179172,1482.6810196987142,1464.099041689212,793.8490654106308,True,12.077731498920881,True
0,454,branch_opposite,1232.0375967180214,778.6846195511938,1468.275113334722,1457.4863211887464,771.3892340383924,True,9.633291678902264,True
0,455,branch_opposite,993.261150859458,622.4536535532212,1416.9655118690769,1172.1843987310224,586.8297876485422,True,24.436424918216733,True
0,456,branch_opposite,264.40096640728063,169.7816875403889,1081.1162315756087,314.21917901548625,742.4463436351779,True,10.312403561943398,True
0,457,branch_opposite,1130.1373081822892,688.3774566001277,1476.2888458975954,1323.2814734971435,690.5250067362111,True,5.716435674650501,True
0,458,branch_opposite,950.5863042044393,583.11558044662,1257.2590429123202,1115.1852321030142,568.7321710083859,True,11.406561078254077,True
0,459,branch_opposite,499.3510293073298,315.4909255120029,1225.372015630243,590.6657045662207,569.1920849737483,True,8.24150350098808,True
0,460,branch_opposite,954.5834577205723,615.3335953110092,1404.1663850283705,1135.7222421314714,555.8721618505224,True,2.3995926038468696,True
0,461,branch_opposite,970.6291045212681,590.382743294995,1213.4078250595867,1136.077744753537,582.1437761247698,True,16.34554317039895,True
0,462,branch_opposite,480.074455876629,289.82594939266403,1389.8837908131834,560.7767507008474,594.1103193389221,True,8.614493529683669,True
0,463,branch_opposite,1216.1568433810596,774.3564070973739,1452.2155394511078,1441.7577164403654,756.2740215045704,True,27.593669868174917,True
0,464,branch_opposite,1019.5329812250767,656.4150422650018,1308.0903710537339,1212.5709082430835,596.714322943584,True,6.676601766634496,True
0,465,branch_opposite,1252.3458844000393,808.2698461696868,1494.0821882493935,1490.526872753687,788.1291762472906,True,25.79159641013766,True
0,466,branch_opposite,1079.0825975629741,656.6158980792984,1275.8460379212563,1263.1562413152772,652.095404728458,True,26.04852662806036,True
0,467,branch_opposite,762.3958663242252,472.00889599035725,1178.6559153349547,896.6826946486152,506.3008295773485,True,8.432783733540761,True
0,468,branch_opposite,1079.778882848811,683.1653290640922,1301.9669923034248,1277.746963479654,643.9885061106629,True,17.458568372520766,True
0,469,branch_opposite,772.5488135609027,487.0794284585434,1002.711211046747,913.2787301595607,500.23965370259566,True,13.276225662518165,True
0,470,branch_opposite,869.8184262092263,533.3885123533689,1248.9849559589259,1020.3369049895408,533.2709607229921,True,10.67652757621963,True
0,471,branch_opposite,1018.5972189334025,618.4272290964502,1467.843323139005,1191.6343953187888,611.3558209618894,True,27.215192037472217,True
0,472,branch_opposite,1203.8010657970399,759.0443818577226,1461.5746716729893,1423.1252157290521,746.4566299761352,True,21.60039459667429,True
0,473,branch_opposite,485.03386703754086,300.37579886675553,1408.4041466688896,570.5115885924075,583.6877357717649,True,12.175419255349565,True
0,474,branch_opposite,350.8595934529789,218.5230048114453,1201.09411177001,413.3458091596098,675.4946002027776,True,22.51390614835385,True
0,475,branch_opposite,669.0028147234398,423.91450724759716,1270.5693065503792,792.0026992143765,501.96472538052495,True,4.283476391707519,True
0,476,branch_opposite,1010.3492546406346,644.6677927026241,1231.4698228161496,1198.4999705051976,592.8741548113852,True,31.0654074022234,True
0,477,branch_opposite,1172.6225226374743,718.6074211823643,1449.7323689160578,1375.296406733851,723.8805196957596,True,2.6225468922460164,True
0,478,branch_opposite,995.4098630106972,609.6076990592802,1183.1695963993477,1167.2456220227707,594.5683507645668,True,18.07994099161128,True
0,479,branch_opposite,750.9168293966471,459.6542762237128,1386.9045549455677,880.430655033012,509.93913584387667,True,15.051152757039542,True
0,480,branch_opposite,1193.3371075782293,727.8540429167451,1470.891933800962,1397.7928888477811,742.0652254841822,True,10.207457064797284,True
0,481,branch_opposite,1175.879730915151,725.4274954138793,1466.0725795364974,1381.64329429833,725.5328725883695,True,12.104847234827787,True
0,482,branch_opposite,1145.501628267284,721.2442195241061,1354.0353497853184,1353.6495870645165,696.8829954640914,True,40.51247966939942,True
0,483,branch_opposite,1010.3040750919154,625.0885201523438,1314.551268438309,1188.044604454554,600.9979779485578,True,16.06881445643776,True
0,484,branch_opposite,951.6801529102215,601.5959178255722,1237.0188135635979,1125.8831030740337,560.1260660764373,True,22.156547017587474,True
0,485,branch_opposite,873.2609400759325,559.2377569246648,1424.221620438358,1036.9819372739487,519.3354084945133,True,12.5347419365901,True
0,486,branch_opposite,1234.76665072376,780.6988898227559,1489.9001238785702,1460.8694117921887,773.8219409334607,True,18.324496384973788,True
0,487,branch_opposite,1187.060570550934,722.2909742495933,1416.9899140994316,1389.538430429017,737.1290120719825,True,14.971398526496893,True
0,488,branch_opposite,1217.7122542813283,776.6937935496975,1480.437869521931,1444.3255807350138,757.4790226359596,True,19.5899115187356,True
0,489,branch_opposite,1109.9179329728595,707.4277718250245,1351.7079801007499,1316.1959847545745,665.858950385624,True,24.48780163653885,True
0,490,branch_opposite,1021.4884757017171,628.4687689022935,1278.6532295323814,1199.338025527825,609.6885689888329,True,24.44531040526731,True
0,491,branch_opposite,445.6200037654585,275.77048666083886,1082.7302708737896,524.048231624803,608.4459622642439,True,6.74922749296302,True
0,492,branch_opposite,1008.8196588659248,635.9144219043028,1201.7509174548422,1192.5201281740465,595.0678185526194,True,16.503615268241774,True
0,493,branch_opposite,957.1593213935894,602.6483531675608,1377.1544775904617,1131.0786905013326,564.3406237258562,True,12.412020046440142,True
0,494,branch_opposite,1251.4869203150413,811.6142365716269,1496.9798342918257,1491.6223318003024,786.960311164255,True,35.58388718402771,True
0,495,branch_opposite,1101.1267789404867,671.101343385723,1405.518617588625,1289.5182032038065,668.0498614659955,True,9.972917965455357,True
0,496,branch_opposite,1179.5205076146888,735.5552866737987,1464.681996045877,1390.0756122015043,726.9533888520044,True,23.176095936680916,True
0,497,branch_opposite,1090.528073340701,707.6922667587957,1397.9743845519258,1300.0307008584005,647.1100956796449,True,2.4688437640745993,True
0,498,branch_opposite,1227.9193461334187,754.3485666947037,1489.748904816529,1441.1202866808433,771.0207361177714,True,20.00617770913645,True
0,499,branch_opposite,862.562905856482,548.8284440376385,1415.4788945906557,1022.3636474094496,517.7015770835909,True,11.013618112571558,True
0,500,branch_opposite,918.620071712824,564.0665913159667,1195.3819701393795,1077.9767880582995,552.6608598988652,True,3.6094352816471145,True
0,501,branch_opposite,777.340649783061,492.6718740814489,1041.8988460065154,920.317369887192,498.7752345616458,True,5.791499951552447,True
0,502,branch_opposite,644.3715994503088,405.1347097283467,1292.2106517670975,761.1497166818241,510.1881578281456,True,7.872671702456701,True
0,503,branch_opposite,204.84734500637032,126.76348247994795,1017.7043415924725,240.89710510216386,801.4286797489149,True,18.01714675928306,True
0,504,branch_opposite,829.0450181915412,509.8707940123832,1147.1830913602441,973.2850912117327,519.9000731050816,True,8.919462553352643,True
0,505,branch_opposite,1125.439006584745,699.2813790687949,1468.046404873949,1324.9933602304627,682.9937684855252,True,18.714591360412,True
0,506,branch_opposite,1077.2970112241937,651.5094821402495,1268.1898734245829,1258.9811180916245,652.2232330850896,True,16.52420344094556,True
0,507,branch_opposite,936.5130757471886,601.629205756447,1175.3198359773533,1113.1102561132893,547.0610024097247,True,14.265344521875196,True
0,508,branch_opposite,599.5716544155978,383.7625534899221,1252.513656864357,711.8706808401104,517.1070326068534,True,11.84383070325149,True
0,509,branch_opposite,614.0574996010312,387.49095241481183,1392.2205028614162,726.0963097410759,517.4079670876124,True,4.074678640168003,True
0,510,branch_opposite,1151.7458961801544,738.5223360031721,1441.603925739123,1368.1863360461575,699.1628528540397,True,20.42243754520977,True
0,511,branch_opposite,1134.0223064119887,707.3417173475955,1444.8042313654314,1336.53989710005,689.1538622587293,True,9.099590572243136,True
0,512,branch_opposite,521.7804991060945,327.57827600175295,1213.094487463025,616.0863706946337,558.8409226548566,True,4.159555902810569,True
0,513,branch_opposite,1032.5308886613466,653.764000769467,1373.6807027170933,1222.0995887168483,609.7468307603546,True,12.090771143777172,True
0,514,branch_opposite,1091.0565316639033,663.6568138656886,1370.2588894403953,1277.0453092497632,660.9537676553566,True,4.977681355930127,True
0,515,branch_opposite,1015.9914318873691,654.4423458488461,1461.9495878186126,1208.5252888163686,594.2002379245536,True,16.22866044032889,True
0,516,branch_opposite,1239.2267268985706,768.4242988672387,1471.1111989898882,1458.1353790884275,779.9636611911836,True,23.628588752276514,True
0,517,branch_opposite,774.0230007397438,484.8593798770395,1056.3743549420476,913.3456212896106,502.8983169001196,True,16.47664836614446,True
0,518,branch_opposite,1258.4930916995245,798.3465259842968,1496.639637565429,1490.3563457799694,795.2534569765429,True,17.108698187227887,True
0,519,branch_opposite,798.6664048478118,496.2934501952567,1347.9359964214727,940.3059156142965,509.52135189063875,True,10.865770663836948,True
0,520,branch_opposite,647.9003307825242,400.7624801757248,1034.6468774932046,761.8302987835956,515.514415589783,True,14.408427992592772,True
0,521,branch_opposite,1029.8298746089029,647.3040278243952,1423.3312965320197,1216.3683961179993,609.7228580774805,True,10.40657091277202,True
0,522,branch_opposite,1056.5064662285345,644.3949863405489,1461.8763043766628,1237.5180045573243,635.4854430394946,True,4.339824350468924,True
0,523,branch_opposite,766.5258356261866,466.1839994240933,1051.4770440664952,897.1562728986888,513.4412217932204,True,15.185140286650759,True
0,524,branch_opposite,1222.1848229133059,768.6563956257188,1471.1133367728733,1443.803447805812,763.0783799772975,True,29.454396110465456,True
0,525,branch_opposite,1079.9776710570559,699.8597236251788,1314.9771760528881,1286.9170147039529,639.1744151641745,True,11.414107342983652,True
0,526,branch_opposite,1138.9036906629276,728.4802885383979,1394.3207684515978,1351.9560449195917,688.8010263685152,True,9.11062632973298,True
0,527,branch_opposite,879.0541456846154,541.8226090134335,1227.529901583593,1032.6218720729448,534.8349173095249,True,8.865692950222003,True
0,528,branch_opposite,598.6017765102844,381.9484813502866,1499.7634974335533,710.0765657639031,518.6160847540746,True,6.788540949365342,True
0,529,branch_opposite,1239.3521844482955,780.4121832700404,1482.0499860581601,1464.594487526521,778.4048553601795,True,11.630817658561863,True
0,530,branch_opposite,884.5693208077753,571.9103187994078,1086.244108975852,1053.349085566399,520.5195441666863,True,2.944282330172392,True
0,531,branch_opposite,345.49278935962457,217.4733141984178,1367.2544365704712,408.24001504989394,677.4771062815046,True,4.883208103384643,True
0,532,branch_opposite,734.0192925237957,468.8476502328786,1275.6342665103798,870.9778647738559,492.99360144807247,True,4.6726526948778755,True
0,533,branch_opposite,852.4491106226588,525.2197831617509,1038.924433228008,1001.2618572710331,525.8396564036219,True,17.964362023475044,True
0,534,branch_opposite,545.271241023387,338.3075640222528,1400.6794245508506,641.695203474247,550.9701604003725,True,5.0108499090856045,True
0,535,branch_opposite,269.3765626500307,163.233158787099,1243.1536735372897,314.9742793193758,747.4097769041684,True,10.657485524013794,True
0,536,branch_opposite,1176.0200911699899,729.3176995453119,1426.8967927462606,1383.809077042616,724.8307242333237,True,14.106555143890741,True
0,537,branch_opposite,1138.9764524633483,720.6750383127107,1429.7952723805138,1347.827834002927,690.6737410999648,True,16.279287644626457,True
0,538,branch_opposite,970.4230920074549,585.5360164014428,1270.7270365639629,1133.390225828942,584.4245692241602,True,18.930238669792274,True
0,539,branch_opposite,931.7900447742398,590.6337290781438,1427.8557929857734,1103.2138910769454,548.8144641042765,True,20.221157683235816,True
0,540,branch_opposite,679.4114100527313,438.6758706365267,1269.0591310497675,808.7251594877924,492.85391017039836,True,5.143849681952809,True
0,541,branch_opposite,511.95996754921333,309.2424929185194,1357.4769804604732,598.1086254180357,576.258950561903,True,6.6175749134027635,True
0,542,branch_opposite,1186.9424475186463,735.9925114355685,1464.2983083366107,1396.6092333257682,734.1327441966682,True,6.714508611249313,True
0,543,branch_opposite,1109.9150949467858,708.1968911225713,1497.4416629639788,1316.6071375267595,665.6528903031557,True,18.159262234021785,True
0,544,branch_opposite,816.066210232412,517.8501555657078,1016.0520683207493,966.5054801202728,505.15811650364583,True,5.328611561051759,True
0,545,branch_opposite,526.7726976220121,324.73198207422655,1074.8027496471136,618.8217313102599,562.1753385429489,True,4.464759891446214,True
0,546,branch_opposite,788.613359155503,476.4664223396735,1315.5517962430104,921.3746696408006,518.4797788751999,True,5.579149218676282,True
0,547,branch_opposite,642.4169594318614,410.0789986644402,1047.9686078788634,762.1445630005555,504.8729645710847,True,11.046661838224066,True
0,548,branch_opposite,1133.2279471277666,704.6525469284902,1485.4236286907403,1334.4440010896749,689.0802923849384,True,11.243398317110808,True
0,549,branch_opposite,626.9477075149111,396.1257841137168,1123.2594287727138,741.6057340648799,512.9813493376157,True,7.597059185183107,True
0,550,branch_opposite,897.6134992933867,559.4709858071727,1197.314574732355,1057.6945580240867,538.4206414820783,True,17.74039569410295,True
0,551,branch_opposite,1176.2355373084613,715.1056862570119,1491.9985970880823,1376.555913046919,728.2019349051767,True,10.56492311094536,True
0,552,branch_opposite,923.2264902108084,564.1786393075656,1372.9710789954802,1081.9633493228428,556.3600625850889,True,19.001826477361455,True
0,553,branch_opposite,684.7212213593951,411.5082658242219,1010.7232406690072,798.8630695066335,519.715768278799,True,8.34410937120795,True
0,554,branch_opposite,868.9995388660527,544.2675406810664,1276.1106788191846,1025.371812753027,525.5607489118757,True,7.4460056895020985,True
0,555,branch_opposite,313.46908391806403,191.01012973714052,1167.2109518079947,367.08001339575753,709.7916656151458,True,5.322388757390396,True
0,556,branch_opposite,920.8564793936673,587.4583701728316,1190.499821779527,1092.2838423813746,541.3350929162556,True,12.200632817367373,True
0,557,branch_opposite,1157.1829876374454,697.6360219123661,1355.4496240854462,1351.210008084323,714.0359894543922,True,28.275065737004603,True
0,558,branch_opposite,782.7180676093597,506.1356206332115,1267.6940320716121,932.1055947884319,491.7144658946483,True,9.614492105571427,True
0,559,branch_opposite,1222.2352551865617,764.9871146249101,1454.8024233753024,1441.8960796684014,763.6905335389771,True,15.741973916135976,True
0,560,branch_opposite,1112.926069324661,709.8222113773311,1464.8755741800553,1320.019699681427,668.132571623221,True,22.825300234794106,True
0,561,branch_opposite,550.8441434276186,344.5243234608567,1444.093345993113,649.7124593269456,545.6356642592588,True,4.866659228584425,True
0,562,branch_opposite,321.7636439302218,195.21886015712965,1292.594948024422,376.3538838863012,703.916285977237,True,3.743733539476641,True
0,563,branch_opposite,275.6490815290376,169.636221584419,1087.8986254445556,323.6647398485663,739.5837467256099,True,2.2445481397206457,True
0,564,branch_opposite,644.5409363687629,401.3582044500808,1204.3881752373572,759.2900808877425,513.7912751207681,True,6.266987151659652,True
0,565,branch_opposite,517.356540710444,315.8436007222758,1114.4778569527946,606.1476473047551,570.1207265983917,True,9.549778551008595,True
0,566,branch_opposite,1234.470672015419,774.4254673418582,1481.8486552705087,1457.2757613210533,774.389810712257,True,10.357356998459428,True
0,567,branch_opposite,1209.2741087363352,728.1264555728976,1443.5402543852838,1411.563673861441,757.5976642270944,True,20.391262898634874,True
0,568,branch_opposite,848.5026621061024,537.2140453126482,1144.4181239775808,1004.2687379791938,514.8097541045213,True,9.364865660897046,True
0,569,branch_opposite,609.1545495594819,373.4983414233599,1292.3664680192574,714.5420045700714,529.515536700554,True,8.945907764568393,True
0,570,branch_opposite,1059.7534522882966,652.4490581617458,1302.4093190888796,1244.4947380897647,635.5181909248071,True,25.890076598789577,True
0,571,branch_opposite,1026.201012913916,643.9107070443791,1306.0599153903324,1211.4906180206017,607.7112817695455,True,10.286375136785745,True
0,572,branch_opposite,744.0377975289692,454.72747581539375,1286.441517002153,871.9915833385085,510.28860962388626,True,7.842117722055786,True
0,573,branch_opposite,1199.1304625460725,732.3962305165267,1436.9167636831676,1405.1043038439443,746.7960169079837,True,22.361255354876445,True
0,574,branch_opposite,725.9178541727903,446.54502404748615,1163.5165813425544,852.2670881293013,507.7425177837494,True,13.914225445669116,True
0,575,branch_opposite,1086.4534503908721,661.3510764181401,1286.8453161783311,1271.914441362179,657.3919958624267,True,20.148719892304385,True
0,576,branch_opposite,842.7327368524429,542.9728525424855,1032.844580860057,1002.5058525320102,506.6664052867696,True,12.335774870693353,True
0,577,branch_opposite,1063.3276956557843,656.9293209885587,1457.7664625150112,1249.888763499828,637.2396312486397,True,31.823658764891327,True
0,578,branch_opposite,970.0228791105876,600.9623473602701,1155.926144392202,1141.0960209126836,576.3552500280482,True,12.877042361794445,True
0,579,branch_opposite,1050.0343304146452,668.5466624175658,1334.9734359142312,1244.7998774417513,620.7113525173734,True,23.86409486170931,True
0,580,branch_opposite,1253.9647600765918,800.4365815470541,1492.4198848917833,1487.6580052527793,790.528339382833,True,14.084235356126479,True
0,581,branch_opposite,1249.8708597968662,798.7534335245801,1495.9505556262536,1483.301794557218,786.6376037597101,True,16.789684918684898,True
0,582,branch_opposite,931.5996034936824,560.9652949806992,1252.2521543409698,1087.4556926157354,565.0637528683234,True,3.8198920847060935,True
0,583,branch_opposite,1234.0852661890287,767.1117548252071,1472.921378914887,1453.0749769422962,775.0756826623285,True,40.67310194363119,True
0,584,branch_opposite,668.0447249170602,424.22457419229806,1221.912546406661,791.359743630005,501.2972656829804,True,9.155749499198237,True
0,585,branch_opposite,319.9123400571726,203.30567900740968,1003.3445921254973,379.0476281913923,696.398459648404,True,1.598535745601599,True
0,586,branch_opposite,992.5793914146278,627.800293828318,1395.905422244658,1174.4560686513375,583.8553550421566,True,9.361851718842539,True
0,587,branch_opposite,663.4900910139966,409.3662318705288,1107.3168702109156,779.6151695994871,513.1999219807618,True,3.5666903792506823,True
0,588,branch_opposite,491.77503398440496,305.3952098194213,1486.3417745665406,578.885928513564,578.9099733336232,True,15.039089186336101,True
0,589,branch_opposite,1086.2829483670407,661.8135913065253,1437.4746658640847,1272.0093842228646,657.0751477783733,True,5.829898758554408,True
0,590,branch_opposite,571.466845902777,367.6187051519056,1398.3716675305757,679.4982474912147,526.4895917524344,True,8.518395291846879,True
0,591,branch_opposite,1225.554586324727,769.7866054516554,1461.7147970337921,1447.257911360085,766.2407206657001,True,21.447607853058006,True
0,592,branch_opposite,684.8068296400696,438.08545551110626,1223.152419803001,812.9448076296796,495.724762832113,True,8.166846847651273,True
0,593,branch_opposite,940.5870569437973,589.3990838554624,1330.5319072960492,1109.9978791600697,556.9226354626935,True,17.2768266363553,True
0,594,branch_opposite,466.6154284643628,294.6515080903959,1438.1913203407487,551.8600087892994,589.1601677962757,True,8.00846457095002,True
0,595,branch_opposite,1118.8223059955967,702.7211657124244,1362.216989535289,1321.2041436256297,675.695506839433,True,18.30873696933828,True
0,596,branch_opposite,989.6377758772915,635.6116326851649,1190.6235597855298,1176.1739136063395,577.8148927992689,True,12.448325389139399,True
0,597,branch_opposite,1130.8638862121295,685.1808747908083,1408.1634354624011,1322.2427766177802,692.1324868920592,True,37.420374208000936,True
0,598,branch_opposite,932.0529691998836,594.7933015477605,1265.0566689954367,1105.6680374146683,546.8269130710246,True,15.823049966636141,True
0,599,branch_opposite,518.2331981487057,313.0505639452094,1229.3556062720295,605.447192783854,572.9796904016805,True,9.410537616132647,True
0,600,branch_opposite,758.3078560100469,461.4462377258694,1432.6670005965157,887.6730449878004,512.6012063577028,True,8.90312316276306,True
0,601,branch_opposite,386.5039533741746,246.05845012443268,1030.0532605276546,458.1812598213769,642.9183061983384,True,6.984245333005758,True
0,602,branch_opposite,703.0447167856983,449.0430449480597,1332.6354574785983,834.2131202615479,494.30904217986824,True,10.484562998623309,True
0,603,branch_opposite,966.2698554104828,612.1287830153392,1296.3719696509663,1143.843993064979,567.6600837936405,True,23.9779723575249,True
0,604,branch_opposite,839.9436570889249,541.7281596257285,1297.7053709276336,999.4872415470826,505.44779006735496,True,8.604767576227454,True
0,605,branch_opposite,1022.1294567571697,648.6390139167029,1456.27245283972,1210.5706079141107,602.1100764855853,True,12.565035639289828,True
0,606,branch_opposite,690.0106839329649,426.4489896745281,1149.442805157332,811.1556476632976,508.4652659482889,True,7.3056484974160645,True
0,607,branch_opposite,695.1643110518779,446.06090480405464,1047.4283885337666,825.9683711588743,493.2530417672765,True,7.608448537312012,True
0,608,branch_opposite,1172.5518973966216,709.737298521458,1421.8725235800619,1370.6221160483858,725.8876510637257,True,10.638586632619083,True
0,609,branch_opposite,720.2189216146476,443.6625011773223,1224.2028779244301,845.9028963200701,507.3683370141618,True,12.481397469194217,True
0,610,branch_opposite,945.2941642554952,592.9006892864279,1386.4927672621052,1115.8459948988555,559.0938277456969,True,8.515741723959882,True
0,611,branch_opposite,1178.2018132485684,723.5364717311619,1477.5310793805847,1382.6295739160917,728.212989116523,True,13.296020518685083,True
0,612,branch_opposite,656.7388822659585,398.4573783594551,1063.5342780287608,768.162900594028,520.8150798243578,True,14.382354069061433,True
0,613,branch_opposite,1157.1770475884307,721.9917520133606,1375.3229839630324,1363.9394449317751,708.0703220919814,True,10.118040210526644,True
0,614,branch_opposite,1086.5158828088927,693.2389837375572,1492.6763278041092,1288.8355411647633,647.3567772654651,True,8.330223162595836,True
0,615,branch_opposite,1127.0974743920312,692.5328998063794,1499.5292356025661,1322.856959045508,686.440497656243,True,23.25702249619233,True
0,616,branch_opposite,833.9467429361487,540.1520285394707,1130.0458317549783,993.5951811422577,502.12684083584264,True,3.812692697141511,True
0,617,branch_opposite,603.378718897197,365.97336665443424,1037.6159583955039,705.6928393560498,535.2798358528864,True,6.8580162462572885,True
0,618,branch_opposite,1057.2575436269537,645.5793853422485,1405.8091805658103,1238.7761122716952,635.7364617098134,True,18.80706361745082,True
0,619,branch_opposite,642.7435352022189,406.7478141786286,1371.318882738058,760.6333126962941,508.11229950333484,True,11.765156323174303,True
0,620,branch_opposite,442.67983522694414,284.8407942512268,1225.8810524979344,526.4026164317804,599.4980218001687,True,6.533678481100567,True
0,621,branch_opposite,974.9583647338861,607.2582319629001,1228.6837007234212,1148.610627345612,577.6199398563593,True,24.432538413023337,True
0,622,branch_opposite,418.22881745606514,254.82640982366848,1092.0587342448416,489.74671300001484,630.9379065324244,True,2.836544537307327,True
0,623,branch_opposite,1255.3680092185468,806.3442344283943,1497.4412956442748,1492.025423029129,791.32362582575,True,6.368616490728834,True
0,624,branch_opposite,681.7525423099778,437.38894835030857,1172.6985675529781,809.9972969616052,495.02366566957187,True,9.51859555468813,True
0,625,branch_opposite,684.0944017546598,418.0314813793752,1056.5250783571764,801.7078457494979,513.5306063722287,True,7.937309299973938,True
0,626,branch_opposite,1212.4506975838228,786.4945248825596,1455.0713488147792,1445.2025227426577,750.9378340847641,True,30.805692136695924,True
0,627,branch_opposite,1278.3241236349593,770.1282535038542,1499.3446425314796,1492.3840296357982,818.4128613119092,True,3.7844859880064945,True
0,628,branch_opposite,545.3415716367065,346.9935319230825,1231.0768654937424,646.3760058600941,542.3818021995096,True,8.356366754943895,True
0,629,branch_opposite,474.29841914691525,305.81927968723835,1390.1883785362652,564.3442408970648,578.0271355735964,True,6.460095914451606,True
0,630,branch_opposite,1055.7793163487404,640.4813566538587,1459.088970694269,1234.8628802628173,636.2982556898345,True,16.475393541074045,True
0,631,branch_opposite,913.1229019221049,585.9002455455062,1217.5739606847185,1084.9297358561662,535.7449308158004,True,14.516059550574377,True
0,632,branch_opposite,740.0083101674697,447.0106086758129,1379.3219040925628,864.5407933612125,514.6520912072731,True,14.391560370008769,True
0,633,branch_opposite,692.665961837966,429.0950096343265,1394.9550925437477,814.8059044840049,507.2577507172589,True,7.132002403991483,True
0,634,branch_opposite,802.5732568450585,496.5107615029785,1374.944271710685,943.740837778652,511.90217190071536,True,7.355508637066744,True
0,635,branch_opposite,658.0451919811599,414.58828485059735,1199.638072646265,777.7576233151826,506.3056378661637,True,7.377733955104462,True
0,636,branch_opposite,1159.20393494861,735.1902068687232,1497.2620963015822,1372.6829215357845,707.1525805894569,True,16.247564771627992,True
0,637,branch_opposite,893.4456408806066,559.0066385931113,1317.915610100094,1053.9134381910724,535.3813217891224,True,8.80369375379878,True
0,638,branch_opposite,485.3060262037101,302.7725062753838,1422.9819979052763,572.0079803865619,581.3001833944879,True,6.989962613087318,True
0,639,branch_opposite,628.8512707875436,404.0644660391217,1260.0669745391237,747.4770989713257,506.0425754441317,True,9.686316167513578,True
0,640,branch_opposite,740.3959869850295,454.03917325106374,1162.4737094146844,868.5262162940422,508.90784788003737,True,7.296278875397459,True
0,641,branch_opposite,777.8901891516385,482.98462994416957,1191.7418538413888,915.634915859306,506.7436706438189,True,9.982695117025951,True
0,642,branch_opposite,323.6484441042438,205.17547897711174,1137.7486661861374,383.2039829445736,693.7853185635322,True,2.5351107544754274,True
0,643,branch_opposite,1234.5321589415075,779.8666786658598,1490.9176378974403,1460.2265878808325,773.7009056421076,True,12.963944050970113,True
0,644,branch_opposite,736.6691016217949,477.57042068906316,1485.854083933384,877.9264616136087,487.13157413157427,True,6.909911366054642,True
0,645,branch_opposite,1127.4885080732079,714.9718315496041,1340.4409936123784,1335.0711800299428,680.9079745677966,True,20.65777831677777,True
0,646,branch_opposite,692.1672613540609,442.76217907228244,1144.23836866493,821.6652998071762,494.8170218795262,True,11.834610333675656,True
0,647,branch_opposite,1129.8352516131192,684.0631140246742,1373.356074254852,1320.7838732195419,691.4692470837257,True,7.748478131123652,True
0,648,branch_opposite,719.3386023368581,446.7428703051179,1070.435653199108,846.7745963244291,504.25878108030406,True,3.5749522105897555,True
0,649,branch_opposite,1130.0709676715849,694.330118405641,1456.0772291501687,1326.331295453509,688.80015794361,True,2.176307257507099,True
0,650,branch_opposite,1187.3154612717915,749.5191462916357,1410.0618492804438,1404.1000517173943,731.895828907167,True,22.113133914074673,True
0,651,branch_opposite,984.4477735777807,613.4829695122073,1209.0485985200949,1159.95636675858,583.0566602151974,True,5.544741393635144,True
0,652,branch_opposite,747.3431721067517,467.3080277689386,1278.4293991936943,881.4185213120252,501.59077006676364,True,10.447011433210635,True
0,653,branch_opposite,521.6194892333119,316.51557116123297,1470.4291613143832,610.1385075009958,569.8377676461155,True,9.090024997700693,True
0,654,branch_opposite,1130.61777977805,728.2084499716705,1438.3138717864526,1344.8360905926006,680.7931939389632,True,14.83099822558823,True
0,655,branch_opposite,188.55395457125408,120.05871242715301,1425.9526413901942,223.53229792163006,813.2160006249,True,17.16800176782835,True
0,656,branch_opposite,875.5150975728839,536.0965830060713,1352.4155206689236,1026.6090942461215,535.8167474561963,True,7.731740623185576,True
0,657,branch_opposite,854.6636812960566,519.3191766760876,1451.0107333797046,1000.071205159941,531.490672238439,True,7.028719574604176,True
0,658,branch_opposite,717.353927885825,435.9845360633193,1405.4404095779703,839.4517100700725,512.6427324672729,True,7.763159674598856,True
0,659,branch_opposite,1183.9235387493427,717.3391450295427,1471.4766388998025,1384.2869625177004,735.1739743663321,True,6.297898658390083,True
0,660,branch_opposite,852.7445041911255,539.1563592141075,1089.4470795086418,1008.891852038255,516.6563926542286,True,11.894184149080559,True
0,661,branch_opposite,740.249097926149,459.07638198266613,1309.1384859166296,871.0452637347684,504.58183535410814,True,11.845325795088447,True
0,662,branch_opposite,905.4223075282896,573.1227515779898,1390.7161094796882,1071.5685901267257,536.6567614712443,True,5.643545101299102,True
0,663,branch_opposite,1209.7392565894306,743.5901660477336,1482.5872744615071,1419.9983816809245,755.0287471163138,True,16.10619760191167,True
0,664,branch_opposite,541.8271460300955,330.2984064160738,1413.866664526371,634.5657518777043,558.4342731746242,True,7.949415864358831,True
0,665,branch_opposite,1222.868814254819,748.0892109216882,1468.1646819536645,1433.5430249470787,767.1250233250464,True,13.836614130033897,True
0,666,branch_opposite,996.0577189048083,614.0006973115505,1273.63696895954,1170.0973616280487,593.1320844873908,True,6.218810105029373,True
0,667,branch_opposite,831.1937920244541,507.66961089038114,1172.7730143467934,973.9669161329775,522.9761377717014,True,12.613359214806247,True
0,668,branch_opposite,838.6182675774008,512.6628317849444,1318.4880919157686,982.9057827728349,524.61712923688,True,14.321455066345349,True
0,669,branch_opposite,1237.0135330674957,768.3514402501457,1479.2176898548123,1456.2164731682587,777.7857009894402,True,17.08511412562027,True
0,670,branch_opposite,374.33959349240513,238.25622798321578,1323.9158741243364,443.7298293205554,652.2909545217813,True,3.1109292757335556,True
0,671,branch_opposite,1263.4587967251136,800.7743712958161,1499.7083313742837,1495.8501678798855,799.9349193447491,True,47.61059494146133,True
0,672,branch_opposite,25.5626941217615,16.3333018073455,1489.3031775401423,30.335261309119716,973.7198640219664,True,24.299294448065016,True
0,673,branch_opposite,827.6703599169812,512.5065181744421,1413.61941988335,973.4994380359934,517.0499656801968,True,12.656318304718582,True
0,674,branch_opposite,769.6919194675488,480.64532531886164,1356.106214287038,907.439022548906,503.6402237690468,True,1.6495690261203744,True
0,675,branch_opposite,1008.3778822243353,618.38257932075,1319.3957337906852,1182.8875549969316,602.1855493984348,True,2.6634476050442393,True
0,676,branch_opposite,1185.0559499865699,761.1860930202325,1483.5729402841182,1408.4608169224934,727.6179545061983,True,9.322478915210832,True
0,677,branch_opposite,783.5350838354002,486.6074326705128,1178.4066065437253,922.3415967694048,507.3758506769376,True,4.3906630882724045,True
0,678,branch_opposite,1227.1251233048645,765.4299920157999,1481.1141770207428,1446.2776845831806,768.4528774234973,True,16.5364235769244,True
0,679,branch_opposite,839.1947391768606,527.9358203736784,1453.6156742501594,991.4454300140517,514.3414664303507,True,4.9102945898001895,True
0,680,branch_opposite,760.7380220683137,473.9419547690533,1291.0574795973346,896.2942121372432,503.76413543372996,True,11.833275626075174,True
0,681,branch_opposite,903.6809668564865,544.4354817589855,1223.3875445110748,1055.011508779318,552.3840061936478,True,11.908971722626463,True
0,682,branch_opposite,702.4798735010036,446.1253459889116,1090.8963300224254,832.1693319317361,496.61010864248595,True,14.92693849176598,True
0,683,branch_opposite,1114.92300888887,700.6379304170435,1443.5682068463607,1316.7941468919466,672.504096262304,True,13.819532658770672,True
0,684,branch_opposite,1030.649075764073,626.0711702966977,1336.3814851613288,1205.9032414128483,619.0134390776847,True,4.684815320485863,True
0,685,branch_opposite,1091.9732444394047,656.8783220335379,1306.322431156729,1274.3212689620761,664.1038331622502,True,12.872342076875558,True
0,686,branch_opposite,867.7546039194692,550.1747513949432,1213.8688300135072,1027.467911759741,520.8072786584752,True,17.702717138775657,True
0,687,branch_opposite,115.10079890240905,73.73015592324627,1429.814056030135,136.69063537945465,883.5488931447359,True,11.6958711610756,True
0,688,branch_opposite,1233.3924044116718,800.4611558679641,1497.675516850019,1470.3723628094626,770.071113805678,True,39.90344459390255,True
0,689,branch_opposite,1097.3762498318326,684.6013114869688,1482.4255382922945,1293.411608647709,660.2980544770195,True,7.81509748657186,True
0,690,branch_opposite,334.03883570536095,208.17072996064292,1005.660190863543,393.59496512498737,688.7620150654406,True,13.064825716097353,True
0,691,branch_opposite,1029.6769697655884,628.9750445749414,1308.6087088496724,1206.5837180915769,616.9245664717052,True,21.924777251772145,True
0,692,branch_opposite,1257.2195766562957,774.7077273432334,1483.6476582594985,1476.7440965628246,796.8784084924796,True,21.474718576950607,True
0,693,branch_opposite,739.7734277310481,464.2467830705024,1356.2736805320812,873.3783830438296,499.9785482706574,True,13.213973427092254,True
0,694,branch_opposite,1022.2150501365049,647.1586958392509,1263.908140670276,1209.850398324494,602.7685176526297,True,10.19508775215719,True
0,695,branch_opposite,1135.2874822960885,682.1599696130144,1361.4542385836387,1324.4696642809981,697.2388461097167,True,9.094270909260333,True
0,696,branch_opposite,825.3383068359547,523.3691598000229,1437.2207294937489,977.2914601901638,507.6604752956088,True,16.593187357464483,True
0,697,branch_opposite,1122.531127967772,692.7506663852735,1406.6469591243997,1319.082870419383,681.995161362246,True,13.965398183048778,True
0,698,branch_opposite,966.4080057287865,621.3390311600393,1424.6761183900903,1148.9154125433197,563.4323592461201,True,11.500717674282164,True
0,699,branch_opposite,1226.4760304100143,777.1938840107409,1484.2470639437745,1451.9895958697525,766.0859746048355,True,13.2507402199901,True
0,700,branch_opposite,950.4422084105977,612.8075735259577,1270.1668560270173,1130.8728990028835,553.4820133531288,True,12.573622946015524,True
0,701,branch_opposite,627.2731418407766,382.56636772754666,1433.3419398671206,734.7303043913784,525.9874718815688,True,7.793378286723684,True
0,702,branch_opposite,112.99826289344796,72.58004848773732,1450.118565646192,134.29992872454952,885.4439928451778,True,1.9791880798052142,True
0,703,branch_opposite,1168.6772902214902,710.5176401835247,1492.9834688637452,1367.7141242567504,721.9389917058085,True,29.90834355729048,True
0,704,branch_opposite,1061.6111233510487,658.6744875313584,1337.424391372698,1249.347933022412,635.0150171835943,True,17.26149273703515,True
0,705,branch_opposite,902.3887225843134,548.9776758485464,1484.9107560551354,1056.258441494041,548.5808654270552,True,16.840445773055247,True
0,706,branch_opposite,758.0964776730741,475.34300900416054,1265.756703583068,894.7967622144434,501.09018209151117,True,9.814723086155121,True
0,707,branch_opposite,632.4234571003874,388.9077879874852,1025.5969520215074,742.4343046008343,521.5501601761982,True,11.053608076531615,True
0,708,branch_opposite,1276.3399975837333,787.8440784031452,1499.9488205122848,1499.9140246383943,814.1702945932685,True,34.67383141470976,True
0,709,branch_opposite,1207.3831026661271,773.0804460462205,1491.3408776549231,1433.676160317492,747.781610295408,True,16.767883033495902,True
0,710,branch_opposite,290.5792215005015,187.28388027248337,1255.3404580322035,345.70440520443964,718.7297347028685,True,5.9082873159182725,True
0,711,branch_opposite,1040.2942878775475,643.299770074615,1252.7511782805693,1223.1299193334721,620.9212872960869,True,10.454481254515263,True
0,712,branch_opposite,16.27426552373861,10.449302462063692,1281.658147447944,19.340104453720965,983.1968060056568,True,32.94803369583598,True
0,713,branch_opposite,1059.3403309065056,658.1269028068377,1343.9443528247014,1247.129887735526,633.0872390939561,True,17.299488513966914,True
0,714,branch_opposite,319.40004773552545,204.88611045108894,1405.4265547628333,379.4663473211185,694.9634253083188,True,6.7875836165780905,True
0,715,branch_opposite,508.65348975275907,323.2988849130152,1182.9130130384028,602.7026975413825,561.9950722494407,True,2.5176790545263983,True
0,716,branch_opposite,259.6985545077483,168.17723075631054,1327.2388711625258,309.3976731623482,745.2891212820437,True,13.728057266808955,True
0,717,branch_opposite,393.82603971802104,248.86636767706312,1124.4186284542504,465.86845624141097,639.2438970052209,True,4.1909862312978765,True
0,718,branch_opposite,1036.8344978632656,664.3439117167701,1298.762148279006,1231.4132567885201,609.8477556114187,True,20.52425171419175,True
0,719,branch_opposite,862.4466587720772,536.8841560107569,1043.8966702337384,1015.9029659384317,525.4218064011097,True,16.317805562755133,True
0,720,branch_opposite,684.4763790994107,421.41467879293737,1041.983164951894,803.8023669081815,510.6259258424691,True,13.006784734551038,True
0,721,branch_opposite,1196.2042075080262,760.6564171195378,1431.3000235915865,1417.569289652198,738.6972675303327,True,16.053057268233797,True
0,722,branch_opposite,351.45064247030507,216.92620559324257,1043.8204280606842,413.0066982094503,676.9654542439042,True,14.195350899602365,True
0,723,branch_opposite,1001.4697242406546,617.9840617157661,1288.6311757018752,1176.7947608250847,596.1700287901399,True,5.1932750900868765,True
0,724,branch_opposite,520.5262532290944,315.72049080150066,1379.5275501323194,608.7914327687765,570.5273199900233,True,7.635536313872304,True
0,725,branch_opposite,765.0446569893738,485.6506413414944,1103.9488843707154,906.1732023313168,496.84873635593544,True,6.646261978720694,True
0,726,branch_opposite,712.5673257158978,455.256906637866,1413.157522262189,845.5832571186501,493.50479009009274,True,5.632064579758128,True
0,727,branch_opposite,820.3870859290237,493.6238156872605,1094.2967883932652,957.4442240531642,525.8624356103652,True,13.957854173898376,True
0,728,branch_opposite,980.7513865271566,609.2427076105805,1333.6964059206514,1154.5778271522504,581.7732415685222,True,28.900767909261862,True
0,729,branch_opposite,924.7984794031718,574.0674215812597,1159.5377545465576,1088.4877730261258,552.0389021731876,True,15.467298845795844,True
0,730,branch_opposite,666.7716334863449,430.48635606816015,1221.3568013290515,793.6642325208384,495.0498788256137,True,5.231411630024916,True
0,731,branch_opposite,1115.9373114946886,705.0247166390056,1328.633861922136,1319.9908841571232,672.300245883951,True,24.305654467344798,True
0,732,branch_opposite,709.4909780645364,443.51103825687386,1109.7649968613991,836.7075289554067,502.2511050965599,True,4.453411470890837,True
0,733,branch_opposite,1184.0899249991146,747.9568299236724,1499.4808278488406,1400.5385999371379,729.0148185538419,True,20.24368676947693,True
0,734,branch_opposite,231.03865350948928,147.4838455093481,1281.749532801023,274.09915012947977,773.4689095067962,True,13.783832921477325,True
0,735,branch_opposite,985.6486419005676,614.1090512897574,1465.1659097667373,1161.3066658537869,583.8314415287731,True,16.35115808648445,True
0,736,branch_opposite,880.0064846085984,566.7644006846537,1216.691362089587,1046.7250349717533,519.995224069221,True,16.482604885535345,True
0,737,branch_opposite,1180.2521700825025,724.4476198003848,1425.745154794164,1384.8536163865479,730.0137628418163,True,11.439291602458248,True
0,738,branch_opposite,217.29226239426794,134.21725417610227,1147.2949166999324,255.40203330238353,790.3585762248694,True,0.8816495935645392,True
0,739,branch_opposite,562.1567737752994,351.5614367106858,1019.72500759835,663.0352042565573,540.5401110899911,True,11.024667618396002,True
0,740,branch_opposite,910.4402801280016,562.0035960264674,1285.8842095875107,1069.9296919079472,547.2202143079564,True,22.626951137832275,True
0,741,branch_opposite,1273.8853062012086,785.6529616115275,1499.0340363433845,1496.6744300095165,811.994723991845,True,35.45356499748881,True
0,742,branch_opposite,1193.180146938909,768.9975157775659,1467.9512279998232,1419.5196519672506,734.36550156303,True,15.64080980471821,True
0,743,branch_opposite,1078.2090065570671,648.3538477427213,1362.8152228429747,1258.132494494745,654.2046188497949,True,14.199662261527124,True
0,744,branch_opposite,971.30043499281,586.3584573304314,1205.8095488872095,1134.5663380781862,584.7604324918842,True,12.417366429014438,True
0,745,branch_opposite,1108.5636369068009,717.4564398720456,1452.6885189284048,1320.4760808836727,661.961986543447,True,11.780602812631319,True
0,746,branch_opposite,461.0546235038164,290.69746204192194,1349.956833274524,545.0471358441034,593.1518025009162,True,1.3424473605357619,True
0,747,branch_opposite,1170.5749987282888,706.222913069662,1421.597602958085,1367.1125157032002,724.8216288744287,True,12.589712103570749,True
0,748,branch_opposite,471.7110495931633,304.6097136046179,1080.3838605937844,561.5143737524188,579.2135793341192,True,9.733271612749384,True
0,749,branch_opposite,329.96352406144575,203.7529719371347,1398.3456025197884,387.80304380479413,693.8944220932049,True,11.82167153749134,True
0,750,branch_opposite,1104.1046653144829,670.3628251232797,1479.9315572578564,1291.6785317084398,671.1079573717321,True,23.11453836170165,True
0,751,branch_opposite,674.9869059027172,422.0160898843423,1326.360251325892,796.0558417984212,506.12413278361083,True,8.722267621162974,True
0,752,branch_opposite,678.6412342695298,426.27837005334266,1236.4839506596852,801.4157308327591,503.7563822918153,True,9.468027462259526,True
0,753,branch_opposite,852.3652935432733,540.2188817609167,1451.3384520178495,1009.139749414384,515.6653756870573,True,9.839255861984249,True
0,754,branch_opposite,631.3791431211262,388.4630529236615,1151.7217953724414,741.3117872090926,521.6438597613114,True,12.090785380241979,True
0,755,branch_opposite,1017.0790107466192,658.9730811929878,1352.6441960641587,1211.8973701755037,593.4724304293993,True,15.004955728302182,True
0,756,branch_opposite,1245.4740223700371,774.6569703359675,1499.991972103813,1466.7307053746097,785.2521609621923,True,22.370439323583724,True
0,757,branch_opposite,923.1922907360406,569.6240584090007,1162.421756837019,1084.7836528971106,553.221445440038,True,13.272244060146397,True
0,758,branch_opposite,714.4262931923178,461.3707229910135,1343.627429687357,850.4515697191499,489.1395286051532,True,12.88446466138464,True
0,759,branch_opposite,490.59437477729597,314.6140687717416,1231.9068442530936,582.8077323030607,569.6507498175743,True,6.293948485920325,True
0,760,branch_opposite,757.5607131205609,462.67341500917473,1387.3411874913882,887.673883258928,511.1667002387641,True,8.785856536088156,True
0,761,branch_opposite,700.4968503640773,428.32343143302865,1497.6870909098984,821.0705202871169,511.4637156441034,True,10.464078782418568,True
0,762,branch_opposite,753.9627688635089,486.2716144632065,1291.4970483209522,897.1733053680222,489.7961890439473,True,6.716488157325977,True
0,763,branch_opposite,491.43447752201524,311.55985734639205,1368.3336397559237,581.8740331094353,572.7365238560066,True,2.3622815892554123,True
0,764,branch_opposite,629.9647173755856,387.8742353487704,1190.3772640113566,739.7985993400465,521.7618126230615,True,9.571792550532686,True
0,765,branch_opposite,928.6860535023327,595.8953256386797,1204.884160237883,1103.426039699882,543.3868966221914,True,7.920001872317195,True
0,766,branch_opposite,536.7918992718071,323.8957678826739,1314.434021481533,626.9401977670126,564.1436210892248,True,7.248828564739471,True
0,767,branch_opposite,1038.1204521845361,665.2777526038304,1285.318853381855,1232.9998221222213,610.712948565396,True,18.621706541151774,True
0,768,branch_opposite,682.7096705837587,432.3884039310784,1348.8542161704045,808.1164681917141,499.94852239140664,True,14.302000471614422,True
0,769,branch_opposite,936.035123092496,578.315968641378,1282.4409498795474,1100.277742776068,559.0425633104652,True,15.804332786164261,True
0,770,branch_opposite,182.98521473761673,109.99227212631443,1024.186837179232,213.4991539563586,824.5845805066089,True,4.0357867433867005,True
0,771,branch_opposite,940.9115724629852,592.8626413144477,1228.0925966650875,1112.1154160702524,555.3758426163494,True,17.867657503791072,True
0,772,branch_opposite,1073.1135584176236,655.9565365793093,1480.1714706159155,1257.7168549164226,646.7357176694743,True,7.2776807447480865,True
0,773,branch_opposite,782.6759140586404,494.14163543268216,1455.8811767772622,925.6119825907689,500.9591586727433,True,2.7780092318973133,True
0,774,branch_opposite,1232.0180439277497,798.5531294153731,1487.0340589984455,1468.1810382451629,768.914065007921,True,3.709078717066785,True
0,775,branch_opposite,651.3568227090468,399.8836149469721,1188.7136184559909,764.3118578124265,517.5534931023124,True,5.325800024400209,True
0,776,branch_opposite,1182.9165729300748,756.4343569563812,1469.6625231461426,1404.0956359510014,726.3274964399475,True,19.699753469040488,True
0,777,branch_opposite,1011.481138212365,608.7456576443881,1189.867701810549,1180.5360514021925,609.2623183999536,True,4.805766851129597,True
0,778,branch_opposite,847.4460477902373,513.9066015501649,1355.7861737238684,991.0927297847226,530.0241220043727,True,7.803235831867527,True
0,779,branch_opposite,849.4319896155436,513.5607345791631,1267.570648716806,992.6123780629125,531.6890431934773,True,2.941728630378064,True
0,780,branch_opposite,1105.1745383504654,677.2461065416911,1444.5926780457337,1296.1763186557775,669.9682148052764,True,11.1691405033195,True
0,781,branch_opposite,585.3247171350387,360.99011671437614,1493.9851492503415,687.6909835490588,535.8567556684196,True,11.501416387948572,True
0,782,branch_opposite,743.2399881280705,478.94119419795095,1342.9453705521246,884.1890903264832,489.6542882126195,True,16.189113435846412,True
0,783,branch_opposite,329.88730118507016,199.9075666979776,1452.1670617635982,385.7313400623231,697.6786324542577,True,18.539721365202784,True
0,784,branch_opposite,982.9497467307509,600.5774085812243,1293.0125642040507,1151.904261775338,587.8380319454424,True,14.856672440583427,True
0,785,branch_opposite,1106.0302455818587,681.63178489713,1489.2544723427663,1299.2015987997836,669.4447406348079,True,28.706086769837086,True
0,786,branch_opposite,604.9492113103776,379.61803173848375,1495.5719345915982,714.1942300845396,522.5011281938833,True,13.840448265330597,True
0,787,branch_opposite,1170.6872243123878,714.7384694434377,1486.3115837150347,1371.6266463110837,722.8915112989586,True,18.180293625822056,True
0,788,branch_opposite,1160.9459907388296,718.2791363525029,1376.1105465309893,1365.1814938431667,712.5933026094532,True,19.093430962544446,True
0,789,branch_opposite,558.1792924700358,337.8178615425941,1038.1544588111303,652.4454230964924,553.4149261019872,True,9.779510079506908,True
0,790,branch_opposite,533.6367288391795,342.20626558227843,1420.4702523343472,633.9347652321561,545.5855084073874,True,10.901255277511877,True
0,791,branch_opposite,1249.9451763493093,765.6209567028149,1492.9253940051294,1465.7893413521058,790.9797826201573,True,26.225721946642036,True
0,792,branch_opposite,420.6555065821261,258.1923620016828,1028.4889454366812,493.57304526672965,627.3952446126748,True,11.607812085796704,True
0,793,branch_opposite,1145.1915557361367,737.9598905606281,1371.9634761598136,1362.368709052585,692.8711053223028,True,11.05070808060536,True
0,794,branch_opposite,908.8293391630077,580.6385164744204,1418.7136426172444,1078.4766360645394,535.1449722792195,True,8.674184499062685,True
0,795,branch_opposite,1219.4802446675749,747.2808841091844,1452.1614740050268,1430.2310257051106,763.9341932805698,True,38.45134366478606,True
0,796,branch_opposite,878.2936585430616,539.0939292787657,1200.267673969508,1030.5445236486269,536.0012359498471,True,12.548037795654473,True
0,797,branch_opposite,1271.7457714505529,773.0238920467815,1492.845105039835,1488.2551007396264,811.4984137225081,True,35.10514345844578,True
0,798,branch_opposite,1244.500380644764,782.9978225520762,1470.923892054,1470.3288025289633,783.1707000098969,True,12.984657714984097,True
0,799,branch_opposite,1044.025983590943,674.1928153545689,1383.333188398349,1242.789687231414,613.1262112111282,True,7.919087188355732,True
0,800,branch_opposite,899.4886120355816,573.2254579170522,1117.0249017769424,1066.6148268170246,531.7696699459071,True,15.869752033719195,True
0,801,branch_opposite,1101.802292385098,699.0967820526514,1430.8518016933187,1304.8772364408192,660.3185840188061,True,30.06499565569038,True
0,802,branch_opposite,937.7295921180909,574.8182124208284,1138.4708623266988,1099.8876148337329,562.3766083227073,True,2.268532205651216,True
0,803,branch_opposite,1020.3022089268165,652.4512837555998,1487.534041145606,1211.077732936772,598.9455014912327,True,16.96188234965757,True
0,804,branch_opposite,888.878509270635,565.0101690341971,1430.6326105228782,1053.2528164478074,528.1122763862423,True,12.710043506122929,True
0,805,branch_opposite,682.3793647133705,422.3800916484726,1367.9498848742342,802.5251019174385,508.8642284237905,True,4.946981508374929,True
0,806,branch_opposite,1083.3814725929105,666.743552770578,1278.6984514287403,1272.1094215195153,652.688928694436,True,15.344675608292844,True
0,807,branch_opposite,929.0992161378489,565.5538902688037,1285.4869682157837,1087.6932270756047,560.3948697020569,True,6.0284686897838125,True
0,808,branch_opposite,1208.62672201657,750.9685169394802,1440.7213526208945,1422.9308720408035,752.5982548949182,True,37.016069528874766,True
0,809,branch_opposite,1052.9074849966814,673.0802157331875,1344.9284294499876,1249.66041338176,621.8561010759029,True,28.15595816704545,True
0,810,branch_opposite,267.8419555050489,164.7762950455671,1278.5452704864797,314.4686638406319,746.3319343033173,True,3.817767853711282,True
0,811,branch_opposite,1225.365963142249,752.9724896287746,1483.0692196243526,1438.2243614142012,768.7367347179702,True,18.338869987863873,True
0,812,branch_opposite,309.39188003738525,196.4646952328983,1292.0580461687694,366.49926590107026,705.3733635132805,True,17.826480160580424,True
0,813,branch_opposite,818.591518752218,507.58829957995397,1085.6104136298704,963.1915471200585,514.3597949683989,True,10.615276415996908,True
0,814,branch_opposite,955.591454968918,592.6004589249945,1191.3621247295068,1124.4244450952353,568.0665213458377,True,21.422095910038774,True
0,815,branch_opposite,1232.2236630307455,744.8483005309001,1474.060379109275,1439.852126621577,776.9072021561219,True,22.940081059435276,True
0,816,branch_opposite,1097.6813730022482,670.637028538107,1342.70663899048,1286.3352676042598,664.933386111664,True,34.151661192098985,True
0,817,branch_opposite,666.5719882186137,426.66639542923895,1314.7429423439073,791.4306213852831,498.4706059698826,True,16.060600329354582,True
0,818,branch_opposite,1069.5579322350616,671.7492039806597,1304.6262326078995,1263.0127328952747,637.9875260674658,True,4.828748561177363,True
0,819,branch_opposite,1000.7000462567357,638.2187368992984,1450.1946235240039,1186.896684091572,586.7277740184993,True,21.726796171899043,True
0,820,branch_opposite,1233.359866816995,761.2698067958738,1474.458756484979,1449.3820337695176,775.2604743775191,True,22.560187558094437,True
0,821,branch_opposite,1259.7190655888137,792.584387960531,1494.5932011995085,1488.3152005696654,797.1112233893565,True,16.300900151688836,True
0,822,branch_opposite,535.7374459518512,330.1815153754272,1363.9839457745989,629.3126759335348,557.7761932871085,True,10.10791874284863,True
0,823,branch_opposite,959.6384140568107,616.0530660555137,1358.9288383293183,1140.362778211333,559.9593635068517,True,24.25637703775221,True
0,824,branch_opposite,1081.7176343860035,686.2704299720324,1463.7330370687655,1281.0465032916056,644.8731073370815,True,15.015487931557516,True
0,825,branch_opposite,815.1092731921864,507.2691751017497,1104.6969870080763,960.0651765647497,512.2261031339342,True,7.361648273281204,True
0,826,branch_opposite,1018.2547918689033,614.6261527997799,1438.7405307063013,1189.3729982093262,612.7077637934307,True,13.462476181113757,True
0,827,branch_opposite,965.585643118249,589.6572953266308,1421.1875906778032,1131.3935478550334,578.1622004668245,True,1.5461003588457272,True
0,828,branch_opposite,440.17525195515543,282.77364795275264,1104.1482652941618,523.1779701117889,601.6733312764624,True,5.120969791423686,True
0,829,branch_opposite,1144.5108596657008,699.6726878568936,1350.91502072766,1341.4346715459578,701.2724316250794,True,12.641479175029508,True
0,830,branch_opposite,609.0423836899229,382.1504292279945,1063.494888991307,719.0073544059502,521.151940714326,True,5.557644252537431,True
0,831,branch_opposite,803.5422520234071,517.8678250605253,1223.956996818571,955.9640343756492,496.5948355296725,True,7.1959767413298765,True
0,832,branch_opposite,657.797405623734,402.7685786334753,1276.5279366388722,771.3105436720966,517.1876282492692,True,15.02225827982172,True
0,833,branch_opposite,442.33773568816855,272.97822119380714,1115.8237649726273,519.7882084655934,611.3645190950818,True,14.060989711566666,True
0,834,branch_opposite,543.0567197503688,336.9107791786643,1239.997258525616,639.0770485573748,552.0470541359949,True,12.475547323972862,True
0,835,branch_opposite,1148.3216207131381,742.6157913807663,1423.7419604297856,1367.523585977708,694.9704944689714,True,14.901906979897058,True
0,836,branch_opposite,327.15123853458675,203.5504691109568,1325.1737258926591,385.30601649858085,694.6570173174993,True,10.04201630004901,True
0,837,branch_opposite,1009.87183266387,629.905916816075,1440.1676989459702,1190.219552203619,598.5484812839732,True,9.25067941395542,True
0,838,branch_opposite,550.9319632314393,341.4304787346705,1057.917031735913,648.1518340011346,548.7069985973737,True,8.196408205222069,True
0,839,branch_opposite,820.5285763969181,526.0743012158646,1497.7436722660182,974.6903688267948,502.3550836976911,True,15.99264792174004,True
0,840,branch_opposite,1036.4445695596264,644.6386251354896,1306.939653930218,1220.5639281849246,616.8535524439823,True,10.68320055892726,True
0,841,branch_opposite,1007.335421562502,630.5770986754353,1208.9452668135352,1188.4242209364606,595.9670559207158,True,9.601792759331206,True
0,842,branch_opposite,743.7562543773072,453.7745886070171,1275.0747988324442,871.2546947884007,510.93802695070684,True,13.013461326966043,True
0,843,branch_opposite,1165.2213225851265,736.6925212450516,1399.2511758637158,1378.570492018969,712.7250773612329,True,39.330211014932544,True
0,844,branch_opposite,772.0809047183684,472.2668592634539,1377.084518663026,905.0662460777671,511.78843775273174,True,12.128933726897765,True
0,845,branch_opposite,870.5337317533056,555.8924837564309,1089.4758431024193,1032.8820995724682,519.3150847754124,True,8.92013172080079,True
0,846,branch_opposite,826.7219441094637,529.2442621394738,1117.8488252529164,981.6153329485472,504.48945737289523,True,11.22366835438286,True
0,847,branch_opposite,746.5763521165941,481.28020958606464,1379.8504545495684,888.2605978421687,489.61369241277475,True,6.080259945978133,True
0,848,branch_opposite,944.4226859536345,586.689716324771,1471.9982600134767,1111.8178956039148,561.6108401441459,True,13.615726373142145,True
0,849,branch_opposite,779.2747415642569,498.8014749412771,1193.0427891487304,925.241608577799,495.19711863156925,True,12.307403404782654,True
0,850,branch_opposite,531.5783978166035,324.0457000016167,1392.8588468566272,622.5602048917076,563.3812413878638,True,6.207915901681983,True
0,851,branch_opposite,1233.1750676745319,793.7866253769901,1490.0429545620295,1466.5667233922486,770.6062469994994,True,27.690536474234264,True
0,852,branch_opposite,1036.565949914678,670.1153220580002,1393.8803334616425,1234.310946795586,607.543251386478,True,24.629380784432264,True
0,853,branch_opposite,688.2282237972213,423.9429995009526,1264.0171478768557,808.3228036229974,509.94771121841524,True,0.39272079905798274,True
0,854,branch_opposite,993.929836865622,640.925624400288,1204.8465421614465,1182.6589434932714,579.4462778422832,True,11.022101633574215,True
0,855,branch_opposite,469.2539192672386,284.3177031424336,1349.1907371842613,548.6672917787728,599.4943441309766,True,5.035256677505136,True
0,856,branch_opposite,1205.3021023407794,775.4061683322748,1493.5381898175735,1433.1810366436064,745.3818250178064,True,14.198578063554427,True
0,857,branch_opposite,853.3926215424353,527.0329139110629,1095.0353159907695,1003.0167789467214,525.296996414697,True,6.650107853208139,True
0,858,branch_opposite,1214.407391581388,786.3891427204406,1466.9412567171682,1446.7871980758264,752.8916994475235,True,28.931949016886986,True
0,859,branch_opposite,381.12022693190926,237.50562833096254,1137.448303321038,449.0674235184682,652.0974465973081,True,10.907580896632211,True
0,860,branch_opposite,790.7334527486521,483.29015203636607,1145.9898967218119,926.7301464564205,514.4640372919448,True,5.841636676480352,True
0,861,branch_opposite,1154.6185810195545,733.1928814002265,1451.8089081502003,1367.741155691228,703.095458934998,True,29.706326893954472,True
0,862,branch_opposite,923.0338549194021,576.4448485469045,1180.364462838769,1088.2463695062968,549.2451468364628,True,10.67541395596989,True
0,863,branch_opposite,139.52254084861096,85.11861563222232,1260.3596532007987,163.43719935191717,863.5417559307152,True,8.35814871398818,True
0,864,branch_opposite,607.1333301203017,392.4212204631176,1474.9492670079212,722.9144450159577,510.74894391696967,True,7.470677681300686,True
0,865,branch_opposite,811.9870121138795,526.0524746280628,1071.5813520381214,967.4988960737547,496.41139274912905,True,9.004118249440346,True
0,866,branch_opposite,1230.3654225614175,770.404269112207,1485.4320765159962,1451.6617412128244,770.9072200310735,True,10.446468101703811,True
0,867,branch_opposite,910.1387801810597,578.4745311522875,1158.669874289597,1078.4179998411219,537.450968067661,True,17.11809567778824,True
0,868,branch_opposite,1268.4161676263036,786.6436996097956,1494.2861045879908,1492.544097985579,806.4459925217519,True,10.288924068798995,True
0,869,branch_opposite,817.8319294534783,514.6329565025751,1025.0601257513053,966.2795375832919,508.7068365012461,True,14.494574850401598,True
0,870,branch_opposite,497.22172703344756,317.9765887058999,1394.4823018168745,590.2021321540318,566.5958611626361,True,5.611029309390255,True
0,871,branch_opposite,852.1773275217032,533.1056978158705,1028.065460075247,1005.1904707993299,520.2931079993125,True,12.256387578349807,True
0,872,branch_opposite,803.2712426866549,501.4414095680223,1221.6923489386481,946.9362051146464,508.6419433368252,True,3.794714155676528,True
0,873,branch_opposite,484.34927406354905,295.12344400850986,1298.5143431636043,567.179042709911,588.9182502158575,True,3.7014687086962352,True
0,874,branch_opposite,1029.5450695082823,655.3268268061072,1429.070592767282,1220.4164453499368,606.3921271522505,True,13.057603850781703,True
0,875,branch_opposite,1164.5650688179503,712.3449451609056,1413.778172057304,1365.154614103198,717.5088060886071,True,8.166428646016042,True
0,876,branch_opposite,947.5452762277827,613.1866219058509,1428.0472105325093,1128.6451540612284,550.7715746094232,True,10.411591180059181,True
0,877,branch_opposite,744.8427858839761,467.9525799828233,1060.7217474904628,879.6421958932981,499.665235444973,True,14.030794150460999,True
0,878,branch_opposite,1226.1108514536973,766.6465483058946,1463.641191101504,1446.0618071444433,767.2640147679249,True,12.502509176621588,True
0,879,branch_opposite,1239.489146174428,751.7722854502822,1452.9602688342934,1449.6533767267792,782.8590827696829,True,45.56038805447007,True
0,880,branch_opposite,634.1500887889633,408.6104575730317,1037.9343049421957,754.3930283009596,503.4602992249062,True,6.9056753160930295,True
0,881,branch_opposite,599.967254706032,380.72188085676953,1275.0352501925117,710.570093152399,520.1483162671741,True,12.204420317976227,True
0,882,branch_opposite,772.6835136376598,488.26544337530106,1157.30021204334,914.0256864234827,499.38178322111725,True,6.831373568349641,True
0,883,branch_opposite,438.9387226458073,281.56862371407306,1224.4239842182267,521.4864256125659,602.9351009090993,True,3.6022580337008594,True
0,884,branch_opposite,993.9505464153789,623.6958542859484,1360.4230556745688,1173.4283989118846,586.8955117322535,True,19.428640876798994,True
0,885,branch_opposite,986.4382954493622,619.4215547220099,1182.840800981206,1164.7933607225254,582.0998112990603,True,21.47728079167165,True
0,886,branch_opposite,1195.6589036091145,740.5751592181881,1429.461060710265,1406.4322878229134,741.7742425169927,True,26.470458408763974,True
0,887,branch_opposite,284.26620732916524,179.49987768784734,1468.0425959200643,336.19560187376055,727.8424079421291,True,14.471863038615485,True
0,888,branch_opposite,944.8095016766881,585.9381341360227,1162.9884866989414,1111.7501929360549,562.3368801404657,True,17.053282805138757,True
0,889,branch_opposite,539.0071311915144,346.35350103063655,1300.8292106107135,640.6944943976697,542.1475088778498,True,8.16392959731039,True
0,890,branch_opposite,1186.4160579204404,736.8613350246573,1439.472457923737,1396.6200949240986,733.4425759137478,True,32.81760808868367,True
0,891,branch_opposite,795.2787066389204,495.1672577487733,1135.70531495727,936.8344754436155,508.1890846628844,True,5.0705674007863,True
0,892,branch_opposite,1241.0649567085259,776.1254411981198,1477.449725650944,1463.7666915341772,780.6822290830454,True,3.212859523522394,True
0,893,branch_opposite,560.0367692320756,346.2240273066849,1448.7915099288355,658.4164791196839,545.4341147711079,True,8.736591091841715,True
0,894,branch_opposite,1151.510571210469,726.5511288521042,1458.4859932531788,1361.562755970406,701.5188728999098,True,32.30811790312059,True
0,895,branch_opposite,910.5087089060872,574.7763357711067,1424.80865894802,1076.7515707702914,539.8638477147675,True,14.753402783331731,True
0,896,branch_opposite,949.79250554745,576.9318117225693,1267.2474553543937,1111.2857953612063,571.3559375887957,True,11.523163082065262,True
0,897,branch_opposite,1193.527180976288,749.4090956405483,1416.3671325364962,1409.2980963437046,738.0230037285133,True,33.87750993906489,True
0,898,branch_opposite,1230.5586333468707,760.984575601126,1463.865357064875,1446.849015760575,772.5398798347867,True,27.995057888588494,True
0,899,branch_opposite,761.032109096853,488.86597110317183,1379.1830774635284,904.5218674963318,491.8735836671401,True,10.125502164039563,True
0,900,branch_opposite,120.76636285502528,76.38405930814892,1269.3213126851224,142.8952025563575,878.8634970162374,True,11.609286227163754,True
0,901,branch_opposite,1232.6566327568776,772.0585083092869,1490.0044868773653,1454.481596491439,772.9326712366718,True,25.808009441184353,True
0,902,branch_opposite,1108.1433627782076,718.7748950330181,1356.2865188588514,1320.840286408285,661.2249022961059,True,21.868610157047893,True
0,903,branch_opposite,1176.6252571832986,722.234598649275,1472.4868660512825,1380.6048715428115,726.9634218253583,True,33.2713497739436,True
0,904,branch_opposite,573.414530937716,368.34149371254165,1102.1801958491442,681.5274611348447,526.1682769246918,True,6.079794310457232,True
0,905,branch_opposite,1062.219681422414,683.830290723645,1439.1502927793194,1263.3030191178677,627.1148139025838,True,8.851202082893844,True
0,906,branch_opposite,997.8931824858792,626.336128231974,1378.7722634846723,1178.1713581565357,589.2739542633927,True,18.364915337150883,True
0,907,branch_opposite,936.6189859691983,573.1469856405438,1121.070022808329,1098.0676627725684,562.3704785955716,True,17.945691009978724,True
0,908,branch_opposite,980.864659575547,607.0880154005102,1479.129741168332,1153.5386161057563,582.8929358958318,True,5.382324218006049,True
0,909,branch_opposite,971.5660533985272,590.5777220828825,1470.2867077197795,1136.9796136857494,582.8550704480037,True,11.772292356578749,True
0,910,branch_opposite,783.4212912206287,490.4668246665025,1213.5011576439676,924.2870904844657,504.28899603204536,True,3.9438738673797396,True
0,911,branch_opposite,1111.084585624991,713.7770567086374,1343.1139649315814,1320.6008644163092,665.3331202184361,True,1.8547821220556153,True
0,912,branch_opposite,797.371010109144,507.44596043163676,1180.5299888885352,945.1465127274516,500.23734697202315,True,10.258716344845974,True
0,913,branch_opposite,896.5298081156809,542.4423591167651,1231.4763629548092,1047.8594418165544,547.9986979399379,True,13.472682524408981,True
0,914,branch_opposite,1195.9055968942678,755.7683424451121,1435.3404219676474,1414.6999625804997,739.2338031573896,True,29.623251083015266,True
0,915,branch_opposite,1255.482281487798,791.1637543734911,1489.7583737768325,1483.972993475341,793.0671294246561,True,9.627525601832053,True
0,916,branch_opposite,1158.0646602539998,709.776885589221,1473.1749634220132,1358.2698497154188,711.8219420908324,True,25.131791183223957,True
0,917,branch_opposite,1274.9322865257006,781.4953926320749,1498.1394658163183,1495.3887066347706,813.5464473815042,True,25.19914176597232,True
0,918,branch_opposite,1209.9536330973176,775.3928553255902,1471.709433702643,1437.0879842011657,749.9861296655332,True,21.666506386711127,True
0,919,branch_opposite,376.498491621525,229.74666178097306,1156.0627652036728,441.0608152996414,660.4116869603766,True,13.349310506350603,True
0,920,branch_opposite,1054.8994892611388,650.1139166403789,1432.544555352045,1239.1372147800682,631.8597208448903,True,16.50189292161909,True
0,921,branch_opposite,852.9560635241352,515.111668544722,1068.0989159715728,996.4306686235204,533.1501451343288,True,12.70752157236929,True
0,922,branch_opposite,937.1319283673163,585.1853297770456,1179.9280690704488,1104.833979089942,556.2435634419035,True,7.156832538225281,True
0,923,branch_opposite,1061.4438528249823,671.65850867582,1384.7024661058772,1256.1003960578028,630.3710868070655,True,33.22797685917246,True
0,924,branch_opposite,833.8075236671693,512.2150590057284,1214.6830990372657,978.5700042389502,521.5471864095155,True,15.868945114216878,True
0,925,branch_opposite,989.3286351716881,603.3687313541002,1417.5119298101367,1158.803250921627,592.1084632196455,True,11.826296404289577,True
0,926,branch_opposite,948.0110989222719,612.4143321750786,1457.8703380892143,1128.6170111837148,551.5569336365257,True,20.456204416337634,True
0,927,branch_opposite,1162.1715066482277,753.3519592236282,1437.1713248325075,1384.9843989486276,706.4759973387357,True,28.350727785387548,True
0,928,branch_opposite,1110.0418408709777,680.2484362957912,1311.6704859129945,1301.8950893090803,673.686807082795,True,31.756607652159904,True
0,929,branch_opposite,1072.892667534973,691.7124254613855,1284.5663370323612,1276.5440672330833,634.810200063214,True,33.667981754660595,True
0,930,branch_opposite,1162.9850302799032,701.870298758448,1485.139332014447,1358.3652295809181,718.5551427175801,True,21.859760708008004,True
0,931,branch_opposite,557.6642787471783,359.0194018730394,1224.7313440943572,663.2377995198144,532.4218619980879,True,4.1541244863693425,True
0,932,branch_opposite,1072.8294027671313,667.9913978223938,1308.0180416354729,1263.794063527122,642.326744930206,True,11.166054018059357,True
0,933,branch_opposite,921.3904821697266,574.5385541862466,1205.7818729881528,1085.8429770824987,548.9556769962761,True,15.76841529773591,True
0,934,branch_opposite,1165.245186018342,746.1204802717548,1412.4096463493463,1383.651731694025,710.86226790707,True,21.943107169597642,True
0,935,branch_opposite,706.2262978671814,437.55935928837073,1267.2931744851278,830.7910547785372,505.9303331898569,True,11.685862725652003,True
0,936,branch_opposite,719.8716750500531,437.7847682714901,1118.9393491773212,842.5382673029703,512.3047622686757,True,14.033656184071665,True
0,937,branch_opposite,929.6502957478826,571.4063198386762,1397.482016710178,1091.217143714167,557.5483767166763,True,16.617519682294425,True
0,938,branch_opposite,227.95066931101394,146.48790180679978,1485.4727400604527,270.96164491510206,775.366926840028,True,24.934675795224674,True
0,939,branch_opposite,408.70466529321754,261.2375825602495,1365.6396232068125,485.0614167034564,625.3754982021316,True,7.06214417791143,True
0,940,branch_opposite,655.9886132668275,423.69220651193353,1438.98319745253,780.9200641516943,497.09824479256554,True,3.8831172879179685,True
0,941,branch_opposite,814.4678710694991,516.5667993366959,1352.9459179138894,964.4683360180574,504.9901867424728,True,5.372688293584361,True
0,942,branch_opposite,933.8076736155721,564.6328889838076,1141.034423092153,1091.241068978586,564.7966415834723,True,9.084447678589946,True
0,943,branch_opposite,614.8525240177713,383.0034327503724,1498.6098426378785,724.3861234104317,521.9374918420928,True,9.13310253976813,True
0,944,branch_opposite,369.3188503083971,231.08166545679492,1418.066920212695,435.65485111886716,660.1229013616844,True,18.133349285078403,True
0,945,branch_opposite,1011.790323105428,620.9322206944983,1479.2236270104547,1187.1295129961127,604.1367072715501,True,4.4697170050215975,True
0,946,branch_opposite,1037.2246096564363,651.5385942523048,1479.9132356300752,1224.882619142429,614.9333525683054,True,17.466873477522416,True
0,947,branch_opposite,1265.9106280291487,777.0830394085508,1489.9143236659731,1485.3914528815578,805.1702019249667,True,10.25417187257418,True
0,948,branch_opposite,961.6693259451868,608.3971186274096,1393.7553089254727,1137.9608720944689,565.4331755847658,True,12.829936995513174,True
0,949,branch_opposite,414.4316630372282,255.95027929060052,1398.9615600954994,487.0976789071562,630.1280299999142,True,4.438994122959161,True
0,950,branch_opposite,1084.9561148964217,702.5843286527355,1442.9963553981554,1292.576694095771,643.170808705051,True,21.02403654641934,True
0,951,branch_opposite,473.5267952295188,291.10341664385555,1495.416853596984,555.849642423259,592.7342058426265,True,13.093745897291612,True
0,952,branch_opposite,711.0695423663706,460.18881889949296,1066.0193550563101,846.9909344976662,488.4805905189661,True,12.320660119689656,True
0,953,branch_opposite,1268.670287651604,772.8756630201076,1489.0314679763133,1485.5507696671878,808.4721600771736,True,4.136365254418182,True
0,954,branch_opposite,1004.3847766454735,627.3967823865313,1191.8991215382864,1184.2362526566014,594.6617430196072,True,5.661003034924218,True
0,955,branch_opposite,1061.7464974294317,687.7062098923863,1339.7847040922643,1265.0080853212824,625.4402658365307,True,10.987355248661373,True
0,956,branch_opposite,1229.3528668780418,754.5122784768395,1477.888602412605,1442.4275543934857,772.4065201592882,True,8.426518656651792,True
0,957,branch_opposite,531.0897073340951,328.9421120079935,1173.6915897772367,624.7072836845223,558.4609817562612,True,9.964630602966134,True
0,958,branch_opposite,1070.3895252021152,691.0601715965572,1423.8435057600623,1274.0870835345097,632.6232962847427,True,31.12906930082816,True
0,959,branch_opposite,1229.2710371151236,759.3404530293426,1467.9682531337621,1444.8893405022056,771.5322252837908,True,8.864692285719583,True
0,960,branch_opposite,1131.6366949476883,729.8173359278071,1364.0063782806753,1346.5641288750005,681.4197869142041,True,24.892065706850246,True
0,961,branch_opposite,1033.1717012752288,648.2540224531137,1418.7710819401564,1219.7036697258038,612.4383925957227,True,18.37437815490497,True
0,962,branch_opposite,1029.2588034848295,663.8394795898805,1291.0161699648393,1224.767953211214,602.9696223017639,True,9.442973267717537,True
0,963,branch_opposite,1031.5042981562246,647.7104086235558,1303.2726725102098,1218.0024181232397,611.1094089796214,True,10.82713896115707,True
0,964,branch_opposite,339.1570341463198,203.7979126169846,1241.2886024600614,395.67800418770815,692.0820997912632,True,10.791679897707214,True
0,965,branch_opposite,1219.117354440658,776.3107386652492,1483.461409030322,1445.3046346239166,758.9241927231274,True,43.19447841084353,True
0,966,branch_opposite,1081.7506785859296,656.3618258471685,1444.1604800216346,1265.304460219179,654.6851985230345,True,21.539695306193803,True
0,967,branch_opposite,825.1357784556764,531.1261527488537,1227.0834153066203,981.2971227010979,502.03852936098065,True,15.033818271131555,True
0,968,branch_opposite,587.9542679758972,378.66267128775104,1105.6264046145689,699.3394310761038,519.230577881177,True,8.930763519472343,True
0,969,branch_opposite,412.9825141633663,262.17160339589657,1456.6519500714448,489.1712446903133,624.0550497382884,True,5.252567430393862,True
0,970,branch_opposite,1213.571365132097,777.9726846373569,1491.7029370198125,1441.525912465828,753.1992028409054,True,20.57786712621915,True
0,971,branch_opposite,773.3789541799457,468.4002943536336,1184.75644106364,904.1647208993709,515.670811334199,True,8.147200941268531,True
0,972,branch_opposite,1097.0635460003145,679.7804664797618,1326.6375288394797,1290.6005991670029,661.470980299569,True,9.299409137325306,True
0,973,branch_opposite,850.1028277073708,546.7336352445917,1425.952948083569,1010.7385841966428,509.6484922022062,True,7.968682833062888,True
0,974,branch_opposite,277.8041945868857,177.78400206341558,1363.7895942871437,329.8216516842896,731.155846262625,True,9.958829948884556,True
0,975,branch_opposite,1202.1494122645922,729.3920916289884,1481.923689650803,1406.1209168272176,750.3649742709792,True,29.032049738110278,True
0,976,branch_opposite,1134.5581769695293,729.8091626056595,1423.5369916252125,1349.0158156046932,684.2678480382837,True,19.65745494686359,True
0,977,branch_opposite,878.0739331038892,563.0756512718824,1432.9015759566623,1043.1049904260778,520.7286582631724,True,10.242236365372069,True
0,978,branch_opposite,138.57375728172698,87.7083117287659,1036.2913317838993,163.99827484911344,861.5092845738515,True,8.862572363174946,True
0,979,branch_opposite,1177.4428331178217,719.4689688931932,1479.515291438716,1379.857681958816,728.3795812537843,True,2.798307842056349,True
0,980,branch_opposite,577.4736892975106,370.0668327211589,1083.4092923809078,685.8755882163674,525.3102290609046,True,14.623123762995492,True
0,981,branch_opposite,737.5827793902109,476.4989385658845,1485.2493364544873,878.1113795569461,488.52937256697317,True,7.044040952013565,True
0,982,branch_opposite,1032.9083806805913,664.8543310380634,1314.3298377833216,1228.3855275849974,606.001718862118,True,17.918410301613914,True
0,983,branch_opposite,1027.9366395655632,623.4280781374167,1499.666751880674,1202.2130857595319,617.6579143603726,True,11.031158289118046,True
0,984,branch_opposite,940.8967350346195,579.7763900483226,1130.2649670053183,1105.1820340813867,562.3294135364216,True,6.376626585830055,True
0,985,branch_opposite,788.0265651356863,498.68377388091585,1196.1867524448055,932.5617264780172,500.8378761452009,True,12.236796978473839,True
0,986,branch_opposite,1160.573919473812,702.2322500586703,1465.3016487773475,1356.4888335645337,716.1310024540168,True,28.882465545424218,True
0,987,branch_opposite,779.3983125791182,471.8804046260054,1333.3415328971453,911.1162636684626,516.480025928041,True,2.9156462858239136,True
0,988,branch_opposite,810.7027172892838,522.3119404411169,1193.1539302936112,964.3903042583917,498.2292287391602,True,9.680159441783792,True
0,989,branch_opposite,80.57402709341757,52.00122327958782,1195.9012514848273,95.89734649417748,917.5431892350986,True,1.5244998466167585,True
0,990,branch_opposite,1068.4004044821556,676.2345805959726,1419.2706373940346,1264.425811303868,635.4165524084256,True,19.532051929040097,True
0,991,branch_opposite,1051.9740254549874,643.3206482399842,1491.8573179693235,1233.0899426578274,631.6974969451527,True,12.732659919024728,True
0,992,branch_opposite,1243.261077425346,772.7669317653205,1479.099526862971,1463.8534207600226,783.3264547812181,True,4.095390562323508,True
0,993,branch_opposite,655.7719070345607,395.10871672664695,1247.3047458820818,765.6028292065818,523.5892961843786,True,7.706376411406604,True
0,994,branch_opposite,950.9468454103844,597.0639652667513,1401.0896702366158,1122.8469536922732,561.7923566097578,True,6.172706855423521,True
0,995,branch_opposite,613.2598839738839,387.2503679408615,1377.8966517303015,725.2934114977153,517.4140215060606,True,4.447858809531577,True
0,996,branch_opposite,696.595530987392,435.1523492129993,1495.9503354852302,821.3421338377806,503.6077089679478,True,9.012982420968758,True
0,997,branch_opposite,1101.8051970673637,675.362623706109,1305.8942249475103,1292.3193745293195,667.3497356835472,True,29.97382693414247,True
0,998,branch_opposite,1193.0134278150797,718.7544714040782,1413.986844833443,1392.798990920959,743.7152167963554,True,33.2554443912008,True
0,999,branch_opposite,946.0106559523609,584.8658196703805,1342.5188014414048,1112.206899904025,563.9237538240088,True,20.48740815931469,True
1,0,branch_primary,1077.6964513247517,665.3522935907675,1356.7863735515045,1266.5398990100778,637.1154337794611,True,11.65853855414301,True
1,1,branch_primary,929.3722223881759,589.6459967076034,1281.2031322574921,1100.6430525742849,560.9811300497254,True,25.210322975128726,True
1,2,branch_primary,946.3098787491285,575.5751295479009,1425.5166213204523,1107.605126555612,545.1122572173663,True,17.56014762361817,True
1,3,branch_primary,991.9022750796945,636.5726562540124,1243.0762323954773,1178.5986891213493,603.5603317140001,True,15.301556165797573,True
1,4,branch_primary,1002.567940914475,614.4203031070565,1361.4003033019878,1175.8634210739176,581.3690838211268,True,14.585734245962225,True
1,5,branch_primary,1184.191322492503,735.0168637630984,1433.4104547553,1393.7571087828342,725.8596004090192,True,14.179638492863717,True
1,6,branch_primary,129.48946978492677,82.40485600356196,1334.914645583521,153.48642636451356,871.3622489015125,True,9.676440595935258,True
1,7,branch_primary,1169.4163860931433,713.0777641976919,1443.899798274602,1369.6768165725543,700.9366429813012,True,22.284614350864228,True
1,8,branch_primary,1112.7461594234305,692.9234096963609,1313.7619522144219,1310.8573023089987,669.518894771778,True,1.2617170944656857,True
1,9,branch_primary,910.8458887928485,548.7250020321668,1406.613076398893,1063.3622905604825,523.222833974755,True,14.989966507093701,True
1,10,branch_primary,1199.728369843157,778.1718898480925,1470.1010415254964,1429.999878166523,771.5584560913857,True,30.800682550374066,True
1,11,branch_primary,1001.789269422289,626.2645944828976,1317.127437804696,1181.4351791920162,593.2096313929216,True,17.763692851277955,True
1,12,branch_primary,622.1051093129703,378.55949593680725,1025.3225141148525,728.232146363529,511.62674297641087,True,8.583818376840968,True
1,13,branch_primary,327.2239329455474,206.66327138091503,1029.8351667522843,387.02094262483246,694.2842946252788,True,10.525507945521458,True
1,14,branch_primary,464.595574000599,284.2420862894613,1432.2007798019636,544.6490714204255,590.9023071470201,True,4.753285303664467,True
1,15,branch_primary,1149.8058400870934,714.0626938331494,1439.8708465134912,1353.4914113590232,697.4031306659548,True,22.914252804811632,True
1,16,branch_primary,774.3259882839819,469.4552826489495,1217.8176434453658,905.5213959586877,491.043347239339,True,3.316733919608477,True
1,17,branch_primary,1210.8197785366594,743.2785498756618,1490.2823385998627,1420.7559744026528,741.0038890611784,True,18.97315984995435,True
1,18,branch_primary,283.31901279505007,176.21805044629372,1223.6129898537536,333.6502125194202,730.3032174154085,True,18.839370401987445,True
1,19,branch_primary,710.8640654295593,433.16671387573354,1011.4265746306165,832.4428638224622,493.3249712493817,True,1.0804848875628905,True
1,20,branch_primary,174.82014129948357,111.22469325665443,1335.5062199576053,207.2028334603759,828.3295065993799,True,13.374291847754646,True
1,21,branch_primary,964.8812607920644,591.9438375941409,1323.5610026820643,1131.9864638295646,559.9525560425283,True,12.970503865889292,True
1,22,branch_primary,1023.6982208581386,640.835208077455,1393.526066247106,1207.7366481562913,608.2590303157199,True,9.808757235053989,True
1,23,branch_primary,803.3990859183917,502.34639758733033,1261.436871811483,947.5241392299595,508.5935719716194,True,6.300704004227106,True
1,24,branch_primary,936.2053358008335,600.5294142317703,1189.7632570112562,1112.2571681672835,570.9836675059387,True,18.817984214181205,True
1,25,branch_primary,1141.7947824773585,740.9223137557219,1417.2757532640662,1361.1249760083203,722.0323739764327,True,8.80997701614614,True
1,26,branch_primary,1099.8689204941254,686.6555150270486,1452.019434043576,1296.613835567851,661.2646593931961,True,20.552885068834644,True
1,27,branch_primary,648.5602806134377,399.5898795440097,1276.9606089533104,761.7758918628084,507.4154541251273,True,7.751821214249017,True
1,28,branch_primary,301.2931890059318,182.6911787773933,1331.6817160143678,352.3544416414211,714.0149001034906,True,13.919614471221704,True
1,29,branch_primary,954.5813683989627,614.6312507753327,1426.247159396319,1135.340109096867,583.3002029466395,True,9.2547963546095,True
1,30,branch_primary,1184.461412467515,734.0697721887046,1476.1437522354618,1393.4874481191846,725.0126105633118,True,31.320743693558146,True
1,31,branch_primary,752.1552636584764,460.8663873995735,1143.352766608763,882.1198148119597,494.14070842074506,True,12.585456764173255,True
1,32,branch_primary,1054.7127077401462,672.4537673036077,1330.291561315023,1250.8449004690253,641.7776426101415,True,4.739070221542932,True
1,33,branch_primary,543.1180826692103,341.75768206443973,1156.030096096501,641.6974091987108,550.9414087146604,True,8.97586522951585,True
1,34,branch_primary,1196.4318009770238,762.2050831912467,1450.589169011456,1418.592839130277,755.283845933271,True,40.7519615966459,True
1,35,branch_primary,1083.6452052338318,697.9262987012423,1443.6643746221193,1288.9484276902197,670.1761263189449,True,12.199366227350367,True
1,36,branch_primary,663.0822019518666,410.3321867448597,1435.045004010858,779.7759357816542,505.45049699687775,True,13.825945957580792,True
1,37,branch_primary,1203.410603842666,755.0465742724364,1430.165357076583,1420.6661855487066,750.2424898175364,True,8.157381520992432,True
1,38,branch_primary,1160.5391266283154,718.0328236465441,1405.0478441392136,1364.7059024819384,703.6597087427841,True,19.353440451457317,True
1,39,branch_primary,866.957764258539,530.1762445200252,1341.48147638597,1016.2197672066421,514.470684270692,True,6.318599896078921,True
1,40,branch_primary,1138.5628821462283,725.7522701590651,1430.4853818421016,1350.2006496229228,706.522922796408,True,31.02867096531641,True
1,41,branch_primary,940.50350407978,595.4276570728039,1416.9636633499506,1113.1401241503934,565.4493456283109,True,21.893683039112464,True
1,42,branch_primary,1246.2054694492026,799.7298363343693,1492.1394546169965,1480.7416666010668,805.4004602577756,True,18.85700860552342,True
1,43,branch_primary,341.68240224722996,206.42740500130137,1447.3018931858953,399.1981181581511,680.2345716231696,True,13.558686769303664,True
1,44,branch_primary,916.0712844288228,590.0823055869383,1402.6033404440989,1089.6713841896876,563.2290041725702,True,14.196473688724899,True
1,45,branch_primary,1249.966676516551,773.0543648530423,1483.311243829097,1469.703964552104,781.2484996152762,True,3.865864966407459,True
1,46,branch_primary,1156.508067664239,733.3035754743162,1426.9982382713717,1369.395868394486,717.6404755286502,True,17.488986397155994,True
1,47,branch_primary,602.2854820581521,388.0998070537959,1102.3368282834344,716.4979149538499,532.724992166517,True,7.740556601165357,True
1,48,branch_primary,747.4853186221328,457.20692756801435,1405.5616111193003,876.2262699621684,493.3445988539764,True,6.162715271086759,True
1,49,branch_primary,863.4780111465773,541.250589431213,1477.1861075641234,1019.0910049123602,526.0678873111091,True,22.53786369232626,True
1,50,branch_primary,1033.4839163769407,661.3367488268589,1472.4562328658087,1226.9699673417842,629.1981408994529,True,30.096064621724945,True
1,51,branch_primary,789.5665252122628,502.09828304799385,1283.7989760820178,935.6911795969385,513.8577769317703,True,18.108599760253693,True
1,52,branch_primary,1157.092863537686,696.7505827939502,1481.318036101162,1350.6758565523971,682.1553903994272,True,9.496783109944507,True
1,53,branch_primary,823.7947427100476,517.1597663341023,1022.1102031435075,972.6726078344433,514.9844325033608,True,13.981795112508381,True
1,54,branch_primary,946.6537094662209,572.3345674929659,1231.5157567725857,1106.2188313319914,541.8536121205309,True,12.227556629112161,True
1,55,branch_primary,513.254384554814,320.62777187077523,1030.0769764348468,605.1712413520315,564.8760409298652,True,10.520257993177879,True
1,56,branch_primary,855.3689232002905,545.0657736669319,1267.1214994438333,1014.2744660100419,531.893497133188,True,6.457556862397192,True
1,57,branch_primary,905.3921934012105,576.1621263474256,1105.6490271524613,1073.1718500356976,551.187720023719,True,12.909303441868293,True
1,58,branch_primary,954.6456319368547,616.0760671074689,1330.8268250379979,1136.176924179823,584.7358204017488,True,11.688366138549826,True
1,59,branch_primary,1033.677472084111,642.8390784986923,1253.8093515605049,1217.2638157520523,610.739180699843,True,15.440905246608285,True
1,60,branch_primary,447.7047266909351,275.62849494701766,1444.0321846871375,525.7476481432543,602.7157432962387,True,11.04834659070789,True
1,61,branch_primary,1099.128187186686,666.4493086030701,1463.4880154167874,1285.3938901386614,641.1845580454205,True,29.31349980994596,True
1,62,branch_primary,1221.283258872365,787.6471782822827,1471.3012023974438,1453.244946957651,786.5182541820474,True,20.88989900066267,True
1,63,branch_primary,120.41059613980421,77.58834784713089,1329.8713813444178,143.2433711708518,880.16988949871,True,17.94762384845738,True
1,64,branch_primary,505.77733593515336,323.1216189428982,1330.566784528868,600.1818842433854,572.583650243598,True,4.2995691194975185,True
1,65,branch_primary,755.4541682675189,462.19142752037703,1291.4905379053637,885.6251554840188,493.6494452778486,True,10.79307439409709,True
1,66,branch_primary,660.5826260977466,397.7425007551253,1442.4839207581554,771.0826822132217,497.82229339389346,True,10.20958641962233,True
1,67,branch_primary,1115.7020770223037,713.7793250989348,1439.4969389175221,1324.4893542835946,690.5745104610291,True,25.04570151030818,True
1,68,branch_primary,1046.0466342658913,672.6925845713786,1354.0106884452819,1243.675550292889,641.3277901664408,True,30.67565005863025,True
1,69,branch_primary,995.1927922597032,638.2864564659991,1300.407113572103,1182.2936582226882,605.2418907081521,True,13.38013475867051,True
1,70,branch_primary,948.0264496479541,570.520268584234,1185.3506965875763,1106.4571957818935,539.9154938405317,True,3.56265743725888,True
1,71,branch_primary,1133.0293951964782,699.212643905551,1337.2311218481645,1331.4105046065574,679.4133346672679,True,30.55156187229021,True
1,72,branch_primary,874.8677017213242,554.3327602458415,1157.897130116833,1035.701841553314,535.9546054724732,True,17.802928697693748,True
1,73,branch_primary,1159.0208902742515,715.4333411199151,1445.0035839037032,1362.047829438498,700.7822511640871,True,14.505150615714275,True
1,74,branch_primary,1098.5101061342684,697.4073759614864,1448.3246594591021,1301.1923383284302,671.6920813068882,True,18.451987847505404,True
1,75,branch_primary,624.518083381519,389.040080637898,1000.9576740447785,735.7819111756336,517.0092926335486,True,9.89901238757721,True
1,76,branch_primary,627.1839212811515,393.7148884320713,1475.6317386879025,740.5208197523415,518.3211521145262,True,5.878330256691117,True
1,77,branch_primary,962.5110697403909,613.0841604562045,1469.177052217543,1141.1834853234955,581.1998530604188,True,10.13024964503575,True
1,78,branch_primary,119.75890175697432,75.93070974011496,1318.9600407781172,141.80150645065171,880.7385060953028,True,14.64403621836732,True
1,79,branch_primary,1120.6746544319665,724.7962837674089,1495.0021674589448,1334.6315349373601,702.2779283493618,True,6.644369716157594,True
1,80,branch_primary,1001.0229118812451,632.0106963769131,1200.8017147166447,1183.8430598884454,598.9531906920524,True,19.427579656464925,True
1,81,branch_primary,776.0329555052882,480.279716560205,1124.6172917187323,912.6312257256068,499.9225480799623,True,10.489281928784171,True
1,82,branch_primary,708.4938366769917,444.21310931884636,1049.4951650570638,836.2348970833501,503.6910731075318,True,4.781720995207946,True
1,83,branch_primary,465.44152127056884,286.9768652285684,1367.0709024491778,546.801180411196,591.3058984832168,True,9.988237198156458,True
1,84,branch_primary,754.6853470320024,475.6363091446127,1447.9725237284601,892.0649480847924,505.75247757162174,True,5.898368853193178,True
1,85,branch_primary,760.922879045069,459.6092203746502,1478.013633829934,888.9568399577284,488.714039497721,True,3.2509732072463238,True
1,86,branch_primary,555.5055337608949,350.0842269413053,1310.3327691679085,656.6166035001461,545.5220721412923,True,4.5427898454491045,True
1,87,branch_primary,779.5171977727605,474.1377560776166,1205.1571795366206,912.3889923502005,492.87107733632934,True,14.803276544184982,True
1,88,branch_primary,1260.7299861598399,768.310658889621,1479.2289208927373,1476.3947190930999,780.2945844387317,True,15.111861034129848,True
1,89,branch_primary,863.3540172591131,532.1612482749534,1108.198092445461,1014.1872377835394,517.3253623665123,True,5.057486778377522,True
1,90,branch_primary,533.3915785563529,336.7932244365418,1184.0054554265585,630.821886193877,556.2982504396881,True,9.520774370082009,True
1,91,branch_primary,733.4034256382026,445.7645642217881,1114.1783905441255,858.246253387506,491.0274928307349,True,5.940775828852299,True
1,92,branch_primary,1012.5225865754062,621.245779258574,1492.2362780675353,1187.91763459086,588.3313947931257,True,16.677037249612535,True
1,93,branch_primary,49.28416920214841,29.870914462806176,1105.1985420062053,57.629860877762646,950.1745644113873,True,4.635574370302661,True
1,94,branch_primary,789.1839322398883,489.9152119840143,1019.391152111847,928.885457868167,502.92178999072877,True,12.878565444409947,True
1,95,branch_primary,1258.0252243469467,787.3400228535593,1486.5803526847978,1484.0929137625544,797.3696824108586,True,18.51127002562213,True
1,96,branch_primary,920.2396854273247,553.0149882268406,1086.7604036264738,1073.6231442358694,525.9548032472668,True,16.163958060432638,True
1,97,branch_primary,1220.5960755752817,788.1514952075279,1454.2922022145856,1452.941003312812,786.8086919704392,True,23.977276811370437,True
1,98,branch_primary,1266.7502641009642,776.0982353910463,1487.4201079300162,1485.5923742995446,789.6544133125418,True,24.426285195883597,True
1,99,branch_primary,572.6233742812083,362.96825723781615,1391.408369974286,677.9701206804428,539.4660357165535,True,6.362730345636454,True
1,100,branch_primary,1140.4569229903905,734.4134181719653,1455.5973506619412,1356.4678624972062,715.3874681605671,True,28.00239432541187,True
1,101,branch_primary,1175.1646151661407,731.9511651368691,1393.1576438923955,1384.4726002647376,720.641318389296,True,7.0773539215966546,True
1,102,branch_primary,754.8607345192962,473.2266146474837,1256.856882624179,890.9310620523506,503.5599248875793,True,7.398158596682403,True
1,103,branch_primary,894.4416043624595,561.7729400882016,1302.6261758645892,1056.2265949264072,539.0411020945153,True,7.399736002576801,True
1,104,branch_primary,621.5666404618196,393.5530236275158,1417.17309073252,735.6827243733218,522.2584859842416,True,3.6265125485654752,True
1,105,branch_primary,1281.6169787559406,775.4568921343044,1499.0786166444434,1497.9570994504813,794.2103564014141,True,6.870925731529599,True
1,106,branch_primary,1163.9669645138379,728.6253744733674,1495.3640570217917,1373.213031836653,714.7562645522195,True,36.80792566905918,True
1,107,branch_primary,888.6761859053223,546.1135724134047,1473.5290136022354,1043.0653849924088,524.8771331748226,True,2.987136963171339,True
1,108,branch_primary,378.1019166221812,242.1814350393903,1334.240603654935,449.0132590816281,655.5986598887703,True,8.036386152277414,True
1,109,branch_primary,490.4500456313508,305.4846638423883,1367.5448891547028,577.8080365508004,577.3212569982558,True,5.5877980890371814,True
1,110,branch_primary,410.4897099881135,254.23160665909572,1380.775702500205,482.8410834121209,629.1226285389602,True,16.524002939985067,True
1,111,branch_primary,413.3676714146039,258.0252055989346,1492.978961012499,487.2882499046169,627.7786253093594,True,7.7118090464851665,True
1,112,branch_primary,604.2970843311301,370.54529898494076,1289.8322061880335,708.8573796829261,519.658660258501,True,9.859729003735746,True
1,113,branch_primary,805.151821175428,513.9481776012359,1083.2348855004839,955.2026928363111,518.6588064706403,True,9.569055361776066,True
1,114,branch_primary,820.4889204555682,516.1974947550848,1206.6489260908377,969.3616054815507,515.2189252140681,True,10.095556875429674,True
1,115,branch_primary,499.4100862580903,303.9742189772838,1292.46170861392,584.645841564928,568.7161420188427,True,6.623224515350459,True
1,116,branch_primary,1173.4581978854449,719.3397564423424,1412.9649322799794,1376.391596669743,707.9958902540126,True,32.125232925673025,True
1,117,branch_primary,1151.012435921563,728.7816335189642,1392.5592933115527,1362.3334015580256,712.0388662571163,True,12.838542516484052,True
1,118,branch_primary,1210.7260271112807,777.6488678527663,1483.4332277791655,1438.956314276898,773.9827932415245,True,14.316082783798404,True
1,119,branch_primary,970.8324001777619,606.3638959057516,1474.7344604445288,1144.6365027784652,574.0183096418381,True,9.559298503651599,True
1,120,branch_primary,924.1839715489476,583.0976801697119,1345.069169026337,1092.7574835649882,555.164314093643,True,16.42222903956448,True
1,121,branch_primary,879.8701433993931,555.0560536747067,1217.6102517294255,1040.3166306306016,535.5188964444982,True,16.937587644269346,True
1,122,branch_primary,560.0015506665361,351.7594308039877,1486.6224802644083,661.3141718642286,542.8512867094785,True,10.186233469431809,True
1,123,branch_primary,1260.390311143895,768.8452296676898,1493.0995081753863,1476.3829867646698,780.6847179769135,True,19.131243456579554,True
1,124,branch_primary,1242.8362319027206,769.7779876730224,1499.129533713685,1461.9165672623321,775.8796617672438,True,36.87653821191535,True
1,125,branch_primary,1261.5752398379898,760.5868795829882,1498.4103955748392,1473.1138744734124,773.307096392791,True,32.79056456382647,True
1,126,branch_primary,990.8160469530853,604.3773689559555,1317.338316443521,1160.5983125120688,571.3830938866878,True,1.0116575082821935,True
1,127,branch_primary,1140.737269794387,688.8609111625768,1431.065548988876,1332.595540149256,670.8476324670224,True,21.30381281855963,True
1,128,branch_primary,316.8302347951874,191.97428100651518,1199.1335426591888,370.4531309738683,700.8767728520364,True,13.781399944833431,True
1,129,branch_primary,1121.956918882622,681.32903979669,1409.1464987674372,1312.6296462821742,659.7427012967734,True,24.776575138615048,True
1,130,branch_primary,992.8561822679605,599.8574266454976,1370.1254852041325,1159.9966943786815,566.8362570308723,True,6.204460204016296,True
1,131,branch_primary,968.2520270439618,609.062681191357,1249.5123008601402,1143.8834457647972,576.847568950129,True,6.70179125553956,True
1,132,branch_primary,1008.8350707613881,649.7748149316442,1328.0833093659617,1199.9814624058104,616.7866074282344,True,11.90692293208556,True
1,133,branch_primary,286.33998093121835,180.90338019686044,1414.6096400101442,338.69841695281116,728.2777760926772,True,23.21417737002194,True
1,134,branch_primary,228.658194410655,143.03818217911547,1363.8188161352587,269.7118674293861,778.6016440081238,True,14.608674043543799,True
1,135,branch_primary,640.514417767243,415.1867585136206,1078.0088587080188,763.3077779066303,524.269372729241,True,12.068433766587845,True
1,136,branch_primary,1252.832839777583,809.6824989295457,1492.7097315310668,1491.7023407831593,816.9114608966034,True,32.111948994409744,True
1,137,branch_primary,992.4146589144573,634.175724278141,1445.439565730462,1177.7375363348167,601.1573704454673,True,5.721967111671108,True
1,138,branch_primary,807.420627223616,506.97019541432485,1174.5159093165457,953.3870401387969,511.33928828317147,True,13.289993662794718,True
1,139,branch_primary,1220.9229563736835,753.0129413348498,1495.3367671488033,1434.462043840135,753.2473963050833,True,23.91517049035038,True
1,140,branch_primary,1029.591557057729,629.8520494891415,1299.087543423734,1206.9682591560686,597.5529955505821,True,18.773568332011003,True
1,141,branch_primary,1231.1629359688752,764.4146053060914,1454.7190956778838,1449.1693702631062,767.1828439114647,True,27.340154249313652,True
1,142,branch_primary,620.6044422683422,373.4890348708705,1448.8619714585086,724.3230860133993,509.33166602763663,True,10.854490816953493,True
1,143,branch_primary,644.2205533691542,397.1868721500296,1207.65856894642,756.8206741306578,508.7033136822449,True,6.710215576289589,True
1,144,branch_primary,1067.8339195050612,670.3989663399448,1409.474708710938,1260.8346654955233,640.9972027224144,True,24.22906952614465,True
1,145,branch_primary,654.2494071468942,416.7891133570672,1160.2450868837666,775.7289808722069,516.15322688674,True,7.176183437064702,True
1,146,branch_primary,691.0081197496858,419.5233088216046,1311.180912449423,808.3885378978499,494.4620390928046,True,5.623611441494631,True
1,147,branch_primary,825.6943165910894,529.4039782575823,1363.5470936234958,980.8362129559556,525.8802075389383,True,2.356659410369341,True
1,148,branch_primary,1055.698650484698,653.6209123887234,1494.2416148608565,1241.6601538855468,623.1050629890327,True,9.258933403545857,True
1,149,branch_primary,156.01717167356406,97.07957407335044,1026.7962742377697,183.75473207316728,845.862403099906,True,8.987720150095845,True
1,150,branch_primary,386.7729686147797,248.18514063630818,1472.2275078476905,459.55325402368055,649.3506795584885,True,12.02356038201609,True
1,151,branch_primary,1237.1304570651178,754.2212028632024,1477.3384235375368,1448.910414983122,759.3184466834,True,9.065597440059761,True
1,152,branch_primary,500.315864997291,301.11103649928964,1074.5009429595625,583.9381997006739,566.5596659404233,True,5.252901071193126,True
1,153,branch_primary,879.463151447407,564.4165042477966,1484.8157352368426,1044.9982894823836,544.7365011415079,True,15.037382007665745,True
1,154,branch_primary,819.1553688111137,510.49679881292064,1390.7761334273687,965.2059364976529,510.3466361173188,True,9.006620626520297,True
1,155,branch_primary,725.3871683221491,464.9622956779044,1100.080573614218,861.6127206399015,511.5195611415698,True,15.540482775493052,True
1,156,branch_primary,725.5725641431625,452.44655632501025,1348.8389665628333,855.0809506518341,500.89535233807675,True,4.929129148839084,True
1,157,branch_primary,1075.3504680689468,659.1223088431946,1470.3397009312848,1261.277466377199,630.6464384314703,True,11.973780798540318,True
1,158,branch_primary,675.9284279529734,417.27338918376415,1197.05719917401,794.3527686336109,502.28344748880596,True,6.668849090759274,True
1,159,branch_primary,994.6835315839028,636.2999519196468,1197.559535493579,1180.7933590671864,603.2592472256769,True,19.013033120195356,True
1,160,branch_primary,1253.944984863021,763.4365979312514,1469.162749791363,1468.064529959077,773.4446261419293,True,7.129968867913325,True
1,161,branch_primary,501.89317742048996,325.7596352318471,1015.8759138435885,598.3444672491102,577.2689938412798,True,2.902434258231204,True
1,162,branch_primary,1173.1405661129772,749.5712524487619,1496.7809197677275,1392.1622931100678,737.2626667948421,True,38.11956967976437,True
1,163,branch_primary,693.7507853168652,448.38837847476174,1258.7108955094234,826.0401261918172,515.705443146169,True,9.943669906078553,True
1,164,branch_primary,1233.2108120915518,769.6764947511997,1454.9651269933097,1453.6886921318464,772.8175987609209,True,8.32265906510449,True
1,165,branch_primary,851.2670330003606,514.3483511974028,1021.4196893891142,994.5902612899062,503.585238956269,True,7.145313973069299,True
1,166,branch_primary,1123.3068468811236,683.3642801317411,1431.5877247683768,1314.8402988994462,661.9938872121955,True,20.860463614019594,True
1,167,branch_primary,778.4408104919949,494.7543233464622,1387.5391487308923,922.3621500850138,511.86776599856415,True,12.936117354913511,True
1,168,branch_primary,454.0803699161698,279.1690511368437,1439.366483437558,533.0331523046679,598.3323526988154,True,10.228479882443867,True
1,169,branch_primary,849.1973757247179,541.299673989318,1068.464774258298,1007.0459373825455,529.9857348201939,True,7.497826945047344,True
1,170,branch_primary,1068.1877592704705,688.2799462135117,1382.8350188579293,1270.7298585517472,658.8157300538021,True,11.933854207962352,True
1,171,branch_primary,1124.3135956593176,689.5711690553269,1367.8458797771145,1318.934971322208,668.2795542795881,True,7.298109793052088,True
1,172,branch_primary,1226.1271626474413,787.5694242243751,1496.0041270639447,1457.2760263433208,787.8236695201934,True,2.385632602069238,True
1,173,branch_primary,1269.829478747808,774.4540148405434,1498.6720438321602,1487.3620696385822,789.157124732582,True,8.955576131808916,True
1,174,branch_primary,1236.2510399854327,746.9134168093365,1453.4074695768572,1444.3670884075357,752.1040194463171,True,11.082824582050291,True
1,175,branch_primary,1154.0790755904372,710.9541025572831,1499.2185256238643,1355.49040891432,695.3057691899506,True,10.098411115244994,True
1,176,branch_primary,496.4322892056397,301.99854176140667,1263.9179609931257,581.0749839667579,570.4019598936386,True,14.612718297549309,True
1,177,branch_primary,1250.5759181254327,770.7554018511688,1496.6286170317837,1469.014641342293,779.2673991993269,True,19.89048649648168,True
1,178,branch_primary,824.139966774958,520.070913214129,1069.2154795545307,974.5154896702294,517.604916992635,True,15.29200776589948,True
1,179,branch_primary,791.9571251221339,488.1167498882978,1135.9392910341257,930.2978284147665,500.1317239320364,True,17.641607239019272,True
1,180,branch_primary,1098.664317286519,706.3741291277886,1331.5914756195648,1306.1499501893704,680.5845396150353,True,14.932015997407149,True
1,181,branch_primary,1059.6140940894281,656.8342140431946,1347.5399374371166,1246.680878625601,626.6690733547166,True,18.104169843979957,True
1,182,branch_primary,1025.6381314160958,628.022098828372,1387.249054885054,1202.6409826841482,595.5384631692577,True,8.127459651513128,True
1,183,branch_primary,414.1561198858191,263.99848214825545,1168.3582657960992,491.1420265213106,629.2103553797489,True,4.043439232897608,True
1,184,branch_primary,465.98353320602166,287.7126714582673,1133.507339257887,547.6488240988201,591.133053575866,True,4.411455580018657,True
1,185,branch_primary,875.0362113136257,534.3388261604384,1398.730761205527,1025.2835472456484,516.4886574075522,True,18.19818206717368,True
1,186,branch_primary,1103.1867406794804,708.9778619301569,1455.645719324494,1311.362113803076,683.8319657980833,True,3.926594129186691,True
1,187,branch_primary,706.2605473465718,429.54939902786896,1334.7306683783856,826.629691544819,493.1188799961837,True,14.867971012772452,True
1,188,branch_primary,1157.4547376060218,748.027988172837,1456.758583723181,1378.131829940999,732.2187365893743,True,18.993414786122777,True
1,189,branch_primary,1238.1251868208315,794.9359340037809,1499.220859502798,1471.3521391599575,798.38576880536,True,28.085275725190648,True
1,190,branch_primary,875.9032414325188,560.5116166888412,1480.2438524230158,1039.8941103762113,541.728998127957,True,15.35112365786849,True
1,191,branch_primary,1230.7889880769321,787.0820549812396,1486.9745893198403,1460.9379502377676,788.7116594663929,True,12.74615115169254,True
1,192,branch_primary,1084.5085558371134,668.2954622322038,1352.8070229815892,1273.8828959225632,640.9048534394343,True,19.8313415378229,True
1,193,branch_primary,1087.478839163268,699.6709229120501,1388.255846889091,1293.1162461265765,672.3980868594416,True,24.089897175142905,True
1,194,branch_primary,890.2869741642037,548.1947323678985,1351.4053998548384,1045.5277906217343,526.5753018315913,True,13.72176714075424,True
1,195,branch_primary,1091.5546642389945,678.635001241233,1460.3925631428483,1285.315933897807,652.1121786494087,True,17.03528079668977,True
1,196,branch_primary,1082.3045140456536,667.6828032099712,1358.0908652117605,1271.6852546231412,640.0085686870398,True,17.854667108844758,True
1,197,branch_primary,1139.7463965794054,720.7106787561636,1455.7732922619828,1348.4975828635768,701.8163490423448,True,11.632703192308872,True
1,198,branch_primary,994.9236223783919,600.0223242922995,1405.2240728899335,1161.851885575642,566.9808571872427,True,25.508285417661554,True
1,199,branch_primary,447.2623123553355,271.15493680709244,1265.8767608327762,523.0378340123208,601.3355022388348,True,10.281215481831506,True
1,200,branch_primary,1233.1648913645906,770.3183453929314,1482.1518657294507,1453.989684469304,773.4155303038979,True,8.355051412995,True
1,201,branch_primary,1030.0592925510525,632.3923048392347,1485.0498320123397,1208.6944086040335,600.1137043679367,True,10.2130116270223,True
1,202,branch_primary,705.5834569942535,452.5422119590569,1121.417052026969,838.2377159187945,512.1769489987566,True,2.351938067510133,True
1,203,branch_primary,1257.9827697686706,810.905378620912,1499.5476664463897,1496.692413995334,819.6838158196714,True,7.804329422697689,True
1,204,branch_primary,1119.1915340728053,722.4084857731605,1461.7821746501234,1332.0899782887452,699.6707534894879,True,15.244966394440166,True
1,205,branch_primary,855.7714582703998,540.3448795827863,1076.5757856888201,1012.0856572847886,527.2408262656766,True,9.063379658535155,True
1,206,branch_primary,1122.7165647636382,721.4775350017389,1376.5917742688362,1334.5494814006897,699.3662254409933,True,12.561960990648423,True
1,207,branch_primary,866.6732644995959,536.4680920049996,1137.1308640785496,1019.2745268757927,520.6253047037785,True,10.584336812704265,True
1,208,branch_primary,929.1011364742441,598.9591850571219,1309.7795575410034,1105.4325068325172,570.2559266363294,True,9.734580938474917,True
1,209,branch_primary,504.84430424185575,304.2008030527406,1173.2437830641525,589.4114862329845,564.0529351024287,True,16.496008814194738,True
1,210,branch_primary,394.2784574043029,238.64939221301108,1275.0713897127762,460.8785462318205,639.1430740790382,True,14.389682447843779,True
1,211,branch_primary,420.3599349554364,267.84146059057014,1277.770795674957,498.43908647599926,624.8773973656054,True,7.509673921393138,True
1,212,branch_primary,1243.931169423648,773.216767759728,1499.6729787822649,1464.6600029387316,779.4883430617074,True,26.681375687680653,True
1,213,branch_primary,658.0939577085278,416.1264407977427,1250.314518415627,778.6198506996022,513.09501163166,True,10.673196007416756,True
1,214,branch_primary,1192.3870296974508,733.8976204767882,1490.7161742254639,1400.1401879569778,726.9094688836203,True,8.88763998033169,True
1,215,branch_primary,1166.4005963787026,752.1053562844587,1494.4638300592624,1387.8590772064597,738.172219782206,True,11.936814641265457,True
1,216,branch_primary,827.4020335214818,507.40534632255407,1429.0640261181916,970.5948230606808,504.5845716412448,True,16.06014579552183,True
1,217,branch_primary,510.0800073750206,307.3539108154098,1402.8197122550355,595.5233332265227,561.002398182929,True,6.52600692296134,True
1,218,branch_primary,198.55720008060263,126.96613914756253,1391.7652625238522,235.68063601807992,806.3827512233171,True,2.2407352723150065,True
1,219,branch_primary,941.968790976028,587.2018823605844,1262.4988127549173,1110.0050692770071,557.1159568949673,True,18.668175194817113,True
1,220,branch_primary,1006.1208746675086,614.8486934716979,1422.53142025741,1179.1175218380763,581.8273358936498,True,9.342537816229235,True
1,221,branch_primary,1045.3450917120017,674.1712176578072,1457.4254873278276,1243.8863257888897,642.7520546534776,True,11.284411448151285,True
1,222,branch_primary,540.1881455826377,332.3607150954624,1223.828282386563,634.245124196297,548.1840372771661,True,11.011447275236806,True
1,223,branch_primary,1265.6622400243864,802.5795223964292,1499.6078870964,1498.6776823565592,814.2653895773906,True,39.379470132072306,True
1,224,branch_primary,195.3648159896116,118.96644156722263,1117.298339403825,228.73658549917675,808.664588059633,True,1.2477110926381048,True
1,225,branch_primary,758.484509326746,484.6091527146723,1070.0008365318856,900.0804307302027,511.8232419250335,True,4.3886512356986795,True
1,226,branch_primary,1013.5119911010886,617.7725090716607,1487.746487419119,1186.9496320696967,584.8819323414507,True,10.587264664352897,True
1,227,branch_primary,939.167120793667,570.9305592665651,1322.885552728104,1099.088979238851,541.2389888110748,True,7.026928659802218,True
1,228,branch_primary,595.8904756970103,362.8683134001682,1411.5970790822676,697.6810674629861,521.1879054557273,True,11.52450430314905,True
1,229,branch_primary,923.3479924937883,569.1024649124553,1479.935063586071,1084.6423976646595,541.4185295444878,True,10.380014214063717,True
1,230,branch_primary,324.96738422086725,201.50424042631315,1346.0928523497605,382.3712328577271,695.2013899394826,True,10.345965977659324,True
1,231,branch_primary,1145.4953027395468,706.0758034880196,1464.147338178742,1345.6234721754888,688.6792456407335,True,12.314937370522163,True
1,232,branch_primary,1084.1684251264319,684.3898794400139,1336.8476719872435,1282.1118052342565,656.8164283627291,True,17.86544044371948,True
1,233,branch_primary,843.2022956311621,538.9761965699291,1364.18975101247,1000.7424502971024,529.4960277453672,True,7.757023445720052,True
1,234,branch_primary,678.8026807325124,431.48279188349335,1439.8520203519804,804.3323187969131,511.42735853109906,True,6.293529453947776,True
1,235,branch_primary,798.7473650405014,512.6030607372762,1117.8717278940412,949.0833741228258,519.8508178482311,True,16.255317731786267,True
1,236,branch_primary,682.7144132918238,441.75987947022924,1061.3803589899774,813.173266423553,517.0682010198951,True,5.760223888783623,True
1,237,branch_primary,758.5669894743246,490.8537282496454,1388.257081754107,903.5271219264627,517.3023808732165,True,10.641685099694028,True
1,238,branch_primary,959.6177052505737,614.7094974934258,1146.9514341403672,1139.6200711373056,583.0124600355209,True,12.236392283952632,True
1,239,branch_primary,818.6527541575523,506.96262897554243,1065.6445820088172,962.9140351389315,507.2208436766707,True,10.146856689199696,True
1,240,branch_primary,453.96095004802316,280.974073120848,1175.2503108290678,533.8791754082785,599.1857804341928,True,15.182290639407999,True
1,241,branch_primary,1162.1725096415457,711.8435025195162,1390.4947713712777,1362.8521982393327,698.0151515689516,True,21.480010744270512,True
1,242,branch_primary,194.58135876084617,121.11874466391396,1475.7253282061092,229.19785227217884,809.6748702300343,True,1.7864265067555185,True
1,243,branch_primary,1098.9183811204891,702.3818062852588,1408.8111912033655,1304.2092662471846,676.6724113790622,True,13.008671844732655,True
1,244,branch_primary,669.9571854844633,410.09978690875244,1140.2125642819676,785.5090487097317,500.72654759404764,True,13.629422254442758,True
1,245,branch_primary,271.1176674646331,165.17760226187417,1010.9529038638569,317.47193561076426,740.2216502243716,True,16.09599191692384,True
1,246,branch_primary,905.3922209281137,555.9579765245142,1303.7341232923854,1062.4614559495203,531.291119860969,True,4.5336290205841205,True
1,247,branch_primary,237.18240924036942,143.34434552860603,1269.847822552192,277.1337161878548,770.2076157197688,True,14.263824473088901,True
1,248,branch_primary,698.9360062832415,438.108487556687,1176.26731143119,824.8942888324389,504.35634810031786,True,5.187185296595958,True
1,249,branch_primary,1160.8126765390707,739.816142064473,1440.2713332894725,1376.5224277406314,724.9425389692566,True,10.647224932877336,True
1,250,branch_primary,937.4109549781574,590.9367500231324,1311.204106081353,1108.1270419229752,561.3165058015559,True,15.885468686349496,True
1,251,branch_primary,969.1256531607196,594.7027203841676,1209.9844433119656,1137.0469899025813,562.4613839474589,True,18.02185265964423,True
1,252,branch_primary,1248.3849881612496,786.997783458302,1497.3008620192443,1475.7474681782935,793.9708971330908,True,24.65721433803875,True
1,253,branch_primary,873.5200856740735,567.0983198921153,1244.2504271421003,1041.4594780885623,548.6862402520205,True,6.256109960141465,True
1,254,branch_primary,840.7841105936792,518.547468748567,1187.5308491081414,987.8306524766025,510.7586960308966,True,8.61873717995593,True
1,255,branch_primary,1062.0695754664148,653.7016576982271,1289.2444963245382,1247.1237470310718,623.7927526991328,True,10.227803653543413,True
1,256,branch_primary,737.6578441926805,458.07895205710986,1118.4928242439385,868.3175809672017,499.1777099420422,True,8.19352471546278,True
1,257,branch_primary,1137.2350362573616,687.1688496413634,1439.2040622822037,1328.7229039979393,668.4629712338844,True,24.282891394354255,True
1,258,branch_primary,769.8523321459691,476.97623647108634,1147.800996089445,905.6373134255838,499.7786074283514,True,16.035167976247678,True
1,259,branch_primary,1273.4536545654541,766.5225786608189,1489.1031081248982,1486.3515983517973,782.9713566208837,True,25.41065795812613,True
1,260,branch_primary,1131.875634411434,712.4372560167756,1421.047770165143,1337.426370135941,692.1630613886081,True,11.032653749329034,True
1,261,branch_primary,389.11120117726693,246.2960862823864,1372.912127693251,460.50981422727165,646.5194463336395,True,15.280528289951937,True
1,262,branch_primary,559.4660945910658,343.5953120419253,1124.3776499814226,656.5516350251269,538.536225506815,True,7.40941306371234,True
1,263,branch_primary,813.7172985187769,506.04289751915775,1168.8641912294738,958.235490909349,508.1447911192827,True,7.191142429271495,True
1,264,branch_primary,116.08094409350446,75.17693360549296,1000.0876294204696,138.29807275578358,884.3759038405595,True,4.294425987885972,True
1,265,branch_primary,825.6473940924712,515.8944760640119,1241.0183904992348,973.5711221092427,513.1647649581795,True,8.34340890722787,True
1,266,branch_primary,910.1252341038949,562.2898683288659,1450.5378320102095,1069.8120572221846,536.716158913129,True,15.662605561273448,True
1,267,branch_primary,885.8227845253768,567.0105983631074,1458.222784566117,1051.7523587995329,545.9080710812452,True,19.004018330609824,True
1,268,branch_primary,834.9130839370345,539.3243384854339,1397.8931626465953,993.9570412306563,532.3321649963847,True,11.46223457404218,True
1,269,branch_primary,1116.003345815665,684.9156084630055,1348.7108720420042,1309.4169918662303,662.1934754382297,True,35.27177177968903,True
1,270,branch_primary,262.49296735797816,158.84494456105128,1166.9528493329572,306.8130934706015,747.6179619762698,True,7.642147307100321,True
1,271,branch_primary,1044.8745703392688,640.3705639506924,1248.1154094504714,1225.4947274126475,609.0071733328971,True,11.326106402606852,True
1,272,branch_primary,1269.7255601872992,771.8067991410161,1493.6617283518358,1485.8966092542412,786.6349406220228,True,11.462495842934638,True
1,273,branch_primary,1003.5314629610032,649.7429785465342,1398.2391653288219,1195.5088185886264,616.696900285452,True,6.127184292919919,True
1,274,branch_primary,1244.7351360630412,772.0110803636102,1472.7147701135204,1464.707024341068,778.596483779531,True,25.14942287390574,True
1,275,branch_primary,399.4907131770329,244.36549455125453,1456.3346958595168,468.3025996532302,636.0860025142288,True,8.087821913620633,True
1,276,branch_primary,462.889303669005,294.6967297797421,1280.1045836635572,548.7373415342269,596.9547880920659,True,8.24788321912783,True
1,277,branch_primary,1020.3833766175269,650.3436959571936,1283.939194178267,1210.012048761767,617.6388641435618,True,11.407372220376402,True
1,278,branch_primary,899.9786101606974,542.3623230196536,1194.0698262608298,1050.770378426255,518.9263268911021,True,1.8485887792199145,True
1,279,branch_primary,428.9751894924036,260.4380888269844,1337.314800139435,501.8443098331352,614.1224340400139,True,8.187597230071237,True
1,280,branch_primary,977.8364727841567,609.3790059406504,1283.5817679267727,1152.1748740482826,576.7247108785159,True,17.673391293650234,True
1,281,branch_primary,695.8309743002393,431.04457170023477,1084.3600675987852,818.5231625237365,500.5783006483604,True,10.195309571740937,True
1,282,branch_primary,1212.3331085431032,773.3876967113493,1467.2344394935128,1438.0125505343372,770.3268944328416,True,23.874084819528303,True
1,283,branch_primary,960.0256500773978,607.4880529719488,1213.0148414111327,1136.0858168774837,575.7800250449202,True,17.61222615271553,True
1,284,branch_primary,538.5993005132435,324.3219502889476,1341.368676176674,628.7081468794419,545.179112182963,True,5.641964884772469,True
1,285,branch_primary,521.6564424885,327.61261078615144,1212.332915504905,615.9995671555915,561.2944103624409,True,10.205949731340551,True
1,286,branch_primary,841.6929887263442,530.7577606792446,1132.0435822938903,995.0632581862985,522.1032837786776,True,11.685220755796394,True
1,287,branch_primary,390.30447433054877,251.33102341799324,1076.6410011233731,464.22501657577857,647.0740483810029,True,14.036296950750314,True
1,288,branch_primary,677.9048633926648,437.5914212238696,1059.6542217715912,806.8712758179917,516.7586241819467,True,4.0120908413155885,True
1,289,branch_primary,870.9998825855638,562.2828362103673,1099.8955069038464,1036.7269569953512,544.5893642671076,True,12.485662311253105,True
1,290,branch_primary,1001.5835769005992,603.2313895946139,1291.7861686193767,1169.2124575581836,570.1758067153319,True,21.853579015732493,True
1,291,branch_primary,980.3127803576645,589.629233069153,1282.0066070429689,1143.9736796894813,556.898699310482,True,17.88617037523434,True
1,292,branch_primary,332.2136034718683,202.59814565972414,1389.7671073645513,389.11680374474,688.4419039137056,True,9.770483744963878,True
1,293,branch_primary,1085.430951662239,699.778505829426,1361.8686067208594,1291.4527897090386,672.2397579418249,True,13.3387068147859,True
1,294,branch_primary,1242.018208537933,802.6759316277603,1479.3830858494125,1478.8163785792574,806.9368318879264,True,13.045802318995733,True
1,295,branch_primary,381.66200709431655,242.26200512905393,1143.8128417718253,452.0583665727379,652.2513676851698,True,12.953000622754633,True
1,296,branch_primary,1253.7856904199507,759.8236178108534,1468.3575369515097,1466.052689259498,769.9811134635062,True,25.61048490107812,True
1,297,branch_primary,1048.4519018347373,677.1345297971595,1332.226445120588,1248.1035862076906,645.9360795008203,True,8.624661450803952,True
1,298,branch_primary,880.5944149663973,544.9459405317502,1267.8066955862096,1035.5735617386363,525.5046324682266,True,13.247138150701193,True
1,299,branch_primary,695.324722962946,428.64815946145393,1138.2592400199885,816.8327337791928,498.98354719128986,True,11.975542110265971,True
1,300,branch_primary,1104.3812934224122,669.6940805385952,1311.1065614865001,1291.5681177428446,645.2235088409847,True,23.782849094022158,True
1,301,branch_primary,1221.453411562141,764.577324969153,1475.9753607545272,1441.0159341498547,764.4620657116772,True,24.585702937500145,True
1,302,branch_primary,1232.505975571397,763.1897282384169,1490.4619667959926,1449.6653203784072,766.4225794174766,True,46.31124304280864,True
1,303,branch_primary,973.292378233097,605.9636408786315,1431.7499021803587,1146.5120965753154,573.501073788147,True,6.973452275533847,True
1,304,branch_primary,1177.0692635171788,731.6110736376789,1430.4873992154664,1385.9101032123806,720.7784785546086,True,30.345034740448472,True
1,305,branch_primary,1268.8801621831394,794.4887255327155,1498.4050985282634,1497.0869049525845,807.6912529402819,True,29.857987446684604,True
1,306,branch_primary,453.488466645935,289.37680329657474,1416.4658759600936,537.9504844007726,603.138639382279,True,8.917649176087968,True
1,307,branch_primary,1155.5896885673287,714.8647556871204,1439.982055561854,1358.8300656251106,699.4546931685429,True,21.896220526525656,True
1,308,branch_primary,775.8505094154553,492.37293917421874,1148.571443709772,918.8988650505999,510.8493158804163,True,7.576963114113487,True
1,309,branch_primary,555.4599806744897,343.87443275288416,1430.1416719131353,653.2881566598481,541.9741925216209,True,5.87566854811978,True
1,310,branch_primary,1110.2050484291576,682.5205794877,1494.5241359175361,1303.2227710494526,658.8365081001398,True,21.397996397421743,True
1,311,branch_primary,1245.448484269013,771.448432435373,1493.453502618274,1465.0169319413944,778.2876804287777,True,14.07952800037049,True
1,312,branch_primary,1033.3416321991556,652.8126110407692,1401.3861986973075,1222.2762510864234,620.6788662856848,True,14.27741661905044,True
1,313,branch_primary,811.7627482490526,506.15546927892444,1454.4653961400059,956.6358338081545,508.9671029081956,True,7.782807006289672,True
1,314,branch_primary,1039.1373167102404,639.1619483145711,1469.8756310560966,1219.973097716928,607.4001293346188,True,15.230920699728538,True
1,315,branch_primary,710.8110284884186,448.34084778672786,1200.4463966657722,840.3938564833071,505.7400075129363,True,10.402335264699932,True
1,316,branch_primary,1154.5456360205949,743.4932846220566,1486.2466223155539,1373.229001271199,727.1655113655675,True,9.805771903482595,True
1,317,branch_primary,1222.8033656043494,779.6804746668082,1484.8955118114063,1450.2240218359311,779.3125186004597,True,5.5592463127045715,True
1,318,branch_primary,569.8340033195187,347.6927772086581,1158.3157138610015,667.5335636971514,532.5099733059724,True,1.9236536436997396,True
1,319,branch_primary,819.4830057052412,508.6258561652735,1393.1533043729137,964.4960643774311,508.48071431495686,True,7.781529253357001,True
1,320,branch_primary,194.82456958889878,117.31150299399432,1138.7600610277946,227.41724132134223,809.0277605627577,True,27.6860717646929,True
1,321,branch_primary,806.1984682693524,503.3369055986745,1033.135339024144,950.4230693630594,508.43705801119347,True,19.495229753201922,True
1,322,branch_primary,898.8732894743566,576.5674637829386,1131.0184353475468,1067.8966386423083,552.7360983626079,True,23.89791903650286,True
1,323,branch_primary,428.0450737168421,260.60278895513227,1023.9364146782129,501.1351102691269,615.0474585859218,True,13.301432217128708,True
1,324,branch_primary,1253.787530456911,756.6202493858952,1466.7663788295065,1464.3965901728993,766.9588819278997,True,19.706293835750117,True
1,325,branch_primary,1005.0539604793137,616.2311051871932,1239.7762482514895,1178.9292762822472,583.1984354411925,True,7.462255480845723,True
1,326,branch_primary,959.4828056820477,606.8847833462264,1177.078930425012,1135.3045382877187,575.2156392011909,True,8.829167368178721,True
1,327,branch_primary,661.6495174813673,412.02626011126284,1227.072793456637,779.4521941752427,507.6684054871404,True,13.292249272316942,True
1,328,branch_primary,1015.9873007922668,614.7344620682688,1235.0843136297183,1187.488380669689,581.9098380770665,True,16.871395975884084,True
1,329,branch_primary,1188.085095431872,718.2429790025501,1473.9054934333403,1388.3152274875538,710.6744948229147,True,27.733652898987593,True
1,330,branch_primary,196.97206300248172,118.49305931663736,1321.3440476627802,229.86648017853705,807.0162029574071,True,2.7289264779367177,True
1,331,branch_primary,1137.8976586959245,710.3917329116316,1382.1386414176993,1341.4423192425597,691.3361606168219,True,19.808834154864122,True
1,332,branch_primary,667.1336345319318,421.4226722294511,1465.4324259849818,789.090840773606,511.1382598639104,True,5.411224735204456,True
1,333,branch_primary,943.6720166995952,568.3856347682361,1138.49616244994,1101.6256646033496,538.224455880464,True,19.096727956061414,True
1,334,branch_primary,392.74798655909024,238.26287539490122,1122.3239204462366,459.36932716243206,640.468452139644,True,5.623756519944968,True
1,335,branch_primary,988.7500174474294,636.9466287685743,1295.5805898554102,1176.1494823796609,603.9819130553578,True,11.810658937451857,True
1,336,branch_primary,183.6997179144165,116.66652793242073,1449.092798012969,217.61586592351787,820.0269308309017,True,4.186308726476852,True
1,337,branch_primary,719.5825390893147,438.36076515338857,1280.2068834568768,842.5907612762493,492.5411197077835,True,14.328106899835966,True
1,338,branch_primary,234.1447707599427,149.13047244611937,1344.8360222958104,277.6034428573048,774.0605458355017,True,15.655018948895945,True
1,339,branch_primary,684.807271460194,430.2230085276472,1333.2281027711601,808.735331311385,506.69614054230743,True,6.4835823827969294,True
1,340,branch_primary,299.17191097242676,180.854015566341,1441.153012029133,349.58833971024256,715.7075805971837,True,14.643592322981636,True
1,341,branch_primary,1072.7788211112102,682.6768629791075,1335.2795712086236,1271.5746530470606,653.7425008369587,True,24.69817373758504,True
1,342,branch_primary,648.0468236359067,394.04023691047814,1391.2998395216975,758.4407649441409,503.77933436004776,True,14.23397308975225,True
1,343,branch_primary,583.8474870335225,355.75561828759317,1022.6220274657804,683.695800819741,526.1758315017345,True,8.99007514921016,True
1,344,branch_primary,1125.1152636847237,699.253807237046,1364.029714621375,1324.703832376071,677.9422397267432,True,29.60267895487562,True
1,345,branch_primary,1186.0031992426157,752.0269821895162,1443.6933619719468,1404.331930333705,742.7751913925839,True,28.65130604908036,True
1,346,branch_primary,1270.6595402489836,790.3879807713927,1497.6232688333282,1496.425349749742,804.4247095071671,True,39.70911913243526,True
1,347,branch_primary,937.3605884209983,586.6063053368244,1137.3007624204174,1105.7810950571907,557.018412704985,True,11.289135843935547,True
1,348,branch_primary,1216.2513882009853,731.2763995450615,1494.521615714057,1419.166167801506,731.1006271321679,True,35.05968148596706,True
1,349,branch_primary,797.2842291741065,514.1965640436049,1360.2585241761299,948.7150513004409,521.8861767528716,True,14.856169899529913,True
1,350,branch_primary,774.7083707581876,479.9781670990847,1211.4482458176028,911.3463121199329,500.24649936215405,True,14.738895344014969,True
1,351,branch_primary,444.09900278570535,284.43363805911235,1149.5942325359179,527.3769228311,609.5961072585623,True,7.0527659303350765,True
1,352,branch_primary,1189.724397947131,750.6223356319946,1414.9281220683927,1406.7259981319369,742.3606892501073,True,4.397566031913125,True
1,353,branch_primary,786.7990097043967,486.2820634132421,1414.1211253696401,924.9448236890996,500.6321186994261,True,13.23660054717199,True
1,354,branch_primary,711.1395808518112,433.97258230050966,1131.515411886491,833.0976567261861,493.8178798054842,True,12.867557177503569,True
1,355,branch_primary,1136.4905201435442,712.364020160491,1491.4298779124317,1341.2953439102664,692.9889779679621,True,8.839634404668836,True
1,356,branch_primary,990.9162341047081,609.1677928438621,1256.6430212560613,1163.1854464574938,576.1714817800455,True,20.402329072840438,True
1,357,branch_primary,1120.8845213323032,716.6093930277375,1497.6011054498042,1330.380070633174,694.2520382499748,True,1.902476213862084,True
1,358,branch_primary,1124.066916983189,702.6911044416368,1470.2348707367883,1325.6323857380291,681.1276937886148,True,6.026772330964554,True
1,359,branch_primary,972.7378759399819,591.948717691524,1394.4472575476013,1138.693224562642,559.5273063406983,True,9.98220689110859,True
1,360,branch_primary,1045.9950886121946,677.1981254042807,1495.900522278143,1246.0750484829975,645.8177908955126,True,13.322137305597403,True
1,361,branch_primary,709.5873588854954,430.6426005030839,1240.207188216462,830.0405226602804,492.03108083023136,True,11.533426311230993,True
1,362,branch_primary,918.8311774848103,580.8123316986872,1231.6740141388582,1087.011360277062,553.6542573136105,True,23.271482406787634,True
1,363,branch_primary,405.3251113303668,261.187655872078,1047.1029408363515,482.1902502694608,636.420325481059,True,6.311672738463053,True
1,364,branch_primary,717.6295375733716,453.49188391385644,1431.858223656738,848.9093249420163,506.1501923464354,True,11.569358725428263,True
1,365,branch_primary,1238.7913674325948,796.307286192198,1476.0497014468904,1472.6538446180423,799.8935922673096,True,20.689752789716735,True
1,366,branch_primary,865.3956783207423,524.5548729917919,1049.809003713023,1011.9622002998198,509.449809953481,True,14.290070157293442,True
1,367,branch_primary,1152.7529341348004,728.8406463434765,1442.9742410207741,1363.8357727082714,712.4689954285217,True,18.65308302184374,True
1,368,branch_primary,1064.2022935338705,660.7083159543945,1269.8429868324463,1252.6220500749785,630.9796982163126,True,12.927259990600609,True
1,369,branch_primary,979.4859261285583,619.1314353112384,1209.9302308467843,1158.7564082560552,586.4119199706296,True,11.897164963196952,True
1,370,branch_primary,1096.2580795829333,671.784606623258,1350.4338071262466,1285.7201619119248,646.019219291578,True,32.237207948496255,True
1,371,branch_primary,766.678930764211,485.7746000838034,1134.7427151509003,907.6197138473432,509.052896403431,True,13.692159061740906,True
1,372,branch_primary,527.5346087745323,322.99423417819037,1051.0702987535028,618.5612651688227,553.8677132566727,True,10.556588565797847,True
1,373,branch_primary,1237.5352802395662,752.6076191986416,1473.903655302987,1448.416997384893,757.9131850659028,True,13.69531414897098,True
1,374,branch_primary,1170.1712780401235,741.9699198369275,1426.8806345683922,1385.5757582654485,729.1765868848022,True,10.623324099548752,True
1,375,branch_primary,1243.2435569511476,781.0559653985244,1481.7558823309585,1468.2312362108235,786.722484798226,True,10.598116610171967,True
1,376,branch_primary,846.5872295314034,527.5579933748436,1325.4081678837044,997.5105882041296,517.5874413749538,True,8.520672248506738,True
1,377,branch_primary,902.8185029583652,576.9789700683693,1176.946164979035,1071.4410768610378,552.4369850315924,True,6.419514862966967,True
1,378,branch_primary,994.6107091170168,641.2878526438128,1453.5605176680633,1183.4274682627438,608.2475687406928,True,14.702655258802098,True
1,379,branch_primary,361.8917491738555,232.05770655008126,1049.4883698199308,429.90279981572155,667.8960239196215,True,2.0840212991618223,True
1,380,branch_primary,1010.148309064403,620.6209850221757,1306.0481666757628,1185.5673803523646,587.6587505627999,True,8.8745157942893,True
1,381,branch_primary,1205.4294194322586,782.0225641389895,1480.4878831601409,1436.878344208483,776.7700469592813,True,29.06270651137648,True
1,382,branch_primary,374.85444867550734,241.21458306754715,1310.6817204535196,445.7581550305829,658.3709758575066,True,4.5834363422588345,True
1,383,branch_primary,1156.1814746758978,747.474956406123,1464.196643752076,1376.762293512598,731.4048470011767,True,8.59508325252176,True
1,384,branch_primary,281.4169053456792,169.6933887616092,1473.2278962278933,328.6203292611971,730.9207797187639,True,21.483285336153354,True
1,385,branch_primary,1244.1773887655472,777.4696506828226,1480.4434107943528,1467.1184111885195,783.6046316899376,True,16.435636421166613,True
1,386,branch_primary,1097.1384457552954,669.492321912529,1379.0319015415225,1285.2753550325995,643.8858820940824,True,30.250846966993972,True
1,387,branch_primary,892.5226347124506,559.7510394561307,1479.2723966116318,1053.5264019692497,537.436598382593,True,5.85303667817652,True
1,388,branch_primary,561.7868874666706,350.97334747820435,1117.0153313802239,662.4098410874841,540.9446704367522,True,16.80048517604377,True
1,389,branch_primary,1180.9908353672793,713.3702465887395,1391.3610032545625,1379.7233280406558,704.1153839423849,True,9.040320113160625,True
1,390,branch_primary,1148.9723323046321,725.0522830117991,1457.6929233470385,1358.616293698176,707.9617517042545,True,15.484721394458573,True
1,391,branch_primary,1258.3458840652943,802.7349242492282,1498.8164461627873,1492.587592924945,812.0501770347956,True,12.774357165973102,True
1,392,branch_primary,1131.674370964758,691.2600464712815,1370.5595140359708,1326.0947680109289,671.3495864126912,True,4.450882745803978,True
1,393,branch_primary,602.2681449883928,380.6874460777745,1029.2277116151238,712.4955088061806,527.8269216485756,True,11.449896809484434,True
1,394,branch_primary,1172.9120372759592,711.8741330278415,1458.577924005483,1372.0376920700764,700.6262386712078,True,29.71475451177956,True
1,395,branch_primary,172.46229975862298,104.185421422485,1440.869490990296,201.48907383531724,830.0440591220014,True,14.76594484623555,True
1,396,branch_primary,727.4610836754921,456.2481567566978,1434.2064570985472,858.6978565282468,503.0590399438158,True,7.916601666222493,True
1,397,branch_primary,1123.8523764203874,705.3406358685941,1347.8407328234916,1326.857029447131,683.6936094528152,True,4.228450428168381,True
1,398,branch_primary,720.4086527722195,449.7382737422553,1183.9524148485375,849.2662373235781,501.4849053938504,True,9.898415120968634,True
1,399,branch_primary,620.4474688973133,382.3027812291323,1265.775780801335,728.7732694031885,515.3797718440774,True,12.173596618614587,True
1,400,branch_primary,855.1155097643315,549.6274407204412,1053.1409514179184,1016.5199745368581,536.3541693006568,True,10.868113584325206,True
1,401,branch_primary,469.48363465340685,294.0911870470071,1150.4762001011263,553.9896294210672,590.766826817162,True,12.961015515092534,True
1,402,branch_primary,998.6577619526054,632.478773870761,1296.7512645714053,1182.0942115183745,599.4197397664757,True,13.856688049572321,True
1,403,branch_primary,940.6318238592017,575.9195403192819,1198.8073593810832,1102.9376886199243,546.0374820251645,True,1.9247029647844849,True
1,404,branch_primary,556.4149943962309,356.90451778408817,1241.1236888283795,661.043478754348,548.779162623133,True,10.027544989011261,True
1,405,branch_primary,677.2598522026541,413.86355858389044,1267.0842519408782,793.7026852224213,498.8189603312054,True,13.797772481823493,True
1,406,branch_primary,547.4042100477898,328.99334265503694,1312.6580072584197,638.6610906336625,540.3010803964495,True,10.920321052999848,True
1,407,branch_primary,1196.491931759034,737.3422280983726,1483.8738223324585,1405.4417469612667,731.3263725421841,True,20.89550152413081,True
1,408,branch_primary,1161.3684323859657,711.794211906513,1404.5453600501585,1362.1408281988502,697.7802003062824,True,31.079161946409993,True
1,409,branch_primary,1144.3867143862458,701.6412664258834,1430.3134243626746,1342.3566660226575,684.1104923840091,True,24.969854141578303,True
1,410,branch_primary,1069.4963422476112,690.6898698925452,1307.0292157717686,1273.1358617418648,661.3498603566784,True,13.802508515969073,True
1,411,branch_primary,289.96210801100676,180.52313140351134,1291.7817791544542,341.5649646171518,724.6539684195209,True,6.012457063353299,True
1,412,branch_primary,972.358017059141,615.3850090809607,1195.0551247965743,1150.7296914309454,582.9554743216876,True,18.39705985313475,True
1,413,branch_primary,480.91056256906427,299.7732779875358,1349.6513051861675,566.6912628459047,583.1147941348363,True,15.8992539971321,True
1,414,branch_primary,882.0382538612191,536.4076534094519,1128.5312306858918,1032.3394073224092,516.8613098450743,True,5.738967644600664,True
1,415,branch_primary,528.8556779323832,327.35128676911023,1220.9384903527834,621.970411700358,555.0403764333546,True,8.159697398999079,True
1,416,branch_primary,1031.0266660829002,658.7445768102523,1474.0542050483054,1223.5033320963776,626.4811328261242,True,9.413292168356424,True
1,417,branch_primary,812.9264881979748,511.36310892768944,1097.507286012184,960.3862266745,513.3873444793982,True,10.442366897598305,True
1,418,branch_primary,788.4188873272794,500.853973003552,1062.9533239093948,934.0551612018576,513.1931111481026,True,11.418731935671081,True
1,419,branch_primary,1025.7986533343417,617.2650712444243,1419.0806810864901,1197.19632699108,584.7992391738281,True,6.596524435598223,True
1,420,branch_primary,158.14661643843246,100.81311949129378,1295.3455052691422,187.5463605418419,844.0305802921221,True,16.78596869893481,True
1,421,branch_primary,1195.042754628516,745.1749721235063,1488.7198965677183,1408.3369357044428,738.4873454164609,True,7.068931112783756,True
1,422,branch_primary,965.2393841590954,597.8052831383219,1190.656352468344,1135.3670002602325,565.7811654140329,True,27.914846040931387,True
1,423,branch_primary,857.4613144596779,542.9714642690419,1481.3290761469614,1014.9176896701457,529.3126633235096,True,8.365079040155196,True
1,424,branch_primary,1037.5674933640967,633.0081433813159,1395.2042606773327,1215.419932728156,601.1580370730369,True,12.857377512112855,True
1,425,branch_primary,1245.949527894044,771.5028996909806,1498.017748641932,1465.4715794893405,778.4978561971486,True,17.99281401710051,True
1,426,branch_primary,704.6055345512801,431.26580448362245,1093.9389222645812,826.1108602585982,495.4830626288482,True,2.953987272682385,True
1,427,branch_primary,943.6081492408259,582.9534392286309,1445.9157236994204,1109.1578118654647,552.7223229068368,True,16.214295378666012,True
1,428,branch_primary,1167.915673449207,729.8002328759123,1455.4769693584935,1377.1838657906396,716.8173445766373,True,19.051482780556732,True
1,429,branch_primary,1071.2813576950816,647.8973666586505,1393.3361912858154,1251.9643545517706,619.019211164617,True,20.43330087507199,True
1,430,branch_primary,961.0791013270508,590.2619916811436,1463.3654665095592,1127.8662411079615,558.5222762050299,True,6.95646649224032,True
1,431,branch_primary,1039.476275243462,655.5109728649264,1470.7246575357535,1228.9042120280749,623.7367959417875,True,8.156221168673751,True
1,432,branch_primary,1017.4505178636471,634.5378375790789,1479.9658497507526,1199.1012566170286,601.747465881619,True,22.57825499437147,True
1,433,branch_primary,983.7188599571696,635.8830069400565,1472.5601050262642,1171.3453777390175,603.028756230886,True,12.306512683048684,True
1,434,branch_primary,990.141803178943,625.4127111886855,1309.9601761137583,1171.1199126130641,592.4263318997193,True,20.64829827293607,True
1,435,branch_primary,1090.8750664851614,688.5649029839187,1409.4928362321143,1290.0116419243118,661.8498138196311,True,27.283188945606,True
1,436,branch_primary,623.7795152825369,394.69814630771066,1446.3854441077665,738.1649614990267,521.4530857753197,True,3.927677642375866,True
1,437,branch_primary,88.86174504062097,55.15042128220709,1079.9045853826517,104.5847919119661,910.8595598054,True,26.851665286893574,True
1,438,branch_primary,1011.6099277674847,617.5436343624706,1196.4037039993527,1185.2066428683836,584.6104790984554,True,4.955504990193438,True
1,439,branch_primary,1181.0050547043068,716.4229271825877,1401.7236087762396,1381.3163105639453,707.0689486169301,True,39.48372465985382,True
1,440,branch_primary,613.8498834414467,374.9001226366038,1240.995812406742,719.2786534814015,515.3106130261834,True,0.547727732562129,True
1,441,branch_primary,1231.898839276346,778.0324253252803,1467.2999334561641,1457.0206604808136,780.3944239399251,True,12.12022138794665,True
1,442,branch_primary,1085.6433712443966,686.8762180959384,1403.0130777587578,1284.6869145876274,659.4732243607551,True,23.05380839127692,True
1,443,branch_primary,918.3128228288217,567.6870294853652,1200.7910295245465,1079.6142848340592,540.7497752242537,True,19.53753705776546,True
1,444,branch_primary,758.4164425451786,478.202363705135,1120.6968897399404,896.5896502726665,506.2123275820934,True,5.2968587588455645,True
1,445,branch_primary,1119.5721872268996,706.0485943447985,1368.792784976933,1323.6111589089485,683.6247249392064,True,8.13861230218363,True
1,446,branch_primary,1144.067675788036,710.2150975064112,1378.67139142338,1346.5869194036752,692.4253842066513,True,6.3067854361586235,True
1,447,branch_primary,788.4182852665987,508.7645489949421,1495.9285107360106,938.320179286767,520.4143033440535,True,7.431080432804296,True
1,448,branch_primary,445.79041647221504,282.2593801979322,1184.8950329976647,527.6357201026024,607.1599707991707,True,8.493270938604553,True
1,449,branch_primary,748.6407343390806,458.03720477188114,1158.7597835930426,877.6451618205367,493.4703452256983,True,7.052276187602683,True
1,450,branch_primary,1041.3002595250523,627.7265197483819,1229.598743905464,1215.8728609860314,596.1375273702137,True,7.159850058060823,True
1,451,branch_primary,448.6788679332243,287.77187892287907,1219.5217029486594,533.0341272645157,606.8203449810137,True,5.352747089150971,True
1,452,branch_primary,802.6675149917357,496.3696315515037,1373.6457503231868,943.7467619809796,503.3695445580916,True,16.957716349811445,True
1,453,branch_primary,1027.7889893382294,662.7363021758001,1279.746490719879,1222.9348358872408,630.3139721838195,True,15.852372163955438,True
1,454,branch_primary,867.5619535185804,522.4541498265608,1474.8862897716665,1012.7300142999464,506.85541499992826,True,22.367350520002294,True
1,455,branch_primary,988.3375927779852,608.2711153208498,1406.256069510876,1160.5192575015087,575.3189478254831,True,14.611965165220377,True
1,456,branch_primary,986.0699167475593,612.6361578824201,1431.949365253622,1160.8862746451402,579.7310993251322,True,9.211523026947347,True
1,457,branch_primary,1068.6291114828532,689.1471321452589,1403.4237099982486,1271.5706616828918,659.7243218996169,True,8.030619026785716,True
1,458,branch_primary,543.1251934381341,333.68511486624004,1414.6368225193046,637.4407671544914,546.4532366123931,True,7.862259814883286,True
1,459,branch_primary,902.8827160775343,546.4070013509069,1136.4776710539077,1055.347246226016,522.3518805578818,True,22.86490604111428,True
1,460,branch_primary,577.1333148979245,370.6116524046063,1247.4877207961702,685.8832699979929,540.6437401923207,True,9.280214613721682,True
1,461,branch_primary,1170.6139623056704,717.2939622551075,1376.8008900351297,1372.8975479010126,705.3174165808333,True,11.460079698565682,True
1,462,branch_primary,442.5092103827261,271.831231785742,1277.9630905811919,519.3328603580728,605.9692417571199,True,4.402771583979693,True
1,463,branch_primary,733.9407670544906,462.70088462976184,1171.1431910511296,867.6180946601438,505.06298159461164,True,12.900882820750223,True
1,464,branch_primary,915.0459559134241,551.9074756418694,1310.6239396369701,1068.602340958924,525.6688797656564,True,8.244885451408233,True
1,465,branch_primary,370.3940981343828,237.23453064285815,1439.8466893738912,439.85453329722543,661.3645001027006,True,7.566363257549116,True
1,466,branch_primary,660.5070713828779,414.0390996606347,1205.3244632057338,779.5498492043823,509.93137809735214,True,8.65036723196838,True
1,467,branch_primary,796.0373129938823,499.82352701869604,1274.98979298891,939.9462547613716,509.1627407544452,True,4.337869956815352,True
1,468,branch_primary,1005.4382912600008,645.5432895642482,1490.5238512420187,1194.8356775026687,612.5129676177324,True,18.441951631520322,True
1,469,branch_primary,1048.8866607711593,676.09943988178,1398.0128663613796,1247.9077208480319,644.9371545409779,True,10.494541253238948,True
1,470,branch_primary,739.1052646986759,463.8514830390763,1414.3702931116015,872.6023095447607,503.3515888247105,True,8.755235558993697,True
1,471,branch_primary,582.14213212415,350.92213283499683,1346.1188429277586,679.7321570350445,524.5810654212098,True,8.577953204916932,True
1,472,branch_primary,1216.4951205346044,787.2335344407625,1459.6826757870458,1448.9986252693952,784.7837257661188,True,14.956439296751265,True
1,473,branch_primary,745.0318249476563,480.8065462589443,1456.0735809472772,886.7059011364984,514.9831950112056,True,15.076618853493017,True
1,474,branch_primary,944.1063286481035,612.5123886928557,1259.0622508078,1125.3924586985772,582.090091542887,True,11.535925030106025,True
1,475,branch_primary,636.659308181353,402.80611503668536,1430.2619047361663,753.3842585327268,518.0077743774701,True,8.979951192036802,True
1,476,branch_primary,922.2410861735342,597.0048014633386,1276.2288542122556,1098.609736893325,569.2064404022101,True,28.01178687110575,True
1,477,branch_primary,393.07628295855426,245.14094238460487,1115.4076944698973,463.2526803567634,642.3952830197127,True,5.522205402031514,True
1,478,branch_primary,982.1601628986205,605.7810325911848,1374.8637240400324,1153.9537447542198,572.982493801218,True,6.393693332466389,True
1,479,branch_primary,980.5918568231288,608.2019611425495,1228.2843855609653,1153.8934158775128,575.4515933825301,True,0.70434906616194,True
1,480,branch_primary,232.41664532050237,148.39074154041361,1358.5464771742072,275.74863407993524,775.6588414528027,True,12.897222235976612,True
1,481,branch_primary,1005.5110716804954,626.5218377906426,1196.7948271014166,1184.7287151498535,593.4931913893581,True,10.878674588252004,True
1,482,branch_primary,809.2978067158517,504.06945627511607,1305.5263704549996,953.440588974782,507.9463196878159,True,8.170381076917353,True
1,483,branch_primary,807.3725246534245,498.44155492420487,1357.9759752493298,948.838435794263,503.46345991655005,True,6.087335171429648,True
1,484,branch_primary,907.9210794229928,549.137004326433,1154.073146657278,1061.0712209749265,524.131747747809,True,18.093830828358456,True
1,485,branch_primary,655.7205699596724,411.74163250287745,1030.991351728049,774.274265234466,511.4218976320057,True,3.271528195474049,True
1,486,branch_primary,390.82719981079333,236.55093938029742,1310.8712545915853,456.8394105521621,641.7433847111184,True,10.03399539706146,True
1,487,branch_primary,439.47323179018406,264.3332459150863,1465.4885726152318,512.8438225777068,605.8591312139331,True,10.44288830117525,True
1,488,branch_primary,520.9612558292783,323.0523671324655,1467.0980780971377,612.9954828423355,559.5091983044173,True,3.890375202646744,True
1,489,branch_primary,1257.3945062025773,800.379654546332,1492.6614634396929,1490.5195522501974,809.5145132277518,True,16.47616908317447,True
1,490,branch_primary,1233.6541221428724,747.6510916873541,1498.3681961078223,1442.527174087682,751.9913830653994,True,30.024628866852314,True
1,491,branch_primary,581.8366568892862,366.0223358087946,1090.262996604673,687.3908972419019,534.1048013445368,True,10.441011882991939,True
1,492,branch_primary,885.4476355279836,533.9584773348681,1272.5368683701636,1033.987026407908,513.709094505406,True,9.150420198149511,True
1,493,branch_primary,899.0973152608178,560.3130102789347,1130.894339613142,1059.399193787239,536.7192366378129,True,3.5141781431266645,True
1,494,branch_primary,1120.3509906207673,722.4839040383034,1464.0098024391405,1333.1051473081045,699.9443939926261,True,11.762739544710689,True
1,495,branch_primary,106.37556523252115,67.09161196593868,1462.4741998168988,125.76583508539372,893.7260035961332,True,14.808015754138676,True
1,496,branch_primary,221.4507172405308,143.5771744064254,1162.5465693223819,263.9220058594558,785.8131399944377,True,14.670961448470123,True
1,497,branch_primary,710.014360734482,442.9779618236199,1478.5469972398162,836.8690860048563,501.80478493363654,True,11.164815327047462,True
1,498,branch_primary,578.8711238254323,375.7025949152826,1331.7562499719054,690.1044977574019,542.4884191265193,True,10.668679875510124,True
1,499,branch_primary,983.3150997205171,624.7331390513677,1414.5033873712557,1164.9893048295962,591.8936271219663,True,17.25176412245492,True
1,500,branch_primary,990.2038718377864,622.7162128979098,1428.4197892539341,1169.7346663275644,589.7291914609323,True,15.770158045666467,True
1,501,branch_primary,908.7805968396578,555.2710375963228,1479.6000994717824,1064.9920649401768,530.024885560485,True,22.218268601539478,True
1,502,branch_primary,468.7779242068592,282.31810701668087,1332.6170840164477,547.2259640890351,586.2987848042128,True,11.164381518723248,True
1,503,branch_primary,172.60879749983766,111.36657229393887,1336.76610553751,205.4174052967301,830.5443738143136,True,9.18430135731076,True
1,504,branch_primary,609.5994582152128,379.54387408905535,1130.6151835545056,718.0982187798614,521.5721055850305,True,6.753127634064025,True
1,505,branch_primary,1065.7873881267249,641.4212847997086,1478.7400985812012,1243.9147966336338,611.9674712051999,True,13.932483140032547,True
1,506,branch_primary,856.5455504933294,516.5380549979104,1383.8627765758906,1000.2408921509583,504.15682256725034,True,18.515457439947788,True
1,507,branch_primary,729.9510000968177,473.5944537146816,1471.3782742328392,870.1265247834087,516.4324982492873,True,15.76922889100443,True
1,508,branch_primary,1239.3685764791971,757.3258534042449,1482.626649799688,1452.438266019778,762.968518753961,True,25.927833640690565,True
1,509,branch_primary,535.8148049142364,328.86233238155495,1115.7547254923525,628.6874730935217,549.9636444705358,True,3.55533953952341,True
1,510,branch_primary,994.2149134470176,615.775838611685,1381.0430756318046,1169.4627730451211,582.739822259676,True,7.5974842691130995,True
1,511,branch_primary,945.2480014342216,569.8946581537148,1323.3671359777968,1103.7543683299875,539.5647725230183,True,11.606427301505084,True
1,512,branch_primary,536.2435303118951,337.8668737939703,1089.7986876548762,633.8068698023674,554.5005546727716,True,8.4320099425822,True
1,513,branch_primary,834.2001414358219,512.5787723311454,1153.9852383979146,979.0949258453184,507.1955312257662,True,13.973094860882377,True
1,514,branch_primary,783.7848130760119,496.5658098505238,1486.3057639875033,927.8449421757417,511.2249738159044,True,17.054592584571264,True
1,515,branch_primary,1177.127731570896,740.8397955711101,1498.4425440204495,1390.8534427232394,729.7403873269054,True,36.179265597383164,True
1,516,branch_primary,86.57172186762011,55.342757611329475,1268.162404587085,102.7496172603623,913.1535843127451,True,29.2253105072322,True
1,517,branch_primary,1156.2315668847377,748.2039605280721,1423.6608942461799,1377.2002769425471,732.127659237139,True,30.436832965723564,True
1,518,branch_primary,1117.2986372399967,685.9351229237298,1447.0482605523396,1311.054246642276,663.4259580146311,True,19.19117526504907,True
1,519,branch_primary,1249.326870488047,766.9266159385514,1467.1780334257357,1465.9447682496143,775.2403577477701,True,12.517198134668647,True
1,520,branch_primary,1112.2255146109924,703.4891790413712,1487.5351045732857,1316.0329100672177,679.8480895332409,True,17.902297301475162,True
1,521,branch_primary,171.63964212139933,110.69684254650251,1219.9684074588704,204.23995127625548,831.446412801986,True,10.7133600872411,True
1,522,branch_primary,678.1894469913394,419.8898972192401,1039.7081907337154,797.6518362024893,502.8401584077646,True,8.485511800306915,True
1,523,branch_primary,1250.9029792776641,794.1370740264863,1489.1170452124538,1481.6922608656243,801.5396923720481,True,26.111619149423063,True
1,524,branch_primary,1261.581440888456,794.3829963576587,1497.7444237751963,1490.8494480987558,805.1859972054485,True,12.612192497661677,True
1,525,branch_primary,1208.2557378436586,748.5564810030967,1422.9730683802343,1421.3439883729284,745.3417096834069,True,45.193611343839486,True
1,526,branch_primary,1197.9834154666828,765.0158268987411,1490.9191677678962,1421.4124943656516,758.4023649883538,True,17.852141039940122,True
1,527,branch_primary,1235.80430937149,775.1879750207485,1473.8831784844049,1458.8107100230359,778.8557899186684,True,7.7740938813313605,True
1,528,branch_primary,1080.5557143433173,659.9904734577804,1378.5354923367943,1266.1706349679027,632.1550092239754,True,17.523468024998152,True
1,529,branch_primary,924.6834959237674,587.0261120742291,1225.2309802989732,1095.2804316204983,558.9896908856765,True,8.821367373670641,True
1,530,branch_primary,490.149652318831,295.3839381067342,1296.9256809350882,572.2747177359087,572.8912362779256,True,11.97578334846359,True
1,531,branch_primary,1161.3038824453804,738.9943420602596,1419.8576359633262,1376.4953123711646,724.2509907488655,True,24.259461002104707,True
1,532,branch_primary,54.516199126848065,34.29929306290213,1162.6350839493696,64.40852018058632,944.9379973983552,True,30.842348404087037,True
1,533,branch_primary,1115.9390119203317,676.2762566456053,1408.4385202267842,1304.8637682257558,653.6792927638513,True,13.876531522650103,True
1,534,branch_primary,868.4124783126011,522.1014067611419,1208.8163401617635,1013.2769174470508,506.29402976773713,True,9.493228790916442,True
1,535,branch_primary,689.0583330710986,434.53796555790586,1437.714143963195,814.6315915098829,507.4741329525419,True,7.889694041493653,True
1,536,branch_primary,542.1179097257086,340.13449019315703,1169.9567577507255,639.9869525735118,550.863637226133,True,4.106721268102427,True
1,537,branch_primary,1020.6860412628944,661.6815449708823,1250.9959373108736,1216.3973289118867,628.9804631946513,True,7.75583448665567,True
1,538,branch_primary,866.350232587544,528.8066152177089,1346.9360324434847,1014.9872717440853,513.3045775882036,True,16.324465961244602,True
1,539,branch_primary,529.4656559926068,333.22620229584936,1382.8119039967053,625.598579579746,557.663407147218,True,10.164341023491515,True
1,540,branch_primary,560.1247738404643,357.7637634462926,1467.8591140321726,664.631230612199,546.2988609054207,True,9.77979104591216,True
1,541,branch_primary,438.7546922707694,278.15845878216794,1189.289121416307,519.4976498326903,611.9285017392949,True,8.57355387120456,True
1,542,branch_primary,312.6864118740739,200.7641981796657,1225.0205366961238,371.5899022328339,706.946757519437,True,14.546295302289185,True
1,543,branch_primary,823.859951679081,526.7866320979363,1366.1952418383544,977.8800415888157,524.0223972732977,True,15.516783753992547,True
1,544,branch_primary,492.55588227817304,309.31095276401777,1216.1879684947369,581.6223539949387,577.2866769212093,True,10.502332848112705,True
1,545,branch_primary,994.0605847194508,619.6270101525347,1499.1236149483934,1171.3641952029036,586.5922377259867,True,16.69989887786511,True
1,546,branch_primary,771.3754388568927,483.97065678195145,1239.4208226579588,910.6303664482189,505.3121451297853,True,9.678900106168843,True
1,547,branch_primary,1262.9548020570442,790.2625947901104,1491.5970818643752,1489.8220701692353,801.7414984726113,True,11.459405506430286,True
1,548,branch_primary,774.3509654108653,481.8356320739215,1394.920813263595,912.0224744866842,502.06678787587896,True,5.416354522106061,True
1,549,branch_primary,327.06879674884135,200.32067143983738,1053.8691569578875,383.5392668460978,692.8761151121254,True,15.270522369049358,True
1,550,branch_primary,837.3586472658176,537.9795448241722,1174.0753191464155,995.2846300431165,530.3007565250409,True,8.877189583099868,True
1,551,branch_primary,725.9748551976604,455.05880107401987,1085.0756881204704,856.8068643598675,502.86565103845606,True,9.246477163433793,True
1,552,branch_primary,516.8868763189374,319.9731415694228,1387.8979910860903,607.9102353444581,561.4177016349347,True,12.836457284073887,True
1,553,branch_primary,731.5711000835664,471.15120261643074,1415.097076172824,870.1607496344503,513.5028754716643,True,12.56677388038152,True
1,554,branch_primary,440.2501031252094,273.2907168937269,1379.1198997211327,518.1775460612364,608.6208312704055,True,7.581122067975073,True
1,555,branch_primary,1258.3565766789789,810.750485833403,1498.2427257424604,1496.9227182290801,819.6548275761667,True,6.368954443232685,True
1,556,branch_primary,1136.827856709313,695.8464438116522,1461.4174661701256,1332.884034398947,676.8738408923555,True,24.77543005764804,True
1,557,branch_primary,960.3105928923155,583.664632498751,1463.8636291218118,1123.770812065829,551.9946571835703,True,3.5485398798203103,True
1,558,branch_primary,420.3240459941402,253.96793110830518,1162.5727297637527,491.0926732016239,619.8316681091239,True,9.728266996056439,True
1,559,branch_primary,396.13438949120814,238.7404426011495,1171.4370312225417,462.5142738024038,637.4154319270095,True,5.600481732176805,True
1,560,branch_primary,1138.8649584028321,688.4204505343513,1474.4557703807452,1330.7652348148429,670.0249856038325,True,16.90153074705965,True
1,561,branch_primary,197.49904937958027,122.02453303746185,1426.3082093060443,232.1548215498625,806.8739181000718,True,18.331127187352266,True
1,562,branch_primary,1047.2800508426844,633.5751930226605,1315.8763122138018,1224.0151265841273,602.4171420877,True,5.215199649404221,True
1,563,branch_primary,884.1155362576774,558.1141295984951,1320.207560071596,1045.538934286852,537.5733603696405,True,14.725481880787893,True
1,564,branch_primary,1120.5599360390286,698.0199230985331,1430.3354372069416,1320.184223242451,675.8987193253727,True,15.544971946436771,True
1,565,branch_primary,117.5070515184131,70.80239947362732,1009.67354980125,137.18923765286434,882.7535635033928,True,23.042642521900795,True
1,566,branch_primary,1025.6413220452707,642.6219411528916,1384.314655839338,1210.331806050672,610.1246610828147,True,5.8221075858449876,True
1,567,branch_primary,989.5281740462276,619.5420898606592,1463.5331142361806,1167.4752281484068,586.566505279725,True,6.849421351288728,True
1,568,branch_primary,1184.2945858008977,741.3089922329757,1480.1165465254203,1397.1731059259585,731.9723528904944,True,11.504057930384716,True
1,569,branch_primary,688.7627781998689,420.985236135381,1404.4983281417806,807.2315242094825,497.00601670423725,True,3.853499445147599,True
1,570,branch_primary,1107.0154269507957,689.626283540758,1481.2516098479969,1304.2498098360186,665.3190609833271,True,8.118213390999134,True
1,571,branch_primary,862.8471139829805,551.8057185966506,1319.416913485244,1024.2044196276076,536.4315871235957,True,3.9664463197951574,True
1,572,branch_primary,1028.2224472848025,633.2889130768713,1441.5112054912126,1207.5993741826937,600.9184077612747,True,27.51968020106693,True
1,573,branch_primary,1177.7673850473034,737.033482216476,1495.7740821414166,1389.3719326333419,726.2060061674215,True,16.504693884450482,True
1,574,branch_primary,413.1241521891109,262.30923608793603,1414.760110183403,489.36458848082606,629.5533180300413,True,10.442802069042525,True
1,575,branch_primary,114.38820873182355,69.63733206685782,1291.6958052891232,133.91796113391607,885.8206909138034,True,21.854432910977636,True
1,576,branch_primary,732.4158709769501,468.07612240414744,1191.9039566050935,869.2112887116842,510.43945840106386,True,10.92911453826843,True
1,577,branch_primary,982.1641656990407,612.1016524398658,1353.0761247016778,1157.2877262387722,579.3001462103302,True,6.908753989337988,True
1,578,branch_primary,1080.0397246375014,694.0265039941721,1463.4199293561246,1283.8062918686069,665.861439532053,True,31.968048196522076,True
1,579,branch_primary,1135.4717851019789,690.2532916342803,1493.3605506808249,1328.813674438457,671.1218993141317,True,29.61046418936906,True
1,580,branch_primary,1120.775699947856,694.4196011739838,1339.0567867700104,1318.4675771850598,672.395869834869,True,9.613474819451849,True
1,581,branch_primary,987.5027726464061,607.5295912653678,1384.673993650624,1159.4196523465541,574.5943190404915,True,14.995959926841957,True
1,582,branch_primary,1139.4941814143851,734.1160190838509,1429.4277950528635,1355.497443358991,714.9066939008139,True,26.092534232899812,True
1,583,branch_primary,1058.575109384945,679.752924572093,1323.7246929765913,1258.0323130483025,649.3902397859055,True,15.976103738801045,True
1,584,branch_primary,1190.2911151383873,764.8993308032606,1433.0592084358088,1414.8724059224073,756.3124267908421,True,25.45824941039424,True
1,585,branch_primary,829.3486866950785,525.9290070131913,1413.7629546819192,982.0491660506275,521.3980221512694,True,5.103836798740531,True
1,586,branch_primary,1059.8032434319423,685.1397624655737,1309.6190900738623,1261.9823330380848,654.8669279288654,True,19.57288054151398,True
1,587,branch_primary,467.40819453135015,301.490157683746,1455.0671686283313,556.2074572452499,595.9253875288838,True,4.201631593152682,True
1,588,branch_primary,511.2117353537906,331.3652162144559,1330.2278259405527,609.2128896209331,572.1592173776852,True,4.53582096990692,True
1,589,branch_primary,780.0244355710367,484.74649576858263,1076.293917818252,918.377528714545,502.1654598991015,True,14.31468395442283,True
1,590,branch_primary,698.4617857940863,450.04527523829483,1383.1727800872138,830.8968744549329,514.2694106170499,True,4.022484515420906,True
1,591,branch_primary,1113.878028447847,679.564956726957,1405.4345425360616,1304.8114011879932,656.5532915687132,True,18.39732893488811,True
1,592,branch_primary,1204.2036336010956,743.6386048342301,1461.9820122006658,1415.3108371583544,739.4898518184899,True,38.360623597897956,True
1,593,branch_primary,422.69038854760356,256.54723069443077,1420.0932080668383,494.45287555792976,618.548534954367,True,6.305818449108856,True
1,594,branch_primary,278.3762174054091,175.78376135294502,1491.6353953071373,329.23130041405955,735.0663073423859,True,13.679446627762005,True
1,595,branch_primary,1180.6350829759385,724.2968558881521,1428.592152946575,1385.101127933648,714.587856454444,True,3.6079956748851307,True
1,596,branch_primary,778.6619333527831,491.0811110623927,1353.8272413744098,920.5840885519194,508.4610148778617,True,12.374002038565964,True
1,597,branch_primary,330.88428011746157,202.70560392424204,1051.116651874512,388.03861752555304,689.7567869913806,True,18.562236553424984,True
1,598,branch_primary,1209.5343601053532,738.5337860998484,1460.2267263516212,1417.182247096838,736.0895988364745,True,35.9402376914104,True
1,599,branch_primary,1140.923774716443,700.3200725861168,1424.060755532018,1338.7140336084628,682.0927066553897,True,25.74995798584003,True
1,600,branch_primary,867.5716910845831,540.4978082047867,1053.3033115779854,1022.1636463138091,524.2960559831337,True,16.660784768584328,True
1,601,branch_primary,890.9486693245196,549.5550344069381,1242.8868801860299,1046.8047894488939,527.7696901461036,True,17.481380055589554,True
1,602,branch_primary,1004.2194120093334,639.5643445378043,1421.9419344664034,1190.5877448808394,606.5235082978588,True,18.901839694957662,True
1,603,branch_primary,630.9198922855849,404.99733841440616,1020.7601943286118,749.7217848004732,523.597787824177,True,13.626937236341332,True
1,604,branch_primary,1072.0264917644758,646.937177770359,1328.5141565021495,1252.105630937872,618.152556464879,True,26.902912220615942,True
1,605,branch_primary,730.193149546387,445.2048250679362,1334.766635841311,855.2130564416354,492.30558724770304,True,9.49422973052392,True
1,606,branch_primary,1181.966310683996,718.8501469992138,1395.8445149662898,1383.3979519403401,709.6616764135915,True,28.584510422025165,True
1,607,branch_primary,966.8816176233382,583.0991188251065,1412.965511382481,1129.0990412149588,551.0031160088295,True,17.303167756415306,True
1,608,branch_primary,1012.2616746902627,642.9286646656983,1344.5830196473871,1199.1792884700574,610.0035856953111,True,20.3508341333287,True
1,609,branch_primary,1049.8566261483065,643.7577708270609,1487.6136167428183,1231.5124859162947,612.7746641319873,True,15.591022023626559,True
1,610,branch_primary,1169.999356734099,729.696795018761,1459.4937341531065,1378.8966268066858,717.209427791981,True,35.96302692771208,True
1,611,branch_primary,933.6134067706961,601.3055580904263,1318.3783152438773,1110.4964509139254,572.04756308895,True,15.999933618419078,True
1,612,branch_primary,1082.9279796445542,700.5755674048673,1478.0128248433423,1289.7825920447553,672.7151146967252,True,17.474049674057362,True
1,613,branch_primary,861.268425146197,540.3338736545679,1285.2515182636675,1016.7320173833225,525.7587943067097,True,15.538984862163222,True
1,614,branch_primary,379.8911358756867,240.65058610787804,1146.9398937563474,449.6998773748829,653.4151908594224,True,12.271510240687462,True
1,615,branch_primary,1090.8161987463016,691.4032676784568,1416.0586222611955,1291.4791744367303,664.6529911842925,True,32.75506214762847,True
1,616,branch_primary,1266.6977348892474,797.1152163453895,1497.3821768280825,1496.6348317819236,809.4446159012571,True,24.55835553397496,True
1,617,branch_primary,552.6888539311572,341.61636221659774,1217.6704402392354,649.7435711062001,542.9602596561541,True,11.014390507525198,True
1,618,branch_primary,575.1007363993195,358.0289470986512,1202.042446926725,677.4404652569909,534.4906641687872,True,2.0100625986626848,True
1,619,branch_primary,1212.1030494176214,747.3465527389451,1499.3409394246587,1423.9805730059247,745.2689349940604,True,11.688990359265388,True
1,620,branch_primary,768.9663786525522,495.7181892182856,1267.5324021647243,914.902079252133,516.8919273161562,True,10.530289124252254,True
1,621,branch_primary,1185.378556794452,737.4739563885173,1425.9262713987466,1396.0623765646828,728.5381314594523,True,26.518281518478595,True
1,622,branch_primary,558.0691472840639,348.71632736747944,1113.6044055178515,658.0609775112222,542.6409837340599,True,11.122298216527701,True
1,623,branch_primary,1044.320796495959,629.2562910281144,1446.6555140393734,1219.2495256478114,597.882617511179,True,11.485128023661575,True
1,624,branch_primary,871.0115727053042,552.3402140674262,1331.2282896019992,1031.3781420325997,534.9296161029441,True,13.783902883991509,True
1,625,branch_primary,1088.6052405252626,660.720220843194,1277.4243456218253,1273.425529793613,633.9605320139043,True,23.26702551908262,True
1,626,branch_primary,768.9768112821087,470.0718951951538,1219.2152851981477,901.2729458615539,494.06399331869517,True,7.969020680489374,True
1,627,branch_primary,778.5145448121876,486.3049572462516,1038.1290590491533,917.9201533501737,504.22748689534103,True,10.783423299462385,True
1,628,branch_primary,1203.2097808870517,771.9095618416635,1483.2757790635524,1429.5307441551777,766.4306828705778,True,12.974094843546368,True
1,629,branch_primary,720.0845574599559,452.15071573852185,1471.450265893533,850.2717445823765,503.67086065791005,True,1.4609641383535423,True
1,630,branch_primary,988.4403814021061,605.0983948773396,1443.0979920012635,1158.9471321287585,572.1448351471714,True,18.767209057861518,True
1,631,branch_primary,1255.9040899516851,814.686824495246,1497.6893799587217,1497.0002355255385,822.6227216841858,True,10.843239170193591,True
1,632,branch_primary,1028.4869824641564,643.8860770920692,1265.7023461822328,1213.4145018794031,611.5161332842363,True,24.73575770923487,True
1,633,branch_primary,1243.6475527662672,780.7460641145002,1494.1645223562723,1468.4085440134868,786.5531753586286,True,16.35479711835589,True
1,634,branch_primary,959.1238101139796,597.4083576746687,1493.5235477969322,1129.962490061994,565.7879792896537,True,8.35705679326778,True
1,635,branch_primary,792.3895935277337,510.8187456868732,1022.8412909398895,942.7709471956364,520.7007302692168,True,5.05787636323854,True
1,636,branch_primary,799.1426108192364,492.30182151875897,1014.8527537558704,938.6106732280821,501.026804049027,True,16.63791192496667,True
1,637,branch_primary,1237.4354014926937,778.3806596618499,1491.922401085398,1461.8901546296152,782.3931105425713,True,8.828136249932124,True
1,638,branch_primary,539.5764057567916,334.1088352740865,1316.7880502739492,634.6427431694342,549.6521621155515,True,9.734537211027964,True
1,639,branch_primary,990.0179722897251,616.3210037772933,1498.4919393448376,1166.1848760611283,583.3377549048258,True,15.262386463764514,True
1,640,branch_primary,282.1675472665421,178.4349321139409,1295.4019450397818,333.85258682377014,731.869502537115,True,5.36703419009493,True
1,641,branch_primary,573.4168160018153,362.3582659513316,1252.045519973619,678.3143502660957,538.4652198598045,True,11.403547784536606,True
1,642,branch_primary,1263.06178202069,785.2231788418983,1494.7166313666007,1487.245946638234,797.0191303837325,True,42.77816499714011,True
1,643,branch_primary,1224.5025626395131,738.2021454762994,1484.9764715419258,1429.8073064215844,740.1845688638624,True,18.87380372586987,True
1,644,branch_primary,1057.039696873671,661.2401880816607,1473.832280823163,1246.8245694968687,630.8146180448706,True,37.81915155905167,True
1,645,branch_primary,1256.6585088366849,758.362897736993,1496.3806037759637,1467.755051940101,769.5579284634392,True,29.64108616910153,True
1,646,branch_primary,840.5026310328317,519.7788090065155,1324.7546679273046,988.2381712246012,512.0165689931231,True,15.933832190548543,True
1,647,branch_primary,1170.491627164053,741.0780445595062,1416.9703177043236,1385.369018489043,728.3846870563607,True,19.57225223671178,True
1,648,branch_primary,254.94131269459314,161.63494254657564,1062.6568131270635,301.8624315321089,755.5328263529767,True,21.483903642612407,True
1,649,branch_primary,575.0399142374744,367.66251373639705,1321.1885764779502,682.5295795591633,540.4497459806456,True,7.226572210618118,True
1,650,branch_primary,749.1562949740253,484.57999810653234,1316.7634766150225,892.2179828181763,516.2551079863956,True,15.241290326967807,True
1,651,branch_primary,1123.9110323611746,689.5047875637267,1349.761234303865,1318.5571131871616,668.1392372960818,True,7.013992697733273,True
1,652,branch_primary,785.5823699244211,487.3804823673492,1225.9195726702385,924.4887206065307,502.14371341506086,True,7.227845386578401,True
1,653,branch_primary,751.7022079560084,464.16122554920105,1329.4237431439944,883.4601591182674,497.22156940364994,True,7.419193825734619,True
1,654,branch_primary,897.9493370390007,559.492511440711,1280.8882209279611,1057.990965106515,536.129388792599,True,15.52937273687504,True
1,655,branch_primary,866.9148809410588,557.4123635285721,1337.249539754265,1030.6551090503356,540.844076366371,True,14.920714427991745,True
1,656,branch_primary,739.733837218632,447.7352353829633,1288.4437861364688,864.6808607397523,489.2955718142098,True,4.184261172999174,True
1,657,branch_primary,381.0628434715739,241.1622464767823,1020.8450382535682,450.96354597724365,652.467307194687,True,14.13017954979641,True
1,658,branch_primary,677.5559012341353,423.82398689893387,1361.655586673051,799.1925745201271,506.27544342492064,True,6.723182109229993,True
1,659,branch_primary,619.4876997966547,386.66625219083744,1164.451645901358,730.2573524331395,519.0487567493549,True,12.422357864372657,True
1,660,branch_primary,1255.9499685631786,802.3970620820032,1495.6295152589214,1490.3863152792567,810.9689803564245,True,31.22099605050314,True
1,661,branch_primary,815.0539096703458,522.6374022709841,1298.554997556744,968.2265901747786,523.1535409687418,True,4.343496297464245,True
1,662,branch_primary,726.3982644170334,461.7046952220947,1055.4174230680535,860.7123004455121,508.2280473013803,True,10.360921329652749,True
1,663,branch_primary,564.0865739037379,340.18424493183215,1369.009715129126,658.7252715345737,532.7943594807447,True,9.346355876055991,True
1,664,branch_primary,219.60318507787045,138.31599161259368,1263.8649635901506,259.53202583134225,786.9213731901032,True,19.660764796964344,True
1,665,branch_primary,848.4852545715262,544.1583411407547,1103.1599144372728,1007.9858766165156,532.9290175958889,True,11.582649168615331,True
1,666,branch_primary,970.7658124173395,589.4978758297041,1216.7825597100236,1135.7350078984227,557.177326960744,True,12.34959951494167,True
1,667,branch_primary,1171.729888008644,707.5124168942414,1448.1253436418938,1368.7676028136698,696.1076406608199,True,30.310466921129038,True
1,668,branch_primary,401.5929679256106,252.08857425209376,1414.802588531232,474.15773868592913,636.7187639766847,True,5.765752110856599,True
1,669,branch_primary,1118.029084317568,679.7164222098828,1469.2246395029215,1308.4354963091544,657.4384317712844,True,9.142778264344749,True
1,670,branch_primary,1135.4771017884534,686.2795988743817,1408.5918836023202,1326.758431862066,667.232244729094,True,4.309982317915051,True
1,671,branch_primary,495.86374293222633,311.37158912100404,1135.8639738932127,585.5195283391463,575.3782323264122,True,8.38985807341256,True
1,672,branch_primary,446.56643827999926,270.0141962507069,1205.5265374674848,521.851750955192,601.5242909342743,True,4.818110065568707,True
1,673,branch_primary,1225.5895877445237,761.0589187461368,1475.068486841428,1442.6643807174385,762.3126958202921,True,24.54566828348067,True
1,674,branch_primary,1191.8570226525203,726.4265194295053,1475.560702625009,1395.786033235967,719.5671601205444,True,38.483014146912346,True
1,675,branch_primary,1041.4151337437038,649.7632665799539,1235.5796523129115,1227.4924779350254,618.1296365560713,True,14.625666239172606,True
1,676,branch_primary,1111.7452830554685,705.2440119296391,1417.589904704909,1316.5662500454341,681.4993802732142,True,28.396689785271395,True
1,677,branch_primary,1237.100666380862,791.7766437565679,1489.5367207640306,1468.7846378412282,795.0646773207006,True,9.388208628477136,True
1,678,branch_primary,1085.1675734246396,686.0399594597469,1297.5682995924483,1283.8377967593303,658.5820538809455,True,15.358552131674633,True
1,679,branch_primary,792.6893993920023,507.08994726980666,1485.5009620033527,941.0083413713976,517.1616295437982,True,10.77036579304197,True
1,680,branch_primary,825.4378057171136,534.3239728929357,1479.307444019952,983.285146392019,530.6104321775625,True,19.72672925556674,True
1,681,branch_primary,663.6108565701477,430.4596926320039,1440.5585701068653,790.9961541869874,520.3047822887476,True,12.72558617644373,True
1,682,branch_primary,1110.4099336419188,690.4175694164385,1487.3091703754262,1307.549861722127,666.656512618642,True,20.455252878924615,True
1,683,branch_primary,393.2688636130852,246.1738257158539,1077.1558255066348,463.96330841469245,642.5553370944722,True,4.979876842340375,True
1,684,branch_primary,1148.3187805302966,708.218805427595,1487.1431111866896,1349.1515474845207,691.3760990328444,True,30.687731734582233,True
1,685,branch_primary,890.8958692313265,549.9820640668959,1192.2411634066966,1046.9841071423787,528.1984540576651,True,18.270737946648477,True
1,686,branch_primary,1236.9727854991397,801.6237672377431,1483.5748129558363,1474.0089335773823,804.4292410208747,True,19.60068118448459,True
1,687,branch_primary,872.9225897910017,551.6648445255854,1059.2763699972575,1032.6315647184467,533.817834690202,True,12.715315899556153,True
1,688,branch_primary,278.33547650187336,178.894520008825,1455.8909254760147,330.86838284839604,735.7165693499207,True,15.829218292546496,True
1,689,branch_primary,279.0640610392004,169.55517093977383,1333.9051063889176,326.5359186308705,733.2065376299307,True,5.6944871969443085,True
1,690,branch_primary,938.3741907359802,566.4058420091701,1470.0000149145867,1096.066466826498,536.8323034493415,True,14.525314253931532,True
1,691,branch_primary,704.5705366272158,456.5311939404714,1498.3545682872198,839.5477187890366,516.0272436617853,True,8.418008423185958,True
1,692,branch_primary,974.2468993757672,628.6379281062908,1407.2558871455135,1159.4579188556463,596.1115305496525,True,7.149213785313317,True
1,693,branch_primary,1183.5750491729884,765.7670729020543,1464.5705931691532,1409.6982325894512,755.487315709971,True,16.02933182522378,True
1,694,branch_primary,864.5158444913333,520.9617894231301,1298.5286140694777,1009.35069793185,506.2180585236736,True,9.123029969964149,True
1,695,branch_primary,936.857054720189,599.2529222008641,1176.0541841549777,1112.1174424247029,569.6430648587713,True,10.313541598696297,True
1,696,branch_primary,1137.0193049221175,715.609942319699,1415.94145506224,1343.4695714129064,696.2753796448619,True,20.454107950182546,True
1,697,branch_primary,1224.8687459327223,736.7247438098464,1470.586317500206,1429.358874777249,738.8888777305268,True,46.51838142918902,True
1,698,branch_primary,1168.3729144755232,710.7622101119755,1425.2588337636791,1367.581144431031,698.4373179508221,True,13.648203422041163,True
1,699,branch_primary,669.5269831790567,421.33005895645385,1437.5870650414793,791.0659895262202,509.5148753393166,True,10.070275302429245,True
1,700,branch_primary,951.5798336864664,613.2155011844767,1302.5809412932456,1132.0501008222614,582.1278127483482,True,13.900959165958996,True
1,701,branch_primary,597.4120076540893,364.4254631029703,1026.0918135570175,699.7907008864179,520.9996430372289,True,6.629677038360369,True
1,702,branch_primary,188.7008578551809,115.59938381125939,1107.7797414961815,221.29444478527708,814.9432370697788,True,25.188968727279494,True
1,703,branch_primary,928.2389723119047,591.1008066737746,1320.5235103189932,1100.4670614648346,562.5669053060444,True,1.6588383931891784,True
1,704,branch_primary,553.3886578790972,338.7600041655413,1369.0605713976993,648.8430835660238,540.7647358228826,True,8.644477917651058,True
1,705,branch_primary,676.0531345916011,410.90062172141455,1450.1930533155116,791.1303064111338,497.34453567664656,True,11.301662175299374,True
1,706,branch_primary,867.1552725208999,529.4935544844031,1220.2322690178257,1016.0323276851597,513.7601569594148,True,7.102350348336198,True
1,707,branch_primary,1039.187391172337,669.7978597445447,1417.09371583803,1236.3412178237609,637.9768420852529,True,12.48894975492013,True
1,708,branch_primary,1114.1860750711535,683.0058256331242,1328.6753090984243,1306.8693766904357,659.9952545377122,True,6.326065425069114,True
1,709,branch_primary,645.22658642777,391.99152063545114,1205.2244838825986,754.9666880620136,504.2903671964374,True,4.1508176530449505,True
1,710,branch_primary,574.3285927180182,361.151528209255,1170.1960098879583,678.4421557814192,537.0059829817458,True,6.325720012706201,True
1,711,branch_primary,829.7148336439881,504.11873091057305,1497.8065818504658,970.8565290627433,500.7074152917652,True,8.242460420702976,True
1,712,branch_primary,1175.6712201479504,762.038424518393,1415.6233064660723,1401.0372508704559,749.9752714890857,True,13.0255403050259,True
1,713,branch_primary,998.1630968780419,616.9239098905717,1376.5603250053327,1173.424338661779,583.8657734696026,True,25.71905967716651,True
1,714,branch_primary,579.0226210682899,361.7611967987516,1365.0001032269622,682.7432601044536,533.6729245988679,True,8.742174749369513,True
1,715,branch_primary,1280.5236640714415,770.351471765122,1494.4369526779042,1494.3835666580517,789.0499748199579,True,22.941733357037887,True
1,716,branch_primary,1230.8598291502365,741.0464655978908,1468.6874817760618,1436.720495848401,744.8452179331442,True,14.592138381312132,True
1,717,branch_primary,816.9338287540462,498.50489805980055,1428.9786243356054,957.020383248109,499.95274629356976,True,16.38107745026149,True
1,718,branch_primary,563.5844551184812,352.20039259636087,1145.8775669032132,664.5844977098293,540.2153202283547,True,11.470484309523359,True
1,719,branch_primary,888.2858140911093,575.7334752680764,1339.0424794421058,1058.5465138857912,553.9433224111737,True,5.820243694654703,True
1,720,branch_primary,962.60969313422,603.8277359360227,1352.74662675885,1136.3209740216803,571.9560872459264,True,16.389017441532964,True
1,721,branch_primary,1072.2788500797092,696.3409878986599,1488.231084513442,1278.5431958897382,667.267411454618,True,8.902410883796978,True
1,722,branch_primary,210.43970410948873,135.5280170645481,1431.6795807344688,250.3052386090583,795.6395981692359,True,7.974342770684448,True
1,723,branch_primary,1048.5900374298412,642.3463742325857,1296.3499896748117,1229.6950561366282,611.264942711252,True,15.367150733194574,True
1,724,branch_primary,873.4895354220414,555.7674832449413,1160.556055230858,1035.3074248377773,537.6713324767217,True,19.441330274339027,True
1,725,branch_primary,944.5492672978414,606.0869384427642,1388.9625797610336,1122.2810233198334,575.6516619970122,True,19.596565928740375,True
1,726,branch_primary,785.3060619273583,480.6863600338368,1482.1254601891972,920.741542248657,496.21449540225666,True,8.745004146151045,True
1,727,branch_primary,1185.5501245904582,716.9792132215582,1405.7611123706465,1385.4920750795566,708.7863474142782,True,27.970163640545223,True
1,728,branch_primary,567.4980300640835,355.85618798146584,1473.9119843265626,669.8415041271448,539.24307027073,True,10.284945435356594,True
1,729,branch_primary,921.9476513983425,588.1540554150793,1425.5490923817017,1093.5779189523369,560.4792903881682,True,19.25561577157525,True
1,730,branch_primary,742.06520565443,447.07324292309096,1137.5086764118528,866.3343776976188,487.49974550570346,True,6.205457603177451,True
1,731,branch_primary,247.69113532794523,157.4154571045818,1273.8121978223933,293.4800242869877,761.9782582601014,True,11.14380592427362,True
1,732,branch_primary,376.4951940895084,241.8900642294505,1176.8603790668576,447.5035579137045,657.0289826846293,True,3.3585649813721976,True
1,733,branch_primary,592.845666177317,364.7509902189771,1106.5822779137961,696.0670002025315,524.737114255582,True,6.847165160404507,True
1,734,branch_primary,1156.0527764079472,704.7670309329386,1419.6218345088469,1353.9403937140485,689.720445962621,True,1.589683583350377,True
1,735,branch_primary,888.0015661381206,545.018835736256,1130.8607292753543,1041.917613235835,523.950193605663,True,14.234294802160077,True
1,736,branch_primary,1216.0786923380324,771.1340825059527,1451.8391756627086,1439.9635964707152,769.2077236731433,True,11.023134974805798,True
1,737,branch_primary,696.247742690798,422.2650714678851,1276.1619861960958,814.290310505909,493.3706405803985,True,9.345876900882825,True
1,738,branch_primary,1102.8741568927724,687.3496630045897,1437.2318932839726,1299.5310558714887,662.4133094391676,True,34.408551073268946,True
1,739,branch_primary,1221.6248343681327,787.622929599773,1458.951024063949,1453.5188733471255,786.5913991468487,True,6.553484316888291,True
1,740,branch_primary,983.4981951013253,615.4759185723752,1374.4579182232987,1160.2065790668805,582.6348601704028,True,13.841000862249063,True
1,741,branch_primary,1072.8185565362858,645.727094641492,1486.1898375167707,1252.1593892163817,617.0445316549773,True,25.922149977611575,True
1,742,branch_primary,1101.1719530127666,705.4197139452519,1465.450148788822,1307.7448692021512,680.0109125467382,True,31.02115718866696,True
1,743,branch_primary,508.43618554728243,328.49041343417423,1393.2014770375151,605.3208293888666,573.0421244318476,True,12.065427143009442,True
1,744,branch_primary,229.61481006343948,139.26149259181452,1106.8319809426166,268.5455721462735,777.1295122732212,True,4.621239008586719,True
1,745,branch_primary,1245.945517063061,806.1572458262694,1485.1670891641804,1484.0046281894593,811.4421732689841,True,31.748256372352166,True
1,746,branch_primary,469.4279855328681,297.26883892998507,1179.391966028155,555.6360285296734,592.2275442814795,True,9.436917498459634,True
1,747,branch_primary,967.9532952130562,587.524081668359,1295.5763058290652,1132.306552243721,555.3585859417864,True,11.067460745345764,True
1,748,branch_primary,611.0641488747021,387.892356626468,1111.183473014494,723.7816482677625,526.0727225910993,True,8.6406642313893,True
1,749,branch_primary,630.2316659761564,393.9679629527602,1095.4193201064516,743.2379892283689,516.3134225599896,True,15.83392752373618,True
1,750,branch_primary,231.31060130747676,146.99179838335192,1109.000633837319,274.064195160912,776.5461273835092,True,2.52366368232802,True
1,751,branch_primary,486.4179344012199,311.9542864723603,1088.1825989327654,577.8562829593782,583.9414688766963,True,9.62713029639031,True
1,752,branch_primary,1258.6848327951848,757.3306531026191,1469.820009272451,1468.9578708858473,769.2655962943393,True,9.146810706712621,True
1,753,branch_primary,1101.1393435444832,700.2706025166945,1314.7317541126106,1304.9470374887517,674.9152590762087,True,37.10351046957505,True
1,754,branch_primary,678.0528667608652,437.5657604314408,1043.1669065760382,806.981712819177,516.6464521176848,True,7.74863179615679,True
1,755,branch_primary,722.9841504181395,434.41776014889655,1313.5709555417181,843.4600595692858,487.36397059996045,True,10.627900112372888,True
1,756,branch_primary,964.799331132545,612.590665389507,1174.1180774999864,1142.8495406991092,580.5662778526987,True,21.375277604183527,True
1,757,branch_primary,498.7754696329433,302.42084455180134,1058.816037576223,583.2969538125396,568.536607162149,True,9.341234838674602,True
1,758,branch_primary,616.4217757537848,390.45061807593356,1188.9726448209233,729.676291775557,523.8717202107741,True,9.589507995510566,True
1,759,branch_primary,1051.6121992172148,667.5388882579193,1396.9191429884845,1245.590777454251,636.619633194359,True,16.129606106336798,True
1,760,branch_primary,496.47098867404554,314.414865850431,1401.806900103024,587.6564901902547,576.3263799417869,True,12.8355194016848,True
1,761,branch_primary,1214.1158559409196,744.5297552625019,1479.93798435916,1424.2197401097883,743.1485806286898,True,17.207076124481002,True
1,762,branch_primary,1068.4626159163774,675.7427724919503,1380.561900600942,1264.215431082051,646.377585529612,True,9.658828875143127,True
1,763,branch_primary,814.1205554366979,523.2068088798976,1071.5532468434524,967.7487502667432,524.0158209218572,True,16.914269924911142,True
1,764,branch_primary,246.3198971034384,148.6124284104054,1078.0408283635845,287.67889319010936,761.9465289022929,True,14.57912145642457,True
1,765,branch_primary,44.37582342824047,27.065608884447588,1490.7280159964687,51.978465629722706,955.0963683351422,True,3.303064286136589,True
1,766,branch_primary,739.8977057015564,467.99988429343597,1152.2832478551645,875.48415553972,506.4999838202008,True,6.815275759612252,True
1,767,branch_primary,584.1162298779907,369.34456550381117,1199.4719846172143,691.091295035668,534.4086025620752,True,0.9323538917631063,True
1,768,branch_primary,443.08249780280374,270.92253574293863,1403.8728384379717,519.3468207590718,605.0845861728277,True,15.798096942802255,True
1,769,branch_primary,1110.3877512379627,714.2551729375041,1354.910790727909,1320.2732331480795,690.1694677272063,True,8.617865668087719,True
1,770,branch_primary,103.40571038975474,63.11439233833563,1021.777033190725,121.14523292910535,896.5515740381459,True,21.703330702181685,True
1,771,branch_primary,435.6400136079907,273.8478019135414,1323.5248015290354,514.5627659180642,613.0778843183388,True,12.213919361612405,True
1,772,branch_primary,649.6089789568448,416.0289854019147,1474.2185618470442,771.4090628427314,518.7067441242676,True,10.063878139041725,True
1,773,branch_primary,889.3581568379786,538.3314565009264,1476.1235437632315,1039.5954444843703,517.1273016677761,True,9.838974722631072,True
1,774,branch_primary,452.7934015700889,280.8612948358579,1336.4333788330982,532.8272998282713,600.2023278332587,True,7.200820637462,True
1,775,branch_primary,656.2405146095515,398.64000633052603,1149.5191272530753,767.8316662278334,501.4420548829947,True,6.557685937997742,True
1,776,branch_primary,227.79993076108474,143.39377638583107,1095.9182386987086,269.1738909347352,779.5015648604765,True,8.642736882821971,True
1,777,branch_primary,970.8443436746275,625.3703329950977,1425.9144518890062,1154.827603166558,593.0012870427573,True,13.810753971489596,True
1,778,branch_primary,1098.6868280465574,676.4889306440728,1381.358794743892,1290.2519209080708,651.0365802561141,True,26.814803279453955,True
1,779,branch_primary,861.4530839496783,549.2557639527322,1296.9204652296676,1021.6571392016556,534.3244345855991,True,17.98096770221737,True
1,780,branch_primary,622.6644761416555,374.7214735415788,1498.964793946073,726.7236287488762,508.6282947832719,True,5.875750172890453,True
1,781,branch_primary,1205.0086092415017,739.3510784868877,1441.3464448034865,1413.748833989214,735.5954438434792,True,17.354815953160784,True
1,782,branch_primary,89.06797125662494,55.02485507339735,1411.3164726437751,104.69402169951897,910.6503568979629,True,12.199780556951591,True
1,783,branch_primary,529.1338232691728,337.5450548844351,1189.2322161193188,627.6298805859935,560.2784163507832,True,4.535850525959678,True
1,784,branch_primary,916.8573368019428,582.3331416864993,1254.138751869226,1086.1580289967108,555.4489824427275,True,14.799506075592483,True
1,785,branch_primary,1218.4847095447403,767.8666303843455,1493.1363835699367,1440.2514188335797,766.7569037495216,True,11.29078634008018,True
1,786,branch_primary,79.6968167446647,48.064325036018005,1097.6540676113445,93.0685872913125,919.8789510549749,True,4.374177447625576,True
1,787,branch_primary,660.546144232689,412.8306777390951,1455.881332612949,778.9418316814119,509.00316004145407,True,9.81370706437891,True
1,788,branch_primary,1214.9768586125815,734.549747340221,1452.924082842821,1419.7648038607238,733.8520616385612,True,13.89011615297755,True
1,789,branch_primary,834.5243337834404,505.223968428161,1415.218883605984,975.5419631932778,500.14079812201396,True,13.351872238128086,True
1,790,branch_primary,1195.4858934176677,755.4506609333363,1474.2417875231451,1414.1754567468824,748.5169635130308,True,31.346151053562036,True
1,791,branch_primary,604.8224212486668,389.75320941221435,1395.9389352603184,719.5260422613077,531.943562991017,True,6.6402867323880574,True
1,792,branch_primary,946.5401720783234,606.6409613404285,1240.8061479131543,1124.255999910208,576.0168655899946,True,1.2994386132353504,True
1,793,branch_primary,577.1933956214668,346.9742003859682,1183.3515512169633,673.4562433317558,526.1614745405894,True,12.071134517921905,True
1,794,branch_primary,635.0948435571804,402.4645142558961,1408.0994110129022,751.8797414135813,518.8614112906433,True,7.5481848417164015,True
1,795,branch_primary,570.1610814779585,366.5540493335725,1144.4280582422089,677.8241142914247,543.6087318869857,True,8.483627426533943,True
1,796,branch_primary,784.9550529716278,472.93355826822506,1388.4973691483362,916.4172552510868,489.3860093901281,True,6.248256904648183,True
1,797,branch_primary,1028.9923650197325,660.285918946943,1478.7157941062546,1222.6212749778697,627.9215350127828,True,24.95722022052495,True
1,798,branch_primary,774.6466585942126,489.4815998156244,1367.497160850157,916.334918154515,508.78201614470163,True,6.439367192403158,True
1,799,branch_primary,965.1539555626548,616.6022067856563,1434.8127553722823,1145.303645044047,584.5498001691581,True,17.855354793588333,True
1,800,branch_primary,607.4211268767386,366.7763742208959,1196.5472011449426,709.5670046322854,514.8360911347286,True,4.69435702108599,True
1,801,branch_primary,1205.7955476149514,762.7235322182264,1479.6860185792543,1426.7761174225927,758.2787073583233,True,16.54685502064332,True
1,802,branch_primary,943.4129747795505,596.5301719145182,1140.6442517971739,1116.1882847381823,566.2505236024167,True,21.35769421868206,True
1,803,branch_primary,844.3186528861927,542.9874946662517,1277.0208195421906,1003.8473026190228,533.0040158936323,True,10.708650015266683,True
1,804,branch_primary,1146.3194600304507,710.3460197222694,1474.8104467089463,1348.5695281222154,693.0271207847294,True,5.8411402493333435,True
1,805,branch_primary,810.9923887958121,495.91747473144954,1300.5470175947084,950.6012815206782,499.75493364552227,True,3.849245087916062,True
1,806,branch_primary,779.1551644534536,494.3326009415921,1131.0484413807894,922.7391238308733,511.17914820138003,True,13.561108590148395,True
1,807,branch_primary,544.2047854162525,343.6809505105157,1304.0287785283986,643.6423263069024,551.123337174411,True,7.984802764126367,True
1,808,branch_primary,1054.2143558256967,662.2166140443437,1267.1107308520445,1244.9492969375676,631.5357156111367,True,14.59944793110387,True
1,809,branch_primary,815.315777902417,507.90827977114077,1010.5140193116725,960.5782833047512,509.3014454750943,True,8.992341526144356,True
1,810,branch_primary,778.5351179829919,499.0966068913898,1168.9254641596467,924.7780019784692,515.7474256213627,True,9.900569007943595,True
1,811,branch_primary,377.4014507967712,239.26816191337429,1009.2139709729663,446.8569215855478,655.340059306399,True,13.623153235252197,True
1,812,branch_primary,401.1205849609138,254.72983054131362,1314.734855651224,475.16840198711867,638.0751095623502,True,5.68349845232473,True
1,813,branch_primary,339.0097139631528,206.6659336656092,1326.8190985677174,397.03701880209695,682.8799400913431,True,13.251119809074504,True
1,814,branch_primary,1082.229965041113,670.4805245413796,1379.0024881859304,1273.0930174273096,642.7732460318828,True,7.622785034185558,True
1,815,branch_primary,208.91811189288129,127.92293194531538,1124.9273518375007,244.97153711068609,796.2066780929481,True,7.948853286324773,True
1,816,branch_primary,723.5442573730364,436.26730701822714,1067.5026982185404,844.8937540013151,488.57172584930294,True,2.5981492349550566,True
1,817,branch_primary,652.3489612273327,416.49007903840345,1272.420658028888,773.9658604562578,517.2044480741826,True,9.75773666590666,True
1,818,branch_primary,1165.9535231201658,712.9437236575653,1493.045618999419,1366.6515178270727,699.9748350248676,True,9.151548007036387,True
1,819,branch_primary,513.2117235281784,313.73209236483444,1399.7658014661454,601.5098494175971,561.4338971849575,True,14.899361483155706,True
1,820,branch_primary,795.9303879077054,479.3028859694906,1139.6582486701607,929.1051818247453,490.46377411567227,True,12.937172192251591,True
1,821,branch_primary,1093.191664921203,709.8794793715173,1356.7814071070986,1303.4557497230078,683.2803713154836,True,18.94661501857562,True
1,822,branch_primary,1248.3982074047633,804.4331469523602,1494.4184836525314,1485.1298839384735,810.549648588059,True,26.901327406036135,True
1,823,branch_primary,1146.4151718910264,692.4197819154791,1468.1548042707043,1339.2956733782914,675.5395375197447,True,1.6179422851155747,True
1,824,branch_primary,891.0508143251416,563.0470452810159,1149.8885566346332,1054.0367777782615,540.9601179908171,True,17.35684438589534,True
1,825,branch_primary,496.7156326785623,303.436276075514,1420.1957365965036,582.0652827525792,570.8316856353844,True,5.819538954102023,True
1,826,branch_primary,853.6057746552951,536.1973227078794,1441.690246889876,1008.0428499840492,523.8502945160099,True,9.079017493396924,True
1,827,branch_primary,1190.6139985179302,765.5591822806806,1478.5672784472451,1415.5008142142194,757.0324130079955,True,17.55029790370977,True
1,828,branch_primary,780.5717420822538,486.19774016971934,1030.2314746874385,919.6088772317645,503.23292942113255,True,4.576584330382059,True
1,829,branch_primary,1238.6415985387364,778.3547950660618,1497.9069761643682,1462.8975345638282,782.7362177398535,True,10.19433008367169,True
1,830,branch_primary,206.69081515031675,129.7918142389815,1030.143405562754,244.06353293957844,798.6423592733125,True,24.236942765113376,True
1,831,branch_primary,1023.0313647576353,655.4852845678091,1431.0205383635453,1215.01198823831,622.8721386990118,True,23.8375143943353,True
1,832,branch_primary,536.7480203761003,344.14466658020103,1012.9527353369995,637.600179511628,557.5573468915381,True,11.595538803278567,True
1,833,branch_primary,262.6705671310686,165.17686945361913,1337.0853547539498,310.2889379907946,748.5345022556459,True,8.303791770281512,True
1,834,branch_primary,1115.8617421328524,721.005799308952,1346.4110310424924,1328.531817531257,697.7255415023611,True,36.943697033068,True
1,835,branch_primary,1110.648412217301,717.2008119302424,1485.4190910882141,1322.0880833719857,693.1187374063994,True,29.888827631756506,True
1,836,branch_primary,1176.0642645600603,717.4311907776643,1387.1477011023926,1377.6192027827765,706.7927061661533,True,31.48839349346771,True
1,837,branch_primary,816.0258777386707,509.5835945657352,1269.89800362105,962.0673952430275,510.60826793280125,True,17.767613666059777,True
1,838,branch_primary,565.04815869309,346.7032140348391,1361.7309967058359,662.9347933730277,535.7986931027004,True,3.948046179996391,True
1,839,branch_primary,827.9924268729211,510.4449689186489,1476.1109559466322,972.6898402128347,507.2432219263446,True,3.072743671505502,True
1,840,branch_primary,73.24939852562602,44.59894350155794,1277.6829794265298,85.75861557780152,926.2758653320043,True,11.15731473218194,True
1,841,branch_primary,502.0165866717931,304.12869577965193,1045.5908750177352,586.9539308073761,566.4996397518573,True,6.823699380026672,True
1,842,branch_primary,1066.888279817097,671.3928616016631,1339.1716873058845,1260.5629600383927,641.885399810746,True,8.460191514885985,True
1,843,branch_primary,1247.7035327549904,750.4035886251113,1493.3926143452666,1455.9772152993085,759.0853634922661,True,25.184012726058665,True
1,844,branch_primary,183.56131362456716,110.98707674628446,1093.1685848941934,214.5061469148666,819.6051286203199,True,13.972416598209177,True
1,845,branch_primary,791.6439143107282,495.5021638017769,1122.7645550394782,933.9285204968603,506.98908788802515,True,13.952601833065415,True
1,846,branch_primary,1042.5438355306883,674.4161255216698,1366.8320758811292,1241.6661223399387,642.8024801489136,True,10.70976301015437,True
1,847,branch_primary,545.0935546576837,348.92657390185025,1191.9892968001877,647.2068736534189,553.3668069132185,True,11.93608155530462,True
1,848,branch_primary,1118.0164767016213,681.1377092279324,1466.2222875687912,1309.1636341987896,658.8341914871799,True,6.337338991934205,True
1,849,branch_primary,880.4981342182555,563.1250933885213,1480.5816662130367,1045.1731125347897,543.2493154267096,True,5.713308947736599,True
1,850,branch_primary,853.549016323921,535.3158848592317,1303.317732506809,1007.5261881708859,523.0195962122062,True,10.534411432058896,True
1,851,branch_primary,858.3308442426483,525.9449052396411,1302.6114610061054,1006.6528108170326,512.6904840936943,True,12.377854336779231,True
1,852,branch_primary,864.5173664510017,523.5598659670369,1246.4652341980611,1010.6954091845859,508.72219993377337,True,6.140240505258855,True
1,853,branch_primary,1071.4987231648292,682.8687013137936,1302.5413496617218,1270.5979604020488,653.7908292189836,True,31.068390271941855,True
1,854,branch_primary,894.8607055249194,550.9806171898073,1373.0646280888686,1050.8831156752958,528.3766152263295,True,16.665713257630415,True
1,855,branch_primary,979.5721846727322,589.2071906837064,1178.61237779388,1143.1215064628498,556.5028722370877,True,9.531599931214588,True
1,856,branch_primary,1219.0713558837588,742.9075117378036,1449.4778351143711,1427.6016747442968,743.0451974533697,True,12.149570460064897,True
1,857,branch_primary,628.6172874361441,380.292295922712,1109.4573207141955,734.6985262008787,508.02557160062184,True,11.57999477943868,True
1,858,branch_primary,1061.270226378792,667.5211939990868,1403.3506878685787,1253.7460021216652,637.4659868647922,True,6.43403965620046,True
1,859,branch_primary,1093.5737881090986,662.8058861544637,1493.519762245896,1278.7553607943496,636.7409859843567,True,23.839301663618382,True
1,860,branch_primary,724.3641808466311,440.0067498907064,1370.7074090986282,847.5313601531176,491.2026902660199,True,13.409278054144389,True
1,861,branch_primary,736.9771764497586,459.1697279872378,1485.6313924983376,868.3157246691624,500.46341784573093,True,11.084589224207114,True
1,862,branch_primary,607.4917660729693,368.117879993643,1127.6404243518186,710.3217717467693,515.6529702574385,True,6.876163795403265,True
1,863,branch_primary,793.1368042150738,477.33557442095355,1428.5616358540797,925.6971647403279,489.8445732039396,True,9.693067762488019,True
1,864,branch_primary,1067.6819177611374,663.1189963422592,1383.7333632346174,1256.849824292491,633.7428686479295,True,3.8044711993367852,True
1,865,branch_primary,921.9193275689954,589.1280289621371,1316.2757289263889,1094.078187815698,561.4478333773694,True,10.11816310810529,True
1,866,branch_primary,1166.76028649399,707.517494301301,1388.3890259555194,1364.5184391872208,694.8993467668954,True,31.22342505719065,True
1,867,branch_primary,749.4094650796967,481.6891547818424,1458.201978621975,890.8641805491355,513.6053664391122,True,10.090241124872488,True
1,868,branch_primary,181.87924790032207,116.8124152510109,1049.0541255603862,216.16012854724485,821.8527892801812,True,3.2008942396115048,True
1,869,branch_primary,519.4773251622216,321.39479001316386,1041.4988043299156,610.8611154798627,559.923405481892,True,15.596071574665903,True
1,870,branch_primary,720.0416170470722,439.7786715702383,1126.9253630161372,843.7210500205895,493.4484462393818,True,8.104360245193886,True
1,871,branch_primary,164.02607175097336,103.2568563950954,1304.1046185379396,193.82087247418121,838.3713097253006,True,16.16111672009558,True
1,872,branch_primary,528.5386136524215,318.6767721566679,1318.5277063222482,617.1774066132173,550.761210433817,True,5.188046969273492,True
1,873,branch_primary,773.3119962415705,469.9259171166838,1451.6578831842385,904.8987850080688,491.9269651626006,True,15.748685322226285,True
1,874,branch_primary,1250.7450469305193,770.134970766953,1470.4793026676641,1468.8332259380036,778.7346520114148,True,5.9839755843017715,True
1,875,branch_primary,919.9631954691179,595.4163398091787,1201.4455083116825,1095.834339090316,567.947035703212,True,15.07569003499303,True
1,876,branch_primary,983.1723912252048,604.433951313567,1254.5569380304435,1154.1093329351509,571.6063009812397,True,8.59436788494821,True
1,877,branch_primary,1095.894412164584,689.2999518368193,1348.5090449100262,1294.6501404687679,663.2890178043722,True,20.235378439118737,True
1,878,branch_primary,1098.2246985075785,698.2567993224025,1395.3621916138393,1301.4069487335726,672.490250550351,True,7.770661922665076,True
1,879,branch_primary,934.21391913693,601.2150406217315,1460.0602951293004,1110.9523715168768,571.8888313527788,True,14.995295496096073,True
1,880,branch_primary,461.0942749868252,287.34744723580894,1399.4605840967124,543.3014686696163,595.3930281714931,True,6.625531375982407,True
1,881,branch_primary,1195.0741300275786,771.8344188828825,1473.9961498864961,1422.6491297693365,764.2354123789647,True,24.282766960451223,True
1,882,branch_primary,878.0244292427296,548.1913403697007,1262.1489485810844,1035.1041706047513,529.2501675339704,True,9.129044271691626,True
1,883,branch_primary,1233.0401767267317,793.5350844555868,1493.7204829071445,1466.3171579451102,795.5412058058477,True,22.68959563863067,True
1,884,branch_primary,654.7727194873584,406.4865206969612,1268.991981538509,770.6870997319157,508.1854517590919,True,11.554016536849666,True
1,885,branch_primary,481.59659793907446,300.4590625417554,1055.2247713965357,567.6362668205416,582.8191339906612,True,6.679083019021479,True
1,886,branch_primary,937.7058365853688,595.6065713338837,1160.0743302100416,1110.873270802017,565.9256992673198,True,19.01083409361168,True
1,887,branch_primary,453.04097330233765,288.16925988227337,1398.873994357616,536.9242458967807,603.0319060101755,True,4.571062009532781,True
1,888,branch_primary,548.6063735008499,350.45288721449117,1297.7489526159964,650.9886167996541,551.3633548187236,True,6.939939849278413,True
1,889,branch_primary,310.0269103698758,200.08655792326127,1083.1319467281196,368.98687756486623,709.3707626295543,True,9.898301068805768,True
1,890,branch_primary,966.8406518184752,613.6372463452648,1407.7014082149226,1145.1338420075504,581.4929386213286,True,5.596511582256466,True
1,891,branch_primary,1268.4227887996158,766.7126890456688,1489.4103517878148,1482.1419360809662,781.4035140338614,True,33.70974686379846,True
1,892,branch_primary,1024.9883623272315,664.1601186182129,1222.1314011991817,1221.3557246229366,631.6169310265789,True,18.819321986974593,True
1,893,branch_primary,1236.2159307410243,793.3204417939099,1483.815511599114,1468.8727483298142,796.2745186388291,True,11.800955332903591,True
1,894,branch_primary,918.9674514559307,576.8016778442833,1161.2987852186743,1084.9891024334709,549.6666932123869,True,10.0319238257466,True
1,895,branch_primary,978.0093746682276,621.4316988523371,1383.795222669061,1158.740563403836,588.7627848131589,True,7.320716872554791,True
1,896,branch_primary,464.3583266126931,281.1542582256444,1152.7299440720544,542.8410194642192,589.8115783044176,True,3.6243890325838235,True
1,897,branch_primary,918.2857941867932,579.2374416966918,1147.4328079563172,1085.7093596670327,552.1761074613745,True,16.258202400040528,True
1,898,branch_primary,1126.8531626157298,685.4779671799878,1334.149219991531,1318.9685718720825,664.7409112035875,True,13.21146535928972,True
1,899,branch_primary,868.5812792685485,530.1737874754097,1421.06233117612,1017.6038932815701,514.0525854937033,True,8.930991193312916,True
1,900,branch_primary,389.0328904656586,234.25994699993913,1234.6781041238703,454.11927137314865,642.7244922363418,True,9.794237083654584,True
1,901,branch_primary,1160.6546724134198,745.2117105867775,1441.8832324111645,1379.296836141798,730.1688422381312,True,10.886971903368426,True
1,902,branch_primary,657.8771555887341,397.5067336411936,1421.1465882099842,768.6442318365594,499.4958059370726,True,14.320590716257245,True
1,903,branch_primary,696.0049670964844,449.6909361466489,1283.5883780660988,828.6403636532725,515.4247210816847,True,7.836268027809001,True
1,904,branch_primary,820.2162372805628,495.6433385848014,1133.3967969282294,958.3407509764846,496.0944514389532,True,5.19413877535601,True
1,905,branch_primary,1032.7811077916283,627.0398421407139,1386.3346156281868,1208.2283642768673,594.9145403057629,True,18.078177124993946,True
1,906,branch_primary,824.5157446028578,526.2722712619104,1107.9847839416752,978.1557731758141,523.3182147400502,True,14.819254383881516,True
1,907,branch_primary,1146.8801751972492,707.238713154986,1439.7423545934957,1347.4126070530858,690.1102713747838,True,13.587631940293793,True
1,908,branch_primary,1139.9547328859057,735.4923760403898,1357.5517666123937,1356.6303211422464,716.346625108648,True,31.433909204118848,True
1,909,branch_primary,821.5664942846034,532.0909538118717,1456.0557955016532,978.8218876075058,529.7887080374473,True,11.459723632579081,True
1,910,branch_primary,229.82480015957026,139.26463976582625,1010.2888171440197,268.7267732428084,776.9219230216645,True,11.953189047465866,True
1,911,branch_primary,767.4540484211358,464.26191761842165,1238.9366087397837,896.95308940252,489.6520833783321,True,15.794981053375052,True
1,912,branch_primary,1172.9697586451136,720.2458971393818,1411.3294390491283,1376.4491298417422,708.7545354696433,True,13.923424169785267,True
1,913,branch_primary,628.7154866690521,393.61295677344253,1273.1235915405246,741.7643311169896,517.1511755519701,True,12.891014939069926,True
1,914,branch_primary,1078.9425876086914,659.923923992509,1371.5085445396462,1264.7595395225962,631.8840572311319,True,10.018787117689055,True
1,915,branch_primary,1199.9021297804743,747.5644686321384,1498.061714656882,1413.7247807876079,742.0895912184642,True,18.676355052768663,True
1,916,branch_primary,1003.0064207532549,627.4040441396908,1493.9228499159653,1183.0713058286447,594.3551020855441,True,21.256433743760752,True
1,917,branch_primary,64.97104757890162,40.34297030466258,1364.9413347569484,76.47739716087875,934.5107189172386,True,5.491592666744841,True
1,918,branch_primary,965.1291233789011,619.153998300462,1168.0117890495992,1146.658579702596,587.0986654150192,True,4.506169716896284,True
1,919,branch_primary,986.0741651318599,595.7139549656584,1294.1423896588003,1152.049206970484,562.8134409018045,True,14.255760739008466,True
1,920,branch_primary,937.5013910023788,576.0060394834009,1496.2938272369208,1100.3144167249416,546.4695111546947,True,6.80991460299016,True
1,921,branch_primary,549.9714450286491,347.97517493814775,1479.5922402351005,650.8112727359099,548.8222444530398,True,1.3360277221114458,True
1,922,branch_primary,996.5032657923601,630.8461738173307,1331.006119528588,1179.4005484799493,597.7938911617396,True,20.140567895427168,True
1,923,branch_primary,1189.756592924976,743.3182221140585,1497.5653185913097,1402.8694628279752,735.3112780918264,True,14.699412706242182,True
1,924,branch_primary,1207.0944103826544,738.5818115113952,1479.7926776469178,1415.1254389178728,735.4430232954246,True,37.642293586296915,True
1,925,branch_primary,835.0257969819264,502.47664528497455,1230.7556308436285,974.5516203270834,497.3819750422267,True,6.860129189352005,True
1,926,branch_primary,1024.3319583608175,643.5455805453473,1362.3583714146203,1209.713550870104,610.9927349676752,True,24.210593140293813,True
1,927,branch_primary,542.8193792056035,345.24782788028745,1390.5856443444263,643.3109210150355,553.1510887190867,True,8.341667775510551,True
1,928,branch_primary,1189.0487841428012,767.183116660736,1439.8947026461908,1415.0642902570733,758.2109266891716,True,24.273206210043327,True
1,929,branch_primary,1176.4193049586054,728.6973752722558,1448.5462013500364,1383.8216090985004,717.7944723347217,True,33.68380417353068,True
1,930,branch_primary,611.7068333535137,389.70127974564934,1400.8413295982236,725.2946555757738,526.8213185948852,True,3.695296051856101,True
1,931,branch_primary,973.7388891439734,627.2660919073173,1178.8813676915042,1158.2876043056053,594.7626713598536,True,14.292995167938336,True
1,932,branch_primary,558.4657873171723,360.7525634317191,1365.3656221100175,664.8506957402884,549.4112875590164,True,11.319856118347628,True
1,933,branch_primary,963.4371211414957,620.6583291806087,1286.5103969748384,1146.0487982519235,588.701522150403,True,11.946324409354759,True
1,934,branch_primary,898.4769614075988,577.2592076178698,1178.8279122302658,1067.9368159960788,553.4884749723949,True,17.37954812757271,True
1,935,branch_primary,611.505843800536,375.9999014408293,1414.8473135844104,717.8546669665935,517.7947177376511,True,12.030657699303488,True
1,936,branch_primary,1170.5765129144097,747.9481779538829,1436.050410562276,1389.1277297251654,735.0842526785515,True,5.216936806112298,True
1,937,branch_primary,1258.4645143092102,768.0839360793158,1474.7815061965089,1474.3425201216342,779.3250902559012,True,9.292111786281291,True
1,938,branch_primary,492.0618198129628,319.34591390248636,1491.7179163347103,586.6060409200189,582.5856794415787,True,9.741000988477596,True
1,939,branch_primary,623.0874771192398,381.39270557904956,1428.2817649009503,730.5466446516107,512.8228486988213,True,10.427602116480644,True
1,940,branch_primary,928.905200568859,581.6550841340952,1293.5821218711621,1095.9870019954221,553.1130922793659,True,11.609933687035246,True
1,941,branch_primary,1062.362824993411,680.7905374699264,1394.4467483109306,1261.7806972039841,650.778775219678,True,9.096739249499898,True
1,942,branch_primary,1256.6135425687355,777.4445284167421,1497.7390741220852,1477.666264801453,787.5533795019513,True,44.07388695766773,True
1,943,branch_primary,973.9291724908392,616.780796999453,1467.5068496864142,1152.8037927487796,584.2790132961183,True,17.96419531635915,True
1,944,branch_primary,974.3256822737826,587.9112287940952,1165.8525226197373,1137.9587637873592,555.4203573528097,True,12.483329683970096,True
1,945,branch_primary,208.91626346756956,129.91051317615725,1452.5314830434738,246.0137121685364,796.4477663474722,True,13.064389905484495,True
1,946,branch_primary,264.2123532845711,165.9851828829821,1203.8335489524843,312.0244358457652,747.1603528303854,True,3.7685113936583186,True
1,947,branch_primary,1128.0166645892814,718.3657457033605,1449.906811316222,1337.337257460164,697.2611293842178,True,23.009349147259478,True
1,948,branch_primary,1171.6336567124629,716.3574492988514,1429.7370652596305,1373.2783478622873,704.6573984384044,True,29.530098453039145,True
1,949,branch_primary,1077.262143398234,677.7775932768371,1428.5314290551455,1272.7435686528136,649.3962910595508,True,20.310706128511775,True
1,950,branch_primary,1196.1274971290281,775.0542862582157,1456.383793955884,1425.2824758746547,767.6176637481427,True,41.14869263098972,True
1,951,branch_primary,778.3722038539807,491.26703860692686,1331.1122657448063,920.4382602619921,508.75434091414735,True,9.655559599353364,True
1,952,branch_primary,887.7294175273221,560.741289322532,1353.3998670724854,1049.9972915653136,539.379504375404,True,18.863247677084175,True
1,953,branch_primary,1255.1851067542234,755.5325952866377,1487.9377833891976,1465.0321343773226,766.3980676093239,True,49.0880355461828,True
1,954,branch_primary,263.77949924323843,160.1673557041672,1244.455211127769,308.5987784393821,746.5738107121792,True,10.804535537560856,True
1,955,branch_primary,1218.2844784073304,783.1614124194781,1456.2907234034076,1448.2951592238003,781.3704844746542,True,35.78823873226972,True
1,956,branch_primary,1273.9874793201861,789.3770147447221,1498.892819828951,1498.7195097388606,804.6024229544383,True,11.495844454694847,True
1,957,branch_primary,1256.9185755916008,771.2307383900988,1479.2372310619266,1474.6664563571505,781.783224889767,True,28.460470480693935,True
1,958,branch_primary,996.2974201479863,609.4031694212056,1341.6780851975686,1167.895873909204,576.3522479986109,True,11.702113750242853,True
1,959,branch_primary,433.8357048748305,266.4962243537109,1225.1250627174297,509.14993510657,611.8954431893019,True,10.039394685921057,True
1,960,branch_primary,855.9215516475155,552.4421777804715,1057.8712188546924,1018.72177868421,538.8503392737792,True,8.887052697683608,True
1,961,branch_primary,1181.8570660835167,719.7357619379411,1487.6712743895816,1383.7650420732296,710.4894840096384,True,10.617641908495946,True
1,962,branch_primary,941.4829734566526,596.4992459414922,1311.2095165748653,1114.5409547062634,566.4140232311132,True,15.515509399620477,True
1,963,branch_primary,1104.897925026161,664.7909776936098,1386.0121217171288,1289.4752687624302,640.471024168071,True,31.39390772064154,True
1,964,branch_primary,920.9699799799484,591.359465388868,1107.621765870753,1094.4823988211388,563.7893459232246,True,10.111293200670449,True
1,965,branch_primary,987.8558919197047,606.4936591655891,1473.7117572711863,1159.1780802829828,573.5513625240255,True,10.18274796689208,True
1,966,branch_primary,1164.763237674358,716.6527872200669,1380.080169401065,1367.5761833506547,703.2972667046309,True,19.920388146794618,True
1,967,branch_primary,418.4985787506813,267.42629866108416,1064.6760027575071,496.64664061272737,626.4473258775664,True,12.407797499614414,True
1,968,branch_primary,1075.1471403783069,655.1485994448309,1419.6306010745404,1259.0317949989087,626.6772017679345,True,17.16323445964061,True
1,969,branch_primary,676.959848229191,422.17391004634067,1142.009883224752,797.8129144343961,505.38307837377164,True,9.707666493791507,True
1,970,branch_primary,714.4964449002875,459.36042709210597,1286.655944478602,849.4216689921394,512.7698160004312,True,7.536861854356355,True
1,971,branch_primary,564.6882638557613,358.5545863029834,1321.355032088008,668.9052449303545,543.1093074431576,True,1.5943141134321719,True
1,972,branch_primary,1251.9026749182904,792.9983942464406,1487.3084529652638,1481.926705591408,800.7731722611026,True,28.770811301552577,True
1,973,branch_primary,442.2576024055171,268.73995649818653,1147.1235303082387,517.5064744562368,604.9895755425252,True,6.325858669177833,True
1,974,branch_primary,1077.1391895578458,683.0909179501142,1453.7241534824966,1275.4771796732637,654.6570461328012,True,12.872946764486581,True
1,975,branch_primary,868.7975527512327,523.3336825138867,1144.425044027078,1014.2422446930894,507.38511918750135,True,4.797121804705109,True
1,976,branch_primary,272.995665261806,168.9430474191658,1481.0593524061137,321.0426553014576,739.0569244942398,True,7.6826384704701685,True
1,977,branch_primary,1057.8170866590026,685.3133932464909,1430.9717502529998,1260.4092334598154,654.8598186506792,True,7.2790430113711455,True
1,978,branch_primary,1141.004865121815,734.3037213991672,1448.4303665444297,1356.8692116384384,715.3881414491908,True,19.369914420849717,True
1,979,branch_primary,1101.8998719666722,687.7617644125967,1470.915799285508,1298.922465903218,662.6690401119687,True,13.689454683890173,True
1,980,branch_primary,395.3677243294893,238.13181775727458,1385.8552587375216,461.5434974841081,637.9452275695103,True,9.8939677207912,True
1,981,branch_primary,1140.6678908738809,695.9657548843659,1356.0437154033257,1336.222874090409,677.7803165865585,True,20.550775086866064,True
1,982,branch_primary,763.4987828708088,488.2912813066236,1291.794960620672,906.2884567538475,512.747980592771,True,8.861601518126514,True
1,983,branch_primary,1034.7256942892025,621.8185124273092,1331.0843700335615,1207.1932425339298,589.8145789004966,True,10.541938133677464,True
1,984,branch_primary,834.9322161022035,517.9250808163746,1291.3235806992027,982.5264346693094,512.0173685179428,True,8.121741279235373,True
1,985,branch_primary,893.1790209628462,559.9247650197016,1332.805953556555,1054.1747985844265,537.476680522774,True,8.372630187325235,True
1,986,branch_primary,809.7635835341509,491.3668437717159,1252.3343477969208,947.1844785342756,496.0118794310317,True,11.56947435764481,True
1,987,branch_primary,1023.6891912189928,638.4382937515797,1235.319552641318,1206.4588742045971,605.8636670825985,True,15.98983736648883,True
1,988,branch_primary,562.5383969047085,357.002017778449,1334.285529628641,666.2581246709142,543.9057086415784,True,9.834389001078994,True
1,989,branch_primary,618.9239956492299,379.05444877695265,1305.904332319827,725.7748876394163,514.3102919821195,True,13.527542779853505,True
1,990,branch_primary,1231.1750952249215,774.0507506501986,1467.0437949209038,1454.2856252071774,776.3780607777601,True,15.912052807425416,True
1,991,branch_primary,988.9514612225702,618.3753719303884,1192.8566995858987,1166.3674777977578,585.4100166324178,True,16.762245269701666,True
1,992,branch_primary,1054.6381330516622,646.3534703142711,1479.0819546660914,1236.945593093729,615.7716901806638,True,16.010333414509866,True
1,993,branch_primary,1054.9994633836945,638.3283600767136,1418.2517816589618,1233.0802743609638,607.8122117787195,True,25.28235314892214,True
1,994,branch_primary,741.877729809328,453.9289957752592,1263.8237199251876,869.7321996986069,493.43317424008535,True,0.7599554742580699,True
1,995,branch_primary,965.4605909963523,605.6517740034719,1324.8888285688895,1139.7053233711679,573.6003408555995,True,11.172401756493876,True
1,996,branch_primary,809.9811501539821,513.8642145244664,1079.0158966411304,959.2319295006888,516.790906357066,True,11.409299224411026,True
1,997,branch_primary,753.59486201396,462.49974292665365,1093.8471287644525,884.2008981340497,494.8386417457544,True,10.333891223980011,True
1,998,branch_primary,749.9632966900268,477.6123388875781,1398.6298084055352,889.1335628800861,509.77688711106947,True,16.4922539942185,True
1,999,branch_primary,608.0870133517767,387.9061175071383,1020.8770292508985,721.2773196257773,528.2837432442137,True,8.858901611110126,True
1,0,branch_opposite,1077.6964513247517,665.3522935907675,1356.7863735515045,1266.5398990100778,647.7981261892396,True,7.495346672993132,True
1,1,branch_opposite,929.3722223881759,589.6459967076034,1281.2031322574921,1100.6430525742849,547.3023163616848,True,25.772405002365495,True
1,2,branch_opposite,946.3098787491285,575.5751295479009,1425.5166213204523,1107.605126555612,569.1549572236372,True,7.181099729617097,True
1,3,branch_opposite,991.9022750796945,636.5726562540124,1243.0762323954773,1178.5986891213493,579.4499543573538,True,8.966579261146714,True
1,4,branch_opposite,1002.567940914475,614.4203031070565,1361.4003033019878,1175.8634210739176,598.7481624120333,True,15.124685958930462,True
1,5,branch_opposite,1184.191322492503,735.0168637630984,1433.4104547553,1393.7571087828342,731.63596856833,True,29.76444374502475,True
1,6,branch_opposite,129.48946978492677,82.40485600356196,1334.914645583521,153.48642636451356,869.9054412147623,True,5.728328818902381,True
1,7,branch_opposite,1169.4163860931433,713.0777641976919,1443.899798274602,1369.6768165725543,722.0468616967306,True,43.38077198684704,True
1,8,branch_opposite,1112.7461594234305,692.9234096963609,1313.7619522144219,1310.8573023089987,672.5585519562298,True,24.796810369574597,True
1,9,branch_opposite,910.8458887928485,548.7250020321668,1406.613076398893,1063.3622905604825,555.4563644931198,True,16.307709749712306,True
1,10,branch_opposite,1199.728369843157,778.1718898480925,1470.1010415254964,1429.999878166523,739.4676292371382,True,12.014151915769231,True
1,11,branch_opposite,1001.789269422289,626.2645944828976,1317.127437804696,1181.4351791920162,592.8119765397174,True,20.240686259181246,True
1,12,branch_opposite,622.1051093129703,378.55949593680725,1025.3225141148525,728.232146363529,528.2750877331312,True,5.517128589831403,True
1,13,branch_opposite,327.2239329455474,206.66327138091503,1029.8351667522843,387.02094262483246,691.5942321378483,True,13.760293347083062,True
1,14,branch_opposite,464.595574000599,284.2420862894613,1432.2007798019636,544.6490714204255,599.5771126668113,True,14.321496422871588,True
1,15,branch_opposite,1149.8058400870934,714.0626938331494,1439.8708465134912,1353.4914113590232,702.7691721189734,True,18.99232716656654,True
1,16,branch_opposite,774.3259882839819,469.4552826489495,1217.8176434453658,905.5213959586877,515.3839264121655,True,3.1100821596855006,True
1,17,branch_opposite,1210.8197785366594,743.2785498756618,1490.2823385998627,1420.7559744026528,756.1483510984809,True,36.31833065999291,True
1,18,branch_opposite,283.31901279505007,176.21805044629372,1223.6129898537536,333.6502125194202,731.2570405747443,True,10.066778319985541,True
1,19,branch_opposite,710.8640654295593,433.16671387573354,1011.4265746306165,832.4428638224622,511.9940068276927,True,10.26653776328959,True
1,20,branch_opposite,174.82014129948357,111.22469325665443,1335.5062199576053,207.2028334603759,826.2883180371075,True,18.20840778208334,True
1,21,branch_opposite,964.8812607920644,591.9438375941409,1323.5610026820643,1131.9864638295646,576.3947158389128,True,18.482196238225352,True
1,22,branch_opposite,1023.6982208581386,640.835208077455,1393.526066247106,1207.7366481562913,606.6378247783789,True,4.584515524343406,True
1,23,branch_opposite,803.3990859183917,502.34639758733033,1261.436871811483,947.5241392299595,508.0464024618659,True,4.405440110556778,True
1,24,branch_opposite,936.2053358008335,600.5294142317703,1189.7632570112562,1112.2571681672835,547.3657551790011,True,9.038284844626295,True
1,25,branch_opposite,1141.7947824773585,740.9223137557219,1417.2757532640662,1361.1249760083203,688.9302992656128,True,22.84698175085314,True
1,26,branch_opposite,1099.8689204941254,686.6555150270486,1452.019434043576,1296.613835567851,662.0603814978862,True,24.196514255248434,True
1,27,branch_opposite,648.5602806134377,399.5898795440097,1276.9606089533104,761.7758918628084,516.8437117767941,True,7.3909930660394805,True
1,28,branch_opposite,301.2931890059318,182.6911787773933,1331.6817160143678,352.3544416414211,720.6301027805025,True,10.223981781741902,True
1,29,branch_opposite,954.5813683989627,614.6312507753327,1426.247159396319,1135.340109096867,556.209893951869,True,10.396598085972524,True
1,30,branch_opposite,1184.461412467515,734.0697721887046,1476.1437522354618,1393.4874481191846,732.0935448470599,True,19.066635370871207,True
1,31,branch_opposite,752.1552636584764,460.8663873995735,1143.352766608763,882.1198148119597,509.6212392676589,True,12.30053929800535,True
1,32,branch_opposite,1054.7127077401462,672.4537673036077,1330.291561315023,1250.8449004690253,623.7667994899766,True,18.929191699472533,True
1,33,branch_opposite,543.1180826692103,341.75768206443973,1156.030096096501,641.6974091987108,547.2541804100088,True,15.492127478149653,True
1,34,branch_opposite,1196.4318009770238,762.2050831912467,1450.589169011456,1418.592839130277,738.6651433050243,True,21.27611341295776,True
1,35,branch_opposite,1083.6452052338318,697.9262987012423,1443.6643746221193,1288.9484276902197,643.2437054538699,True,25.214360402250474,True
1,36,branch_opposite,663.0822019518666,410.3321867448597,1435.045004010858,779.7759357816542,512.1514163742778,True,10.396763357010515,True
1,37,branch_opposite,1203.410603842666,755.0465742724364,1430.165357076583,1420.6661855487066,746.7506216168937,True,11.370340874256863,True
1,38,branch_opposite,1160.5391266283154,718.0328236465441,1405.0478441392136,1364.7059024819384,712.25486338353,True,25.300887690020517,True
1,39,branch_opposite,866.957764258539,530.1762445200252,1341.48147638597,1016.2197672066421,533.2428141135856,True,6.754844326355152,True
1,40,branch_opposite,1138.5628821462283,725.7522701590651,1430.4853818421016,1350.2006496229228,689.089612505063,True,42.22934322564492,True
1,41,branch_opposite,940.50350407978,595.4276570728039,1416.9636633499506,1113.1401241503934,553.6880118329308,True,11.522823182038078,True
1,42,branch_opposite,1246.2054694492026,799.7298363343693,1492.1394546169965,1480.7416666010668,782.8883382994796,True,2.412281555096072,True
1,43,branch_opposite,341.68240224722996,206.42740500130137,1447.3018931858953,399.1981181581511,689.0317692199881,True,8.603917010255058,True
1,44,branch_opposite,916.0712844288228,590.0823055869383,1402.6033404440989,1089.6713841896876,535.8943504453912,True,14.87611961881196,True
1,45,branch_opposite,1249.966676516551,773.0543648530423,1483.311243829097,1469.703964552104,789.9245549185305,True,12.622429194151234,True
1,46,branch_opposite,1156.508067664239,733.3035754743162,1426.9982382713717,1369.395868394486,704.9175553774222,True,11.627826430524072,True
1,47,branch_opposite,602.2854820581521,388.0998070537959,1102.3368282834344,716.4979149538499,513.6177145513525,True,10.343987391030279,True
1,48,branch_opposite,747.4853186221328,457.20692756801435,1405.5616111193003,876.2262699621684,510.0873225148765,True,14.099833909092611,True
1,49,branch_opposite,863.4780111465773,541.250589431213,1477.1861075641234,1019.0910049123602,523.3282809265536,True,12.03560610579045,True
1,50,branch_opposite,1033.4839163769407,661.3367488268589,1472.4562328658087,1226.9699673417842,607.8170841390563,True,16.723721135272235,True
1,51,branch_opposite,789.5665252122628,502.09828304799385,1283.7989760820178,935.6911795969385,499.2080774960996,True,8.503163550125612,True
1,52,branch_opposite,1157.092863537686,696.7505827939502,1481.318036101162,1350.6758565523971,714.1803880099139,True,13.21251743087241,True
1,53,branch_opposite,823.7947427100476,517.1597663341023,1022.1102031435075,972.6726078344433,511.0114610537056,True,13.413568875722868,True
1,54,branch_opposite,946.6537094662209,572.3345674929659,1231.5157567725857,1106.2188313319914,571.2046195984923,True,15.311930241732844,True
1,55,branch_opposite,513.254384554814,320.62777187077523,1030.0769764348468,605.1712413520315,565.0103116039861,True,11.753528949428885,True
1,56,branch_opposite,855.3689232002905,545.0657736669319,1267.1214994438333,1014.2744660100419,514.7062303339426,True,4.4433753388343575,True
1,57,branch_opposite,905.3921934012105,576.1621263474256,1105.6490271524613,1073.1718500356976,534.8782772599335,True,12.49446831717665,True
1,58,branch_opposite,954.6456319368547,616.0760671074689,1330.8268250379979,1136.176924179823,555.5684185430233,True,13.0758755885876,True
1,59,branch_opposite,1033.677472084111,642.8390784986923,1253.8093515605049,1217.2638157520523,615.006717401023,True,14.8756414318102,True
1,60,branch_opposite,447.7047266909351,275.62849494701766,1444.0321846871375,525.7476481432543,608.5152927141152,True,5.188978841673051,True
1,61,branch_opposite,1099.128187186686,666.4493086030701,1463.4880154167874,1285.3938901386614,667.6555777943391,True,16.055546880029564,True
1,62,branch_opposite,1221.283258872365,787.6471782822827,1471.3012023974438,1453.244946957651,759.5499830453882,True,23.40174641455772,True
1,63,branch_opposite,120.41059613980421,77.58834784713089,1329.8713813444178,143.2433711708518,877.8979627220024,True,6.896783823192289,True
1,64,branch_opposite,505.77733593515336,323.1216189428982,1330.566784528868,600.1818842433854,561.9704108553047,True,10.075402179162829,True
1,65,branch_opposite,755.4541682675189,462.19142752037703,1291.4905379053637,885.6251554840188,510.37381751562947,True,14.236823171076793,True
1,66,branch_opposite,660.5826260977466,397.7425007551253,1442.4839207581554,771.0826822132217,522.8859207834164,True,9.357680318876907,True
1,67,branch_opposite,1115.7020770223037,713.7793250989348,1439.4969389175221,1324.4893542835946,669.7977416811442,True,23.039030906323504,True
1,68,branch_opposite,1046.0466342658913,672.6925845713786,1354.0106884452819,1243.675550292889,615.5384260963405,True,5.623108952919169,True
1,69,branch_opposite,995.1927922597032,638.2864564659991,1300.407113572103,1182.2936582226882,581.7021740124704,True,30.33290280519238,True
1,70,branch_opposite,948.0264496479541,570.520268584234,1185.3506965875763,1106.4571957818935,573.3451606417831,True,21.134678457075523,True
1,71,branch_opposite,1133.0293951964782,699.212643905551,1337.2311218481645,1331.4105046065574,690.3232995461927,True,18.26048435791502,True
1,72,branch_opposite,874.8677017213242,554.3327602458415,1157.897130116833,1035.701841553314,523.6628450710915,True,7.28402126768473,True
1,73,branch_opposite,1159.0208902742515,715.4333411199151,1445.0035839037032,1362.047829438498,711.3891892204367,True,24.69560425739837,True
1,74,branch_opposite,1098.5101061342684,697.4073759614864,1448.3246594591021,1301.1923383284302,657.6353308266504,True,14.66349091058277,True
1,75,branch_opposite,624.518083381519,389.040080637898,1000.9576740447785,735.7819111756336,518.983654661734,True,4.2540043459218575,True
1,76,branch_opposite,627.1839212811515,393.7148884320713,1475.6317386879025,740.5208197523415,515.3468839431738,True,7.367889848054356,True
1,77,branch_opposite,962.5110697403909,613.0841604562045,1469.177052217543,1141.1834853234955,563.9033184501274,True,25.812141267019687,True
1,78,branch_opposite,119.75890175697432,75.93070974011496,1318.9600407781172,141.80150645065171,879.6781778755027,True,23.008129315299442,True
1,79,branch_opposite,1120.6746544319665,724.7962837674089,1495.0021674589448,1334.6315349373601,671.9164386281229,True,33.74807981685093,True
1,80,branch_opposite,1001.0229118812451,632.0106963769131,1200.8017147166447,1183.8430598884454,589.6452252801602,True,5.888612179577136,True
1,81,branch_opposite,776.0329555052882,480.279716560205,1124.6172917187323,912.6312257256068,507.7564965741164,True,2.169191742467441,True
1,82,branch_opposite,708.4938366769917,444.21310931884636,1049.4951650570638,836.2348970833501,501.15617027916534,True,8.718837793716762,True
1,83,branch_opposite,465.44152127056884,286.9768652285684,1367.0709024491778,546.801180411196,596.83836756124,True,9.457297357140948,True
1,84,branch_opposite,754.6853470320024,475.6363091446127,1447.9725237284601,892.0649480847924,498.88206594619487,True,11.863839225606743,True
1,85,branch_opposite,760.922879045069,459.6092203746502,1478.013633829934,888.9568399577284,515.5978307164083,True,12.042680777068666,True
1,86,branch_opposite,555.5055337608949,350.0842269413053,1310.3327691679085,656.6166035001461,540.8770124253984,True,15.45537809011504,True
1,87,branch_opposite,779.5171977727605,474.1377560776166,1205.1571795366206,912.3889923502005,514.7534006977083,True,10.254194648290625,True
1,88,branch_opposite,1260.7299861598399,768.310658889621,1479.2289208927373,1476.3947190930999,801.2530012396692,True,49.217948953372094,True
1,89,branch_opposite,863.3540172591131,532.1612482749534,1108.198092445461,1014.1872377835394,529.2299073738855,True,7.399519408383376,True
1,90,branch_opposite,533.3915785563529,336.7932244365418,1184.0054554265585,630.821886193877,550.9302145912903,True,6.648424154941241,True
1,91,branch_opposite,733.4034256382026,445.7645642217881,1114.1783905441255,858.246253387506,512.255097595119,True,12.00111653270351,True
1,92,branch_opposite,1012.5225865754062,621.245779258574,1492.2362780675353,1187.91763459086,604.6598733101472,True,8.492423826950123,True
1,93,branch_opposite,49.28416920214841,29.870914462806176,1105.1985420062053,57.629860877762646,951.0026400380124,True,21.41254556038984,True
1,94,branch_opposite,789.1839322398883,489.9152119840143,1019.391152111847,928.885457868167,508.3423582126696,True,1.2075314352060837,True
1,95,branch_opposite,1258.0252243469467,787.3400228535593,1486.5803526847978,1484.0929137625544,796.0470481420377,True,34.16002954649781,True
1,96,branch_opposite,920.2396854273247,553.0149882268406,1086.7604036264738,1073.6231442358694,560.434039315924,True,9.10342730186913,True
1,97,branch_opposite,1220.5960755752817,788.1514952075279,1454.2922022145856,1452.941003312812,758.8045926430148,True,17.794664019688962,True
1,98,branch_opposite,1266.7502641009642,776.0982353910463,1487.4201079300162,1485.5923742995446,806.1334311905003,True,21.383986567250055,True
1,99,branch_opposite,572.6233742812083,362.96825723781615,1391.408369974286,677.9701206804428,531.2767472403425,True,15.098070448552821,True
1,100,branch_opposite,1140.4569229903905,734.4134181719653,1455.5973506619412,1356.4678624972062,689.0035562222259,True,29.606777175519696,True
1,101,branch_opposite,1175.1646151661407,731.9511651368691,1393.1576438923955,1384.4726002647376,723.4375510356809,True,16.099166004410556,True
1,102,branch_opposite,754.8607345192962,473.2266146474837,1256.856882624179,890.9310620523506,500.95600517226137,True,12.56837433758717,True
1,103,branch_opposite,894.4416043624595,561.7729400882016,1302.6261758645892,1056.2265949264072,534.5021597118747,True,9.525202626878167,True
1,104,branch_opposite,621.5666404618196,393.5530236275158,1417.17309073252,735.6827243733218,513.7923211634151,True,14.709268989505874,True
1,105,branch_opposite,1281.6169787559406,775.4568921343044,1499.0786166444434,1497.9570994504813,820.9536440648677,True,21.622689346471294,True
1,106,branch_opposite,1163.9669645138379,728.6253744733674,1495.3640570217917,1373.213031836653,713.2095151569949,True,31.213665199513958,True
1,107,branch_opposite,888.6761859053223,546.1135724134047,1473.5290136022354,1043.0653849924088,539.5718742528667,True,16.578865322636585,True
1,108,branch_opposite,378.1019166221812,242.1814350393903,1334.240603654935,449.0132590816281,647.8746692576087,True,8.365767431775994,True
1,109,branch_opposite,490.4500456313508,305.4846638423883,1367.5448891547028,577.8080365508004,578.7673317980527,True,1.068962431471754,True
1,110,branch_opposite,410.4897099881135,254.23160665909572,1380.775702500205,482.8410834121209,632.1859748649191,True,5.103385296031099,True
1,111,branch_opposite,413.3676714146039,258.0252055989346,1492.978961012499,487.2882499046169,628.1519783482113,True,6.902841592373938,True
1,112,branch_opposite,604.2970843311301,370.54529898494076,1289.8322061880335,708.8573796829261,531.0933584912532,True,9.602016936529267,True
1,113,branch_opposite,805.151821175428,513.9481776012359,1083.2348855004839,955.2026928363111,500.573442929353,True,7.925582993827888,True
1,114,branch_opposite,820.4889204555682,516.1974947550848,1206.6489260908377,969.3616054815507,509.4082756383574,True,13.443407149587385,True
1,115,branch_opposite,499.4100862580903,303.9742189772838,1292.46170861392,584.645841564928,580.6946925161078,True,9.47329839662482,True
1,116,branch_opposite,1173.4581978854449,719.3397564423424,1412.9649322799794,1376.391596669743,724.527572534838,True,24.76329337156929,True
1,117,branch_opposite,1151.012435921563,728.7816335189642,1392.5592933115527,1362.3334015580256,700.536438489372,True,24.960583573593254,True
1,118,branch_opposite,1210.7260271112807,777.6488678527663,1483.4332277791655,1438.956314276898,750.4279434812938,True,6.5816744268476,True
1,119,branch_opposite,970.8324001777619,606.3638959057516,1474.7344604445288,1144.6365027784652,574.4324312862248,True,17.892528135298615,True
1,120,branch_opposite,924.1839715489476,583.0976801697119,1345.069169026337,1092.7574835649882,546.5099740895589,True,14.648700049267324,True
1,121,branch_opposite,879.8701433993931,555.0560536747067,1217.6102517294255,1040.3166306306016,527.1090180317184,True,6.1987659550808765,True
1,122,branch_opposite,560.0015506665361,351.7594308039877,1486.6224802644083,661.3141718642286,539.9731538637787,True,11.642119407178425,True
1,123,branch_opposite,1260.390311143895,768.8452296676898,1493.0995081753863,1476.3829867646698,800.8399598635336,True,19.907885016167217,True
1,124,branch_opposite,1242.8362319027206,769.7779876730224,1499.129533713685,1461.9165672623321,783.3354265943196,True,20.95045065672742,True
1,125,branch_opposite,1261.5752398379898,760.5868795829882,1498.4103955748392,1473.1138744734124,803.2380155184848,True,13.527318017568279,True
1,126,branch_opposite,990.8160469530853,604.3773689559555,1317.338316443521,1160.5983125120688,592.9428766527285,True,18.856597830694323,True
1,127,branch_opposite,1140.737269794387,688.8609111625768,1431.065548988876,1332.595540149256,700.5633108114063,True,18.320689950392833,True
1,128,branch_opposite,316.8302347951874,191.97428100651518,1199.1335426591888,370.4531309738683,708.1262201983013,True,3.834623649652314,True
1,129,branch_opposite,1121.956918882622,681.32903979669,1409.1464987674372,1312.6296462821742,684.7340768060757,True,16.555101658632655,True
1,130,branch_opposite,992.8561822679605,599.8574266454976,1370.1254852041325,1159.9966943786815,596.8800144269355,True,8.305337435605015,True
1,131,branch_opposite,968.2520270439618,609.062681191357,1249.5123008601402,1143.8834457647972,570.8705929089657,True,21.59113025794435,True
1,132,branch_opposite,1008.8350707613881,649.7748149316442,1328.0833093659617,1199.9814624058104,589.4426376945704,True,20.71700337701004,True
1,133,branch_opposite,286.33998093121835,180.90338019686044,1414.6096400101442,338.69841695281116,725.9631087085435,True,23.756576241002726,True
1,134,branch_opposite,228.658194410655,143.03818217911547,1363.8188161352587,269.7118674293861,778.4304215767206,True,6.610517237544749,True
1,135,branch_opposite,640.514417767243,415.1867585136206,1078.0088587080188,763.3077779066303,499.42241339040163,True,6.211652641886094,True
1,136,branch_opposite,1252.832839777583,809.6824989295457,1492.7097315310668,1491.7023407831593,788.4798282999107,True,31.43922081901719,True
1,137,branch_opposite,992.4146589144573,634.175724278141,1445.439565730462,1177.7375363348167,580.9393412204477,True,12.497699840146353,True
1,138,branch_opposite,807.420627223616,506.97019541432485,1174.5159093165457,953.3870401387969,507.26715021820314,True,11.870266686536997,True
1,139,branch_opposite,1220.9229563736835,753.0129413348498,1495.3367671488033,1434.462043840135,764.3520032190848,True,19.207427028207626,True
1,140,branch_opposite,1029.591557057729,629.8520494891415,1299.087543423734,1206.9682591560686,616.4849862810477,True,20.07450776566982,True
1,141,branch_opposite,1231.1629359688752,764.4146053060914,1454.7190956778838,1449.1693702631062,772.599005435328,True,22.19369980914497,True
1,142,branch_opposite,620.6044422683422,373.4890348708705,1448.8619714585086,724.3230860133993,532.6943350170205,True,12.279427091841713,True
1,143,branch_opposite,644.2205533691542,397.1868721500296,1207.65856894642,756.8206741306578,517.6009015234458,True,10.470878781340277,True
1,144,branch_opposite,1067.8339195050612,670.3989663399448,1409.474708710938,1260.8346654955233,636.8130213608142,True,11.9954247697241,True
1,145,branch_opposite,654.2494071468942,416.7891133570672,1160.2450868837666,775.7289808722069,502.8472728126551,True,9.679799613369498,True
1,146,branch_opposite,691.0081197496858,419.5233088216046,1311.180912449423,808.3885378978499,515.1350855091584,True,6.467367171803647,True
1,147,branch_opposite,825.6943165910894,529.4039782575823,1363.5470936234958,980.8362129559556,503.64655381578905,True,4.967106454440065,True
1,148,branch_opposite,1055.698650484698,653.6209123887234,1494.2416148608565,1241.6601538855468,631.3151363288547,True,20.26484920501316,True
1,149,branch_opposite,156.01717167356406,97.07957407335044,1026.7962742377697,183.75473207316728,846.2754510874339,True,1.510354430824613,True
1,150,branch_opposite,386.7729686147797,248.18514063630818,1472.2275078476905,459.55325402368055,640.7746698441321,True,7.642288043575002,True
1,151,branch_opposite,1237.1304570651178,754.2212028632024,1477.3384235375368,1448.910414983122,780.1237512104693,True,1.85613783813873,True
1,152,branch_opposite,500.315864997291,301.11103649928964,1074.5009429595625,583.9381997006739,583.6033577690735,True,8.836135825491114,True
1,153,branch_opposite,879.463151447407,564.4165042477966,1484.8157352368426,1044.9982894823836,521.0007115858047,True,5.161010098481589,True
1,154,branch_opposite,819.1553688111137,510.49679881292064,1390.7761334273687,965.2059364976529,512.6225016832325,True,16.001034936948198,True
1,155,branch_opposite,725.3871683221491,464.9622956779044,1100.080573614218,861.6127206399015,491.6925470450857,True,13.360027254993184,True
1,156,branch_opposite,725.5725641431625,452.44655632501025,1348.8389665628333,855.0809506518341,502.4919108998717,True,8.91518612914182,True
1,157,branch_opposite,1075.3504680689468,659.1223088431946,1470.3397009312848,1261.277466377199,647.7247166324336,True,26.975326924443724,True
1,158,branch_opposite,675.9284279529734,417.27338918376415,1197.05719917401,794.3527686336109,510.83791816051803,True,10.498152353331605,True
1,159,branch_opposite,994.6835315839028,636.2999519196468,1197.559535493579,1180.7933590671864,582.082450267321,True,14.239868912678615,True
1,160,branch_opposite,1253.944984863021,763.4365979312514,1469.162749791363,1468.064529959077,795.2626122524607,True,18.509120836049792,True
1,161,branch_opposite,501.89317742048996,325.7596352318471,1015.8759138435885,598.3444672491102,559.0884616006397,True,8.612710458944514,True
1,162,branch_opposite,1173.1405661129772,749.5712524487619,1496.7809197677275,1392.1622931100678,717.9565520897675,True,36.11178304449004,True
1,163,branch_opposite,693.7507853168652,448.38837847476174,1258.7108955094234,826.0401261918172,490.5360689496672,True,4.444850323326029,True
1,164,branch_opposite,1233.2108120915518,769.6764947511997,1454.9651269933097,1453.6886921318464,773.8287728467842,True,2.0747503886034964,True
1,165,branch_opposite,851.2670330003606,514.3483511974028,1021.4196893891142,994.5902612899062,532.4607527366567,True,7.760917107907919,True
1,166,branch_opposite,1123.3068468811236,683.3642801317411,1431.5877247683768,1314.8402988994462,685.4258029084506,True,6.807260260939002,True
1,167,branch_opposite,778.4408104919949,494.7543233464622,1387.5391487308923,922.3621500850138,497.8295076112288,True,11.332121548691486,True
1,168,branch_opposite,454.0803699161698,279.1690511368437,1439.366483437558,533.0331523046679,604.7980024077665,True,0.593672968397374,True
1,169,branch_opposite,849.1973757247179,541.299673989318,1068.464774258298,1007.0459373825455,512.5846522466685,True,12.423606856923502,True
1,170,branch_opposite,1068.1877592704705,688.2799462135117,1382.8350188579293,1270.7298585517472,631.3820299034329,True,11.35974434438193,True
1,171,branch_opposite,1124.3135956593176,689.5711690553269,1367.8458797771145,1318.934971322208,684.6017434216509,True,9.562837045470216,True
1,172,branch_opposite,1226.1271626474413,787.5694242243751,1496.0041270639447,1457.2760263433208,764.3649407547597,True,47.87098113778582,True
1,173,branch_opposite,1269.829478747808,774.4540148405434,1498.6720438321602,1487.3620696385822,809.4056454893342,True,18.240459583734836,True
1,174,branch_opposite,1236.2510399854327,746.9134168093365,1453.4074695768572,1444.3670884075357,780.5051052873059,True,26.18601684507341,True
1,175,branch_opposite,1154.0790755904372,710.9541025572831,1499.2185256238643,1355.49040891432,707.6695145952762,True,10.874258121553298,True
1,176,branch_opposite,496.4322892056397,301.99854176140667,1263.9179609931257,581.0749839667579,582.5137315568535,True,9.793924617689083,True
1,177,branch_opposite,1250.5759181254327,770.7554018511688,1496.6286170317837,1469.014641342293,790.8531524272934,True,10.995162274111966,True
1,178,branch_opposite,824.139966774958,520.070913214129,1069.2154795545307,974.5154896702294,509.168267162014,True,9.028398948772898,True
1,179,branch_opposite,791.9571251221339,488.1167498882978,1135.9392910341257,930.2978284147665,511.489938844565,True,14.058541279789647,True
1,180,branch_opposite,1098.664317286519,706.3741291277886,1331.5914756195648,1306.1499501893704,655.2986389619904,True,5.025813156125615,True
1,181,branch_opposite,1059.6140940894281,656.8342140431946,1347.5399374371166,1246.680878625601,633.8048078555622,True,22.079323572567347,True
1,182,branch_opposite,1025.6381314160958,628.022098828372,1387.249054885054,1202.6409826841482,613.6452840813021,True,9.331319832245205,True
1,183,branch_opposite,414.1561198858191,263.99848214825545,1168.3582657960992,491.1420265213106,622.1328861884649,True,6.279887327358313,True
1,184,branch_opposite,465.98353320602166,287.7126714582673,1133.507339257887,547.6488240988201,596.1006280926571,True,7.233651673167248,True
1,185,branch_opposite,875.0362113136257,534.3388261604384,1398.730761205527,1025.2835472456484,536.5956052644076,True,19.94080843029468,True
1,186,branch_opposite,1103.1867406794804,708.9778619301569,1455.645719324494,1311.362113803076,658.9576666356425,True,12.934249824548976,True
1,187,branch_opposite,706.2605473465718,429.54939902786896,1334.7306683783856,826.629691544819,513.0252407159459,True,12.752928610713463,True
1,188,branch_opposite,1157.4547376060218,748.027988172837,1456.758583723181,1378.131829940999,702.8499755829347,True,15.264458997903315,True
1,189,branch_opposite,1238.1251868208315,794.9359340037809,1499.220859502798,1471.3521391599575,775.3901145587362,True,31.590181261346263,True
1,190,branch_opposite,875.9032414325188,560.5116166888412,1480.2438524230158,1039.8941103762113,520.608693487496,True,10.404601767226046,True
1,191,branch_opposite,1230.7889880769321,787.0820549812396,1486.9745893198403,1460.9379502377676,769.051037485099,True,23.717505683380505,True
1,192,branch_opposite,1084.5085558371134,668.2954622322038,1352.8070229815892,1273.8828959225632,653.2383189242443,True,16.779793142975763,True
1,193,branch_opposite,1087.478839163268,699.6709229120501,1388.255846889091,1293.1162461265765,646.415587985104,True,16.173951811208944,True
1,194,branch_opposite,890.2869741642037,548.1947323678985,1351.4053998548384,1045.5277906217343,539.5320844691793,True,16.601578269008574,True
1,195,branch_opposite,1091.5546642389945,678.635001241233,1460.3925631428483,1285.315933897807,656.5899464512233,True,14.067977524401757,True
1,196,branch_opposite,1082.3045140456536,667.6828032099712,1358.0908652117605,1271.6852546231412,651.3611175525782,True,36.320395828616235,True
1,197,branch_opposite,1139.7463965794054,720.7106787561636,1455.7732922619828,1348.4975828635768,691.4135154281602,True,8.59578148317179,True
1,198,branch_opposite,994.9236223783919,600.0223242922995,1405.2240728899335,1161.851885575642,598.6211356397494,True,7.532819000331128,True
1,199,branch_opposite,447.2623123553355,271.15493680709244,1265.8767608327762,523.0378340123208,613.0011133749491,True,8.031465902167064,True
1,200,branch_opposite,1233.1648913645906,770.3183453929314,1482.1518657294507,1453.989684469304,773.688941145598,True,4.303577279690747,True
1,201,branch_opposite,1030.0592925510525,632.3923048392347,1485.0498320123397,1208.6944086040335,615.8698476669244,True,3.92325151801174,True
1,202,branch_opposite,705.5834569942535,452.5422119590569,1121.417052026969,838.2377159187945,492.4547614274356,True,3.847722779352656,True
1,203,branch_opposite,1257.9827697686706,810.905378620912,1499.5476664463897,1496.692413995334,793.4938058883785,True,42.34318741885238,True
1,204,branch_opposite,1119.1915340728053,722.4084857731605,1461.7821746501234,1332.0899782887452,671.04585517006,True,35.457173248000224,True
1,205,branch_opposite,855.7714582703998,540.3448795827863,1076.5757856888201,1012.0856572847886,518.1267133426649,True,5.540678415979304,True
1,206,branch_opposite,1122.7165647636382,721.4775350017389,1376.5917742688362,1334.5494814006897,674.691320456488,True,12.275357695220467,True
1,207,branch_opposite,866.6732644995959,536.4680920049996,1137.1308640785496,1019.2745268757927,528.8765905404392,True,15.855632829720502,True
1,208,branch_opposite,929.1011364742441,598.9591850571219,1309.7795575410034,1105.4325068325172,542.1228557266959,True,14.004681739566776,True
1,209,branch_opposite,504.84430424185575,304.2008030527406,1173.2437830641525,589.4114862329845,580.7892947974801,True,9.320608191068427,True
1,210,branch_opposite,394.2784574043029,238.64939221301108,1275.0713897127762,460.8785462318205,649.3418136520089,True,16.464585651522643,True
1,211,branch_opposite,420.3599349554364,267.84146059057014,1277.770795674957,498.43908647599926,617.7965532671614,True,4.033603748777399,True
1,212,branch_opposite,1243.931169423648,773.216767759728,1499.6729787822649,1464.6600029387316,783.9261976165341,True,24.015055286753398,True
1,213,branch_opposite,658.0939577085278,416.1264407977427,1250.314518415627,778.6198506996022,504.89884547544915,True,11.609541416312329,True
1,214,branch_opposite,1192.3870296974508,733.8976204767882,1490.7161742254639,1400.1401879569778,739.888241733954,True,30.341494305659914,True
1,215,branch_opposite,1166.4005963787026,752.1053562844587,1494.4638300592624,1387.8590772064597,710.8626940110155,True,14.373440480445087,True
1,216,branch_opposite,827.4020335214818,507.40534632255407,1429.0640261181916,970.5948230606808,520.5399404110112,True,8.005184119074315,True
1,217,branch_opposite,510.0800073750206,307.3539108154098,1402.8197122550355,595.5233332265227,578.0015991544174,True,8.140108950343603,True
1,218,branch_opposite,198.55720008060263,126.96613914756253,1391.7652625238522,235.68063601807992,803.3238976607387,True,6.740498112832129,True
1,219,branch_opposite,941.968790976028,587.2018823605844,1262.4988127549173,1110.0050692770071,559.2581940009627,True,8.807169358674823,True
1,220,branch_opposite,1006.1208746675086,614.8486934716979,1422.53142025741,1179.1175218380763,601.7316919609318,True,9.09318756740256,True
1,221,branch_opposite,1045.3450917120017,674.1712176578072,1457.4254873278276,1243.8863257888897,614.3733679408057,True,10.841481946532607,True
1,222,branch_opposite,540.1881455826377,332.3607150954624,1223.828282386563,634.245124196297,556.1746479955433,True,6.773035623740207,True
1,223,branch_opposite,1265.6622400243864,802.5795223964292,1499.6078870964,1498.6776823565592,801.9416327939495,True,20.996189908376095,True
1,224,branch_opposite,195.3648159896116,118.96644156722263,1117.298339403825,228.73658549917675,811.9309472916414,True,15.511587172801947,True
1,225,branch_opposite,758.484509326746,484.6091527146723,1070.0008365318856,900.0804307302027,493.7942901093445,True,6.973421769879087,True
1,226,branch_opposite,1013.5119911010886,617.7725090716607,1487.746487419119,1186.9496320696967,607.0653449348212,True,21.37658217633836,True
1,227,branch_opposite,939.167120793667,570.9305592665651,1322.885552728104,1099.088979238851,565.7190850264194,True,5.689511290841002,True
1,228,branch_opposite,595.8904756970103,362.8683134001682,1411.5970790822676,697.6810674629861,536.4477849174523,True,9.976079550755342,True
1,229,branch_opposite,923.3479924937883,569.1024649124553,1479.935063586071,1084.6423976646595,553.645929958457,True,12.17435647647831,True
1,230,branch_opposite,324.96738422086725,201.50424042631315,1346.0928523497605,382.3712328577271,697.1052813039092,True,10.689585339419796,True
1,231,branch_opposite,1145.4953027395468,706.0758034880196,1464.147338178742,1345.6234721754888,700.5705959197948,True,7.1678294160171365,True
1,232,branch_opposite,1084.1684251264319,684.3898794400139,1336.8476719872435,1282.1118052342565,647.7829733944853,True,13.451983620199403,True
1,233,branch_opposite,843.2022956311621,538.9761965699291,1364.18975101247,1000.7424502971024,509.7092545527914,True,7.356506057194613,True
1,234,branch_opposite,678.8026807325124,431.48279188349335,1439.8520203519804,804.3323187969131,499.102484476007,True,6.461383310110529,True
1,235,branch_opposite,798.7473650405014,512.6030607372762,1117.8717278940412,949.0833741228258,497.283705606743,True,16.543665188289708,True
1,236,branch_opposite,682.7144132918238,441.75987947022924,1061.3803589899774,813.173266423553,491.5052466175494,True,6.099092728035886,True
1,237,branch_opposite,758.5669894743246,490.8537282496454,1388.257081754107,903.5271219264627,488.80881929306895,True,3.3646931760372687,True
1,238,branch_opposite,959.6177052505737,614.7094974934258,1146.9514341403672,1139.6200711373056,560.5848964588508,True,2.670493335319837,True
1,239,branch_opposite,818.6527541575523,506.96262897554243,1065.6445820088172,962.9140351389315,514.8593325170622,True,9.148436674934066,True
1,240,branch_opposite,453.96095004802316,280.974073120848,1175.2503108290678,533.8791754082785,602.9961872673883,True,8.292671666280945,True
1,241,branch_opposite,1162.1725096415457,711.8435025195162,1390.4947713712777,1362.8521982393327,715.3061834239938,True,23.855543843772193,True
1,242,branch_opposite,194.58135876084617,121.11874466391396,1475.7253282061092,229.19785227217884,810.1677054344815,True,3.2618998210922587,True
1,243,branch_opposite,1098.9183811204891,702.3818062852588,1408.8111912033655,1304.2092662471846,656.6350673877157,True,28.783572567680245,True
1,244,branch_opposite,669.9571854844633,410.09978690875244,1140.2125642819676,785.5090487097317,515.0252097636873,True,6.649223640557394,True
1,245,branch_opposite,271.1176674646331,165.17760226187417,1010.9529038638569,317.47193561076426,745.0737103790444,True,13.904132097522236,True
1,246,branch_opposite,905.3922209281137,555.9579765245142,1303.7341232923854,1062.4614559495203,546.7490709262446,True,11.112385380557008,True
1,247,branch_opposite,237.18240924036942,143.34434552860603,1269.847822552192,277.1337161878548,775.5612926695754,True,5.6376519012509405,True
1,248,branch_opposite,698.9360062832415,438.108487556687,1176.26731143119,824.8942888324389,502.04892124395053,True,6.794710384470293,True
1,249,branch_opposite,1160.8126765390707,739.816142064473,1440.2713332894725,1376.5224277406314,707.7698635608416,True,31.590678640696968,True
1,250,branch_opposite,937.4109549781574,590.9367500231324,1311.204106081353,1108.1270419229752,553.4138677658353,True,16.23403845264475,True
1,251,branch_opposite,969.1256531607196,594.7027203841676,1209.9844433119656,1137.0469899025813,578.6754488544913,True,4.014748149450311,True
1,252,branch_opposite,1248.3849881612496,786.997783458302,1497.3008620192443,1475.7474681782935,786.5207836755151,True,29.75989224869659,True
1,253,branch_opposite,873.5200856740735,567.0983198921153,1244.2504271421003,1041.4594780885623,514.6635777120074,True,18.7267295300068,True
1,254,branch_opposite,840.7841105936792,518.547468748567,1187.5308491081414,987.8306524766025,522.0156961753208,True,15.150809395376381,True
1,255,branch_opposite,1062.0695754664148,653.7016576982271,1289.2444963245382,1247.1237470310718,637.2225378782082,True,6.1053664200430795,True
1,256,branch_opposite,737.6578441926805,458.07895205710986,1118.4928242439385,868.3175809672017,504.0298482726987,True,7.932195878137914,True
1,257,branch_opposite,1137.2350362573616,687.1688496413634,1439.2040622822037,1328.7229039979393,697.6751137133868,True,16.14139262527468,True
1,258,branch_opposite,769.8523321459691,476.97623647108634,1147.800996089445,905.6373134255838,506.67770812075855,True,13.418887745106183,True
1,259,branch_opposite,1273.4536545654541,766.5225786608189,1489.1031081248982,1486.3515983517973,814.1015361342104,True,50.37269738710221,True
1,260,branch_opposite,1131.875634411434,712.4372560167756,1421.047770165143,1337.426370135941,685.7879303806534,True,2.7812725921235804,True
1,261,branch_opposite,389.11120117726693,246.2960862823864,1372.912127693251,460.50981422727165,642.3577997586087,True,6.472959911581239,True
1,262,branch_opposite,559.4660945910658,343.5953120419253,1124.3776499814226,656.5516350251269,547.9294750495974,True,15.993213207390438,True
1,263,branch_opposite,813.7172985187769,506.04289751915775,1168.8641912294738,958.235490909349,512.1872165291261,True,11.019518743180589,True
1,264,branch_opposite,116.08094409350446,75.17693360549296,1000.0876294204696,138.29807275578358,881.8311668527165,True,27.586205674866193,True
1,265,branch_opposite,825.6473940924712,515.8944760640119,1241.0183904992348,973.5711221092427,513.2099824962013,True,12.863921800733143,True
1,266,branch_opposite,910.1252341038949,562.2898683288659,1450.5378320102095,1069.8120572221846,546.7970554122185,True,9.534570012660055,True
1,267,branch_opposite,885.8227845253768,567.0105983631074,1458.222784566117,1051.7523587995329,524.4686049629909,True,1.1324880347149693,True
1,268,branch_opposite,834.9130839370345,539.3243384854339,1397.8931626465953,993.9570412306563,503.3978805409995,True,11.65980211158944,True
1,269,branch_opposite,1116.003345815665,684.9156084630055,1348.7108720420042,1309.4169918662303,677.988226172218,True,20.64979772928694,True
1,270,branch_opposite,262.49296735797816,158.84494456105128,1166.9528493329572,306.8130934706015,753.4881989005609,True,10.964308012578538,True
1,271,branch_opposite,1044.8745703392688,640.3705639506924,1248.1154094504714,1225.4947274126475,626.2793075635849,True,3.253192933529757,True
1,272,branch_opposite,1269.7255601872992,771.8067991410161,1493.6617283518358,1485.8966092542412,809.6646313431476,True,36.223856553770695,True
1,273,branch_opposite,1003.5314629610032,649.7429785465342,1398.2391653288219,1195.5088185886264,584.5915313880769,True,24.258130598596896,True
1,274,branch_opposite,1244.7351360630412,772.0110803636102,1472.7147701135204,1464.707024341068,784.8929611022246,True,41.675178833530154,True
1,275,branch_opposite,399.4907131770329,244.36549455125453,1456.3346958595168,468.3025996532302,643.0879580372144,True,9.260697753588884,True
1,276,branch_opposite,462.889303669005,294.6967297797421,1280.1045836635572,548.7373415342269,589.1345083133148,True,2.5294841135605903,True
1,277,branch_opposite,1020.3833766175269,650.3436959571936,1283.939194178267,1210.012048761767,599.8375320438391,True,11.542385389413912,True
1,278,branch_opposite,899.9786101606974,542.3623230196536,1194.0698262608298,1050.770378426255,550.750409336427,True,20.672670717701333,True
1,279,branch_opposite,428.9751894924036,260.4380888269844,1337.314800139435,501.8443098331352,624.5829899721767,True,9.65816399099531,True
1,280,branch_opposite,977.8364727841567,609.3790059406504,1283.5817679267727,1152.1748740482826,579.1404142834084,True,10.2403745328819,True
1,281,branch_opposite,695.8309743002393,431.04457170023477,1084.3600675987852,818.5231625237365,506.92639767713865,True,8.528163508544477,True
1,282,branch_opposite,1212.3331085431032,773.3876967113493,1467.2344394935128,1438.0125505343372,752.6322629671703,True,29.69099666574005,True
1,283,branch_opposite,960.0256500773978,607.4880529719488,1213.0148414111327,1136.0858168774837,564.4427058876797,True,13.531020855968736,True
1,284,branch_opposite,538.5993005132435,324.3219502889476,1341.368676176674,628.7081468794419,563.9445455831706,True,11.306421684844087,True
1,285,branch_opposite,521.6564424885,327.61261078615144,1212.332915504905,615.9995671555915,558.7947880369468,True,12.351491425344353,True
1,286,branch_opposite,841.6929887263442,530.7577606792446,1132.0435822938903,995.0632581862985,514.2064589368097,True,4.757664526011767,True
1,287,branch_opposite,390.30447433054877,251.33102341799324,1076.6410011233731,464.22501657577857,637.2148193588731,True,3.4677467246961715,True
1,288,branch_opposite,677.9048633926648,437.5914212238696,1059.6542217715912,806.8712758179917,493.19002998995086,True,12.687876580316464,True
1,289,branch_opposite,870.9998825855638,562.2828362103673,1099.8955069038464,1036.7269569953512,515.6681261071019,True,12.533756353690313,True
1,290,branch_opposite,1001.5835769005992,603.2313895946139,1291.7861686193767,1169.2124575581836,602.9935024902062,True,5.3943405646445735,True
1,291,branch_opposite,980.3127803576645,589.629233069153,1282.0066070429689,1143.9736796894813,590.9022849597259,True,21.13606602511121,True
1,292,branch_opposite,332.2136034718683,202.59814565972414,1389.7671073645513,389.11680374474,694.5833802546276,True,8.930458591398937,True
1,293,branch_opposite,1085.430951662239,699.778505829426,1361.8686067208594,1291.4527897090386,644.422080297343,True,18.50109938668303,True
1,294,branch_opposite,1242.018208537933,802.6759316277603,1479.3830858494125,1478.8163785792574,778.4128401337624,True,28.870163387921753,True
1,295,branch_opposite,381.66200709431655,242.26200512905393,1143.8128417718253,452.0583665727379,647.3112749894834,True,6.403785978600224,True
1,296,branch_opposite,1253.7856904199507,759.8236178108534,1468.3575369515097,1466.052689259498,795.6601504813759,True,19.354978752292283,True
1,297,branch_opposite,1048.4519018347373,677.1345297971595,1332.226445120588,1248.1035862076906,616.2945567873661,True,9.51076356298225,True
1,298,branch_opposite,880.5944149663973,544.9459405317502,1267.8066955862096,1035.5735617386363,534.0327506600465,True,8.82091848227979,True
1,299,branch_opposite,695.324722962946,428.64815946145393,1138.2592400199885,816.8327337791928,508.8413924882676,True,14.248026714485261,True
1,300,branch_opposite,1104.3812934224122,669.6940805385952,1311.1065614865001,1291.5681177428446,671.5831389101425,True,17.565538126212346,True
1,301,branch_opposite,1221.453411562141,764.577324969153,1475.9753607545272,1441.0159341498547,762.9821526833716,True,26.21287283950479,True
1,302,branch_opposite,1232.505975571397,763.1897282384169,1490.4619667959926,1449.6653203784072,774.1158500695332,True,27.473552453209894,True
1,303,branch_opposite,973.292378233097,605.9636408786315,1431.7499021803587,1146.5120965753154,576.780376882355,True,19.889269088440393,True
1,304,branch_opposite,1177.0692635171788,731.6110736376789,1430.4873992154664,1385.9101032123806,725.371156673955,True,29.94158372937359,True
1,305,branch_opposite,1268.8801621831394,794.4887255327155,1498.4050985282634,1497.0869049525845,805.9995466594102,True,21.666693888866895,True
1,306,branch_opposite,453.488466645935,289.37680329657474,1416.4658759600936,537.9504844007726,594.6069368323011,True,4.924195323437692,True
1,307,branch_opposite,1155.5896885673287,714.8647556871204,1439.982055561854,1358.8300656251106,708.191374184878,True,13.389724452956871,True
1,308,branch_opposite,775.8505094154553,492.37293917421874,1148.571443709772,918.8988650505999,498.0868511294578,True,13.362965224134665,True
1,309,branch_opposite,555.4599806744897,343.87443275288416,1430.1416719131353,653.2881566598481,546.9983355339692,True,15.089620964716001,True
1,310,branch_opposite,1110.2050484291576,682.5205794877,1494.5241359175361,1303.2227710494526,673.1594775047768,True,21.024066281108595,True
1,311,branch_opposite,1245.448484269013,771.448432435373,1493.453502618274,1465.0169319413944,785.6793106111631,True,12.133708459940026,True
1,312,branch_opposite,1033.3416321991556,652.8126110407692,1401.3861986973075,1222.2762510864234,610.8568719929092,True,21.137361676704877,True
1,313,branch_opposite,811.7627482490526,506.15546927892444,1454.4653961400059,956.6358338081545,510.78613651177267,True,9.240213688644255,True
1,314,branch_opposite,1039.1373167102404,639.1619483145711,1469.8756310560966,1219.973097716928,621.4720197311258,True,20.264008343393456,True
1,315,branch_opposite,710.8110284884186,448.34084778672786,1200.4463966657722,840.3938564833071,498.6643031017315,True,7.0330029034908454,True
1,316,branch_opposite,1154.5456360205949,743.4932846220566,1486.2466223155539,1373.229001271199,700.8896435644549,True,7.111534882850571,True
1,317,branch_opposite,1222.8033656043494,779.6804746668082,1484.8955118114063,1450.2240218359311,762.1054886448693,True,31.217199688358427,True
1,318,branch_opposite,569.8340033195187,347.6927772086581,1158.3157138610015,667.5335636971514,545.7323522235267,True,8.039063703971339,True
1,319,branch_opposite,819.4830057052412,508.6258561652735,1393.1533043729137,964.4960643774311,514.2105968898982,True,16.027840252122537,True
1,320,branch_opposite,194.82456958889878,117.31150299399432,1138.7600610277946,227.41724132134223,813.6712152539243,True,19.671126302630537,True
1,321,branch_opposite,806.1984682693524,503.3369055986745,1033.135339024144,950.4230693630594,509.15907662893994,True,7.2823776090215135,True
1,322,branch_opposite,898.8732894743566,576.5674637829386,1131.0184353475468,1067.8966386423083,529.3235082374391,True,1.9452749546107937,True
1,323,branch_opposite,428.0450737168421,260.60278895513227,1023.9364146782129,501.1351102691269,624.4771988995506,True,15.953492738995276,True
1,324,branch_opposite,1253.787530456911,756.6202493858952,1466.7663788295065,1464.3965901728993,796.1674318838237,True,11.768209188427003,True
1,325,branch_opposite,1005.0539604793137,616.2311051871932,1239.7762482514895,1178.9292762822472,600.1598612850183,True,20.72984715848832,True
1,326,branch_opposite,959.4828056820477,606.8847833462264,1177.078930425012,1135.3045382877187,564.265244245736,True,4.327023257339491,True
1,327,branch_opposite,661.6495174813673,412.02626011126284,1227.072793456637,779.4521941752427,510.0395634345795,True,8.05164852781934,True
1,328,branch_opposite,1015.9873007922668,614.7344620682688,1235.0843136297183,1187.488380669689,610.6239017387928,True,4.978026496577936,True
1,329,branch_opposite,1188.085095431872,718.2429790025501,1473.9054934333403,1388.3152274875538,739.0250225681347,True,19.717747139247717,True
1,330,branch_opposite,196.97206300248172,118.49305931663736,1321.3440476627802,229.86648017853705,811.8392148909477,True,15.520415968467935,True
1,331,branch_opposite,1137.8976586959245,710.3917329116316,1382.1386414176993,1341.4423192425597,692.130221747622,True,11.678280976413872,True
1,332,branch_opposite,667.1336345319318,421.4226722294511,1465.4324259849818,789.090840773606,503.5059667215058,True,14.216238521687306,True
1,333,branch_opposite,943.6720166995952,568.3856347682361,1138.49616244994,1101.6256646033496,570.8799145236939,True,20.075421110064898,True
1,334,branch_opposite,392.74798655909024,238.26287539490122,1122.3239204462366,459.36932716243206,649.9009136402893,True,12.035343536315379,True
1,335,branch_opposite,988.7500174474294,636.9466287685743,1295.5805898554102,1176.1494823796609,576.4403529621127,True,4.737834595185886,True
1,336,branch_opposite,183.6997179144165,116.66652793242073,1449.092798012969,217.61586592351787,818.0760353613385,True,9.390384539224275,True
1,337,branch_opposite,719.5825390893147,438.36076515338857,1280.2068834568768,842.5907612762493,511.6610462801467,True,13.208641234505265,True
1,338,branch_opposite,234.1447707599427,149.13047244611937,1344.8360222958104,277.6034428573048,770.9542819609321,True,5.505807820243851,True
1,339,branch_opposite,684.807271460194,430.2230085276472,1333.2281027711601,808.735331311385,502.806153147362,True,8.283177586331302,True
1,340,branch_opposite,299.17191097242676,180.854015566341,1441.153012029133,349.58833971024256,722.9096536826257,True,7.2631734587041,True
1,341,branch_opposite,1072.7788211112102,682.6768629791075,1335.2795712086236,1271.5746530470606,637.4945535863213,True,9.463129343823892,True
1,342,branch_opposite,648.0468236359067,394.04023691047814,1391.2998395216975,758.4407649441409,521.8691477800145,True,3.212441821201031,True
1,343,branch_opposite,583.8474870335225,355.75561828759317,1022.6220274657804,683.695800819741,540.6462431453916,True,11.14953695756159,True
1,344,branch_opposite,1125.1152636847237,699.253807237046,1364.029714621375,1324.703832376071,682.6895241283798,True,31.31676703308167,True
1,345,branch_opposite,1186.0031992426157,752.0269821895162,1443.6933619719468,1404.331930333705,730.1490861363311,True,10.907304296819385,True
1,346,branch_opposite,1270.6595402489836,790.3879807713927,1497.6232688333282,1496.425349749742,808.2317180616006,True,23.495651989868527,True
1,347,branch_opposite,937.3605884209983,586.6063053368244,1137.3007624204174,1105.7810950571907,555.6751836503014,True,10.58927314000429,True
1,348,branch_opposite,1216.2513882009853,731.2763995450615,1494.521615714057,1419.166167801506,763.7920833421787,True,18.550556192121434,True
1,349,branch_opposite,797.2842291741065,514.1965640436049,1360.2585241761299,948.7150513004409,495.12060570600016,True,7.443306114700438,True
1,350,branch_opposite,774.7083707581876,479.9781670990847,1211.4482458176028,911.3463121199329,507.1936836685409,True,16.006106197097886,True
1,351,branch_opposite,444.09900278570535,284.43363805911235,1149.5942325359179,527.3769228311,599.8469624812277,True,8.742992522630708,True
1,352,branch_opposite,1189.724397947131,750.6223356319946,1414.9281220683927,1406.7259981319369,734.0630377052727,True,36.5363794395567,True
1,353,branch_opposite,786.7990097043967,486.2820634132421,1414.1211253696401,924.9448236890996,509.6668171798765,True,5.791139379225577,True
1,354,branch_opposite,711.1395808518112,433.97258230050966,1131.515411886491,833.0976567261861,511.4158583709981,True,13.001965261441924,True
1,355,branch_opposite,1136.4905201435442,712.364020160491,1491.4298779124317,1341.2953439102664,690.2755521355652,True,21.660136894086943,True
1,356,branch_opposite,990.9162341047081,609.1677928438621,1256.6430212560613,1163.1854464574938,590.7891314318827,True,20.961287632922573,True
1,357,branch_opposite,1120.8845213323032,716.6093930277375,1497.6011054498042,1330.380070633174,674.1041807831068,True,21.068625961351298,True
1,358,branch_opposite,1124.066916983189,702.6911044416368,1470.2348707367883,1325.6323857380291,680.7577065712499,True,17.151432334249407,True
1,359,branch_opposite,972.7378759399819,591.948717691524,1394.4472575476013,1138.693224562642,583.1807501026564,True,9.324461740301125,True
1,360,branch_opposite,1045.9950886121946,677.1981254042807,1495.900522278143,1246.0750484829975,613.9591592399712,True,8.037776234850755,True
1,361,branch_opposite,709.5873588854954,430.6426005030839,1240.207188216462,830.0405226602804,513.6149221309438,True,7.72753614151258,True
1,362,branch_opposite,918.8311774848103,580.8123316986872,1231.6740141388582,1087.011360277062,543.3195371221157,True,14.705678078832063,True
1,363,branch_opposite,405.3251113303668,261.187655872078,1047.1029408363515,482.1902502694608,625.7538184555566,True,3.2261992632019076,True
1,364,branch_opposite,717.6295375733716,453.49188391385644,1431.858223656738,848.9093249420163,497.560249887853,True,9.239571165701612,True
1,365,branch_opposite,1238.7913674325948,796.307286192198,1476.0497014468904,1472.6538446180423,775.8960554702883,True,16.537418004789703,True
1,366,branch_opposite,865.3956783207423,524.5548729917919,1049.809003713023,1011.9622002998198,535.8272674500977,True,7.182703141759939,True
1,367,branch_opposite,1152.7529341348004,728.8406463434765,1442.9742410207741,1363.8357727082714,702.2208623960622,True,19.30441253085662,True
1,368,branch_opposite,1064.2022935338705,660.7083159543945,1269.8429868324463,1252.6220500749785,636.7230511369445,True,26.106667755981427,True
1,369,branch_opposite,979.4859261285583,619.1314353112384,1209.9302308467843,1158.7564082560552,576.0478435151168,True,20.498454911526306,True
1,370,branch_opposite,1096.2580795829333,671.784606623258,1350.4338071262466,1285.7201619119248,663.2176123447856,True,13.28410908824044,True
1,371,branch_opposite,766.678930764211,485.7746000838034,1134.7427151509003,907.6197138473432,497.7288947014963,True,9.32146719479969,True
1,372,branch_opposite,527.5346087745323,322.99423417819037,1051.0702987535028,618.5612651688227,563.9836709896812,True,4.956172687675908,True
1,373,branch_opposite,1237.5352802395662,752.6076191986416,1473.903655302987,1448.416997384893,780.7924754269557,True,43.28647109206952,True
1,374,branch_opposite,1170.1712780401235,741.9699198369275,1426.8806345683922,1385.5757582654485,716.5057923424138,True,22.029668205645965,True
1,375,branch_opposite,1243.2435569511476,781.0559653985244,1481.7558823309585,1468.2312362108235,782.1770808980276,True,21.599706671730445,True
1,376,branch_opposite,846.5872295314034,527.5579933748436,1325.4081678837044,997.5105882041296,519.9627377372227,True,8.549070392463793,True
1,377,branch_opposite,902.8185029583652,576.9789700683693,1176.946164979035,1071.4410768610378,532.3037110410461,True,14.77429032014836,True
1,378,branch_opposite,994.6107091170168,641.2878526438128,1453.5605176680633,1183.4274682627438,579.9129391829574,True,16.672246568271607,True
1,379,branch_opposite,361.8917491738555,232.05770655008126,1049.4883698199308,429.90279981572155,660.308799379726,True,15.855041873806197,True
1,380,branch_opposite,1010.148309064403,620.6209850221757,1306.0481666757628,1185.5673803523646,602.7945399789686,True,16.99623944231079,True
1,381,branch_opposite,1205.4294194322586,782.0225641389895,1480.4878831601409,1436.878344208483,744.574475243461,True,45.74764461076646,True
1,382,branch_opposite,374.85444867550734,241.21458306754715,1310.6817204535196,445.7581550305829,649.2893543295293,True,6.153563969020476,True
1,383,branch_opposite,1156.1814746758978,747.474956406123,1464.196643752076,1376.762293512598,701.7079811614612,True,26.590589505611902,True
1,384,branch_opposite,281.4169053456792,169.6933887616092,1473.2278962278933,328.6203292611971,738.0505588420598,True,13.273302148389154,True
1,385,branch_opposite,1244.1773887655472,777.4696506828226,1480.4434107943528,1467.1184111885195,783.58147131899,True,10.806883497203307,True
1,386,branch_opposite,1097.1384457552954,669.492321912529,1379.0319015415225,1285.2753550325995,664.7872927808543,True,38.604441239051894,True
1,387,branch_opposite,892.5226347124506,559.7510394561307,1479.2723966116318,1053.5264019692497,534.1959695256206,True,17.061528999705082,True
1,388,branch_opposite,561.7868874666706,350.97334747820435,1117.0153313802239,662.4098410874841,541.0548447696266,True,9.222510544490964,True
1,389,branch_opposite,1180.9908353672793,713.3702465887395,1391.3610032545625,1379.7233280406558,733.2301480960922,True,32.54614348944358,True
1,390,branch_opposite,1148.9723323046321,725.0522830117991,1457.6929233470385,1358.616293698176,699.3841728623452,True,12.186181585444334,True
1,391,branch_opposite,1258.3458840652943,802.7349242492282,1498.8164461627873,1492.587592924945,794.6473826703084,True,4.182906610254163,True
1,392,branch_opposite,1131.674370964758,691.2600464712815,1370.5595140359708,1326.0947680109289,691.1907983465467,True,14.555253556930186,True
1,393,branch_opposite,602.2681449883928,380.6874460777745,1029.2277116151238,712.4955088061806,520.7707845996979,True,2.738793524878189,True
1,394,branch_opposite,1172.9120372759592,711.8741330278415,1458.577924005483,1372.0376920700764,725.7280708824454,True,13.699131194631585,True
1,395,branch_opposite,172.46229975862298,104.185421422485,1440.869490990296,201.48907383531724,833.7062974461606,True,16.549349389760884,True
1,396,branch_opposite,727.4610836754921,456.2481567566978,1434.2064570985472,858.6978565282468,500.20979537050977,True,4.313181335967252,True
1,397,branch_opposite,1123.8523764203874,705.3406358685941,1347.8407328234916,1326.857029447131,679.8505617299211,True,36.81242278700434,True
1,398,branch_opposite,720.4086527722195,449.7382737422553,1183.9524148485375,849.2662373235781,502.2020208489034,True,15.118475715167353,True
1,399,branch_opposite,620.4474688973133,382.3027812291323,1265.775780801335,728.7732694031885,524.2111378703523,True,10.706678228168306,True
1,400,branch_opposite,855.1155097643315,549.6274407204412,1053.1409514179184,1016.5199745368581,511.5236933245326,True,2.2439007261714576,True
1,401,branch_opposite,469.48363465340685,294.0911870470071,1150.4762001011263,553.9896294210672,589.7214811122385,True,8.823273535975273,True
1,402,branch_opposite,998.6577619526054,632.478773870761,1296.7512645714053,1182.0942115183745,587.3069819359297,True,18.408607011912874,True
1,403,branch_opposite,940.6318238592017,575.9195403192819,1198.8073593810832,1102.9376886199243,564.2020103398191,True,4.476359480971578,True
1,404,branch_opposite,556.4149943962309,356.90451778408817,1241.1236888283795,661.043478754348,534.2980421359638,True,1.6225529784183272,True
1,405,branch_opposite,677.2598522026541,413.86355858389044,1267.0842519408782,793.7026852224213,514.4944086251819,True,4.291892219402107,True
1,406,branch_opposite,547.4042100477898,328.99334265503694,1312.6580072584197,638.6610906336625,560.4922698394537,True,6.253983828900338,True
1,407,branch_opposite,1196.491931759034,737.3422280983726,1483.8738223324585,1405.4417469612667,743.2219657857395,True,12.884932406118045,True
1,408,branch_opposite,1161.3684323859657,711.794211906513,1404.5453600501585,1362.1408281988502,714.5375792972424,True,7.873759363130159,True
1,409,branch_opposite,1144.3867143862458,701.6412664258834,1430.3134243626746,1342.3566660226575,700.6382271290502,True,29.78932927419601,True
1,410,branch_opposite,1069.4963422476112,690.6898698925452,1307.0292157717686,1273.1358617418648,631.8857150179193,True,25.742598887397282,True
1,411,branch_opposite,289.96210801100676,180.52313140351134,1291.7817791544542,341.5649646171518,725.4346202714169,True,8.824886900514421,True
1,412,branch_opposite,972.358017059141,615.3850090809607,1195.0551247965743,1150.7296914309454,571.4764255412235,True,20.72312477716562,True
1,413,branch_opposite,480.91056256906427,299.7732779875358,1349.6513051861675,566.6912628459047,584.1832357382029,True,11.47147491135838,True
1,414,branch_opposite,882.0382538612191,536.4076534094519,1128.5312306858918,1032.3394073224092,540.5964264792467,True,22.061799956481664,True
1,415,branch_opposite,528.8556779323832,327.35128676911023,1220.9384903527834,621.970411700358,559.7937180703594,True,11.83564545182908,True
1,416,branch_opposite,1031.0266660829002,658.7445768102523,1474.0542050483054,1223.5033320963776,606.4881809395755,True,11.505703171024917,True
1,417,branch_opposite,812.9264881979748,511.36310892768944,1097.507286012184,960.3862266745,507.73815159520905,True,3.395584802739436,True
1,418,branch_opposite,788.4188873272794,500.853973003552,1062.9533239093948,934.0551612018576,499.42273418803524,True,7.232190804604365,True
1,419,branch_opposite,1025.7986533343417,617.2650712444243,1419.0806810864901,1197.19632699108,618.3513511782455,True,4.1823940424557575,True
1,420,branch_opposite,158.14661643843246,100.81311949129378,1295.3455052691422,187.5463605418419,842.0201785775229,True,22.884547652176085,True
1,421,branch_opposite,1195.042754628516,745.1749721235063,1488.7198965677183,1408.3369357044428,740.2945163702955,True,37.119644126684804,True
1,422,branch_opposite,965.2393841590954,597.8052831383219,1190.656352468344,1135.3670002602325,573.7593866945585,True,8.932823250270673,True
1,423,branch_opposite,857.4613144596779,542.9714642690419,1481.3290761469614,1014.9176896701457,517.6599676344049,True,4.094436065453596,True
1,424,branch_opposite,1037.5674933640967,633.0081433813159,1395.2042606773327,1215.419932728156,622.4830819921953,True,6.262698382780343,True
1,425,branch_opposite,1245.949527894044,771.5028996909806,1498.017748641932,1465.4715794893405,786.1674244789658,True,42.22422079405963,True
1,426,branch_opposite,704.6055345512801,431.26580448362245,1093.9389222645812,826.1108602585982,510.736752095769,True,14.043319637092665,True
1,427,branch_opposite,943.6081492408259,582.9534392286309,1445.9157236994204,1109.1578118654647,562.9078341455477,True,13.853343873192552,True
1,428,branch_opposite,1167.915673449207,729.8002328759123,1455.4769693584935,1377.1838657906396,716.8107896951009,True,38.916425719680035,True
1,429,branch_opposite,1071.2813576950816,647.8973666586505,1393.3361912858154,1251.9643545517706,647.9120893718745,True,3.2257950557655777,True
1,430,branch_opposite,961.0791013270508,590.2619916811436,1463.3654665095592,1127.8662411079615,573.9775974458686,True,2.404786194568277,True
1,431,branch_opposite,1039.476275243462,655.5109728649264,1470.7246575357535,1228.9042120280749,615.5344333218649,True,9.074805850154416,True
1,432,branch_opposite,1017.4505178636471,634.5378375790789,1479.9658497507526,1199.1012566170286,603.4921227819608,True,11.567194302359288,True
1,433,branch_opposite,983.7188599571696,635.8830069400565,1472.5601050262642,1171.3453777390175,572.357891554937,True,19.57572268947641,True
1,434,branch_opposite,990.141803178943,625.4127111886855,1309.9601761137583,1171.1199126130641,582.7203763876354,True,19.77039974925958,True
1,435,branch_opposite,1090.8750664851614,688.5649029839187,1409.4928362321143,1290.0116419243118,652.9065297733708,True,6.147283805864429,True
1,436,branch_opposite,623.7795152825369,394.69814630771066,1446.3854441077665,738.1649614990267,513.3675876726667,True,5.349292179039432,True
1,437,branch_opposite,88.86174504062097,55.15042128220709,1079.9045853826517,104.5847919119661,911.2112020438394,True,7.3447956894974515,True
1,438,branch_opposite,1011.6099277674847,617.5436343624706,1196.4037039993527,1185.2066428683836,605.4568494826475,True,16.407434375441554,True
1,439,branch_opposite,1181.0050547043068,716.4229271825877,1401.7236087762396,1381.3163105639453,732.5404093987847,True,17.760924054104176,True
1,440,branch_opposite,613.8498834414467,374.9001226366038,1240.995812406742,719.2786534814015,529.44028145277,True,3.587166795339927,True
1,441,branch_opposite,1231.898839276346,778.0324253252803,1467.2999334561641,1457.0206604808136,771.3409395973856,True,14.634836747236788,True
1,442,branch_opposite,1085.6433712443966,686.8762180959384,1403.0130777587578,1284.6869145876274,648.4269974450639,True,6.6511249788917155,True
1,443,branch_opposite,918.3128228288217,567.6870294853652,1200.7910295245465,1079.6142848340592,550.3226350079428,True,6.254649664525957,True
1,444,branch_opposite,758.4164425451786,478.202363705135,1120.6968897399404,896.5896502726665,498.9483770847281,True,10.56933387877762,True
1,445,branch_opposite,1119.5721872268996,706.0485943447985,1368.792784976933,1323.6111589089485,675.5347807801217,True,11.519426088575331,True
1,446,branch_opposite,1144.067675788036,710.2150975064112,1378.67139142338,1346.5869194036752,698.1490366539764,True,13.911548318038639,True
1,447,branch_opposite,788.4182852665987,508.7645489949421,1495.9285107360106,938.320179286767,493.38265769580084,True,3.753929605448356,True
1,448,branch_opposite,445.79041647221504,282.2593801979322,1184.8950329976647,527.6357201026024,601.9551780775719,True,7.254853069361306,True
1,449,branch_opposite,748.6407343390806,458.03720477188114,1158.7597835930426,877.6451618205367,510.0283361757454,True,13.168818047706079,True
1,450,branch_opposite,1041.3002595250523,627.7265197483819,1229.598743905464,1215.8728609860314,628.0362906315145,True,4.6934314496184735,True
1,451,branch_opposite,448.6788679332243,287.77187892287907,1219.5217029486594,533.0341272645157,596.3465939573505,True,8.624909418774783,True
1,452,branch_opposite,802.6675149917357,496.3696315515037,1373.6457503231868,943.7467619809796,512.0705842320307,True,9.27253608934161,True
1,453,branch_opposite,1027.7889893382294,662.7363021758001,1279.746490719879,1222.9348358872408,602.0055892858721,True,13.717613469683485,True
1,454,branch_opposite,867.5619535185804,522.4541498265608,1474.8862897716665,1012.7300142999464,538.8429885595328,True,8.264576545939207,True
1,455,branch_opposite,988.3375927779852,608.2711153208498,1406.256069510876,1160.5192575015087,588.9262755961454,True,19.84867978727668,True
1,456,branch_opposite,986.0699167475593,612.6361578824201,1431.949365253622,1160.8862746451402,584.8865332159288,True,10.240367288252768,True
1,457,branch_opposite,1068.6291114828532,689.1471321452589,1403.4237099982486,1271.5706616828918,631.5338605027855,True,26.236650931077037,True
1,458,branch_opposite,543.1251934381341,333.68511486624004,1414.6368225193046,637.4407671544914,555.2520947458294,True,5.130632230025047,True
1,459,branch_opposite,902.8827160775343,546.4070013509069,1136.4776710539077,1055.347246226016,550.543943243939,True,5.792302938662366,True
1,460,branch_opposite,577.1333148979245,370.6116524046063,1247.4877207961702,685.8832699979929,524.7064177356406,True,8.076922082452104,True
1,461,branch_opposite,1170.6139623056704,717.2939622551075,1376.8008900351297,1372.8975479010126,722.2268103768062,True,15.352780895379263,True
1,462,branch_opposite,442.5092103827261,271.831231785742,1277.9630905811919,519.3328603580728,612.5033946569416,True,11.387807756898304,True
1,463,branch_opposite,733.9407670544906,462.70088462976184,1171.1431910511296,867.6180946601438,498.1365620992775,True,8.419940649401752,True
1,464,branch_opposite,915.0459559134241,551.9074756418694,1310.6239396369701,1068.602340958924,556.9093332466726,True,8.790613193739292,True
1,465,branch_opposite,370.3940981343828,237.23453064285815,1439.8466893738912,439.85453329722543,653.8784860114436,True,16.564110034167587,True
1,466,branch_opposite,660.5070713828779,414.0390996606347,1205.3244632057338,779.5498492043823,507.74367512238445,True,12.933595453842948,True
1,467,branch_opposite,796.0373129938823,499.82352701869604,1274.98979298891,939.9462547613716,505.1296210981359,True,12.042756801242579,True
1,468,branch_opposite,1005.4382912600008,645.5432895642482,1490.5238512420187,1194.8356775026687,588.0284651604326,True,9.87765602803536,True
1,469,branch_opposite,1048.8866607711593,676.09943988178,1398.0128663613796,1247.9077208480319,617.0518172758544,True,12.037799358717331,True
1,470,branch_opposite,739.1052646986759,463.8514830390763,1414.3702931116015,872.6023095447607,499.9474709975751,True,9.368981815491038,True
1,471,branch_opposite,582.14213212415,350.92213283499683,1346.1188429277586,679.7321570350445,545.0079552241849,True,10.685049472584817,True
1,472,branch_opposite,1216.4951205346044,787.2335344407625,1459.6826757870458,1448.9986252693952,754.8534281926903,True,4.165958394395358,True
1,473,branch_opposite,745.0318249476563,480.8065462589443,1456.0735809472772,886.7059011364984,489.12625140316067,True,6.573738053891274,True
1,474,branch_opposite,944.1063286481035,612.5123886928557,1259.0622508078,1125.3924586985772,548.1124054615996,True,2.4576173168315845,True
1,475,branch_opposite,636.659308181353,402.80611503668536,1430.2619047361663,753.3842585327268,509.76788486947976,True,13.440220621689239,True
1,476,branch_opposite,922.2410861735342,597.0048014633386,1276.2288542122556,1098.609736893325,537.3388229760042,True,8.781206003655313,True
1,477,branch_opposite,393.07628295855426,245.14094238460487,1115.4076944698973,463.2526803567634,643.0311552879336,True,15.432568868836922,True
1,478,branch_opposite,982.1601628986205,605.7810325911848,1374.8637240400324,1153.9537447542198,584.6538640036135,True,7.097492742368866,True
1,479,branch_opposite,980.5918568231288,608.2019611425495,1228.2843855609653,1153.8934158775128,582.1246227228056,True,25.828833733923943,True
1,480,branch_opposite,232.41664532050237,148.39074154041361,1358.5464771742072,275.74863407993524,772.1843671762242,True,20.705937932709787,True
1,481,branch_opposite,1005.5110716804954,626.5218377906426,1196.7948271014166,1184.7287151498535,596.0553008437801,True,14.450998937516454,True
1,482,branch_opposite,809.2978067158517,504.06945627511607,1305.5263704549996,953.440588974782,510.6789772602102,True,12.944587349404161,True
1,483,branch_opposite,807.3725246534245,498.44155492420487,1357.9759752493298,948.838435794263,513.6028640302397,True,4.416751952861879,True
1,484,branch_opposite,907.9210794229928,549.137004326433,1154.073146657278,1061.0712209749265,552.8770210928928,True,6.232969367389022,True
1,485,branch_opposite,655.7205699596724,411.74163250287745,1030.991351728049,774.274265234466,508.08074631374257,True,10.04120814100625,True
1,486,branch_opposite,390.82719981079333,236.55093938029742,1310.8712545915853,456.8394105521621,651.8255759726846,True,5.589425542868926,True
1,487,branch_opposite,439.47323179018406,264.3332459150863,1465.4885726152318,512.8438225777068,620.1265250339499,True,7.155222474965141,True
1,488,branch_opposite,520.9612558292783,323.0523671324655,1467.0980780971377,612.9954828423355,563.2680280495506,True,6.542302034469623,True
1,489,branch_opposite,1257.3945062025773,800.379654546332,1492.6614634396929,1490.5195522501974,793.945020014029,True,36.46062062048528,True
1,490,branch_opposite,1233.6541221428724,747.6510916873541,1498.3681961078223,1442.527174087682,777.8191070317183,True,10.713334736032023,True
1,491,branch_opposite,581.8366568892862,366.0223358087946,1090.262996604673,687.3908972419019,530.1872397718823,True,3.9382823086066447,True
1,492,branch_opposite,885.4476355279836,533.9584773348681,1272.5368683701636,1033.987026407908,544.7826204990931,True,7.764066237838332,True
1,493,branch_opposite,899.0973152608178,560.3130102789347,1130.894339613142,1059.399193787239,539.1000727097033,True,15.498895128646396,True
1,494,branch_opposite,1120.3509906207673,722.4839040383034,1464.0098024391405,1333.1051473081045,672.1532264757768,True,25.683457239574945,True
1,495,branch_opposite,106.37556523252115,67.09161196593868,1462.4741998168988,125.76583508539372,893.1348771707744,True,5.615134014387828,True
1,496,branch_opposite,221.4507172405308,143.5771744064254,1162.5465693223819,263.9220058594558,780.1637579555221,True,4.605612447345582,True
1,497,branch_opposite,710.014360734482,442.9779618236199,1478.5469972398162,836.8690860048563,502.9702808791757,True,12.79810610195018,True
1,498,branch_opposite,578.8711238254323,375.7025949152826,1331.7562499719054,690.1044977574019,520.0964097444335,True,3.1781630608209985,True
1,499,branch_opposite,983.3150997205171,624.7331390513677,1414.5033873712557,1164.9893048295962,576.9143569852969,True,20.830572706759114,True
1,500,branch_opposite,990.2038718377864,622.7162128979098,1428.4197892539341,1169.7346663275644,583.9766145276783,True,7.370424378868783,True
1,501,branch_opposite,908.7805968396578,555.2710375963228,1479.6000994717824,1064.9920649401768,549.8746001147806,True,4.254283974195206,True
1,502,branch_opposite,468.7779242068592,282.31810701668087,1332.6170840164477,547.2259640890351,601.4930083482055,True,7.652905427381806,True
1,503,branch_opposite,172.60879749983766,111.36657229393887,1336.76610553751,205.4174052967301,826.9425771110505,True,4.6436895413215264,True
1,504,branch_opposite,609.5994582152128,379.54387408905535,1130.6151835545056,718.0982187798614,523.8119635126188,True,13.10139121966339,True
1,505,branch_opposite,1065.7873881267249,641.4212847997086,1478.7400985812012,1243.9147966336338,645.2032733535884,True,31.631866629527174,True
1,506,branch_opposite,856.5455504933294,516.5380549979104,1383.8627765758906,1000.2408921509583,534.768064603279,True,16.707437825765364,True
1,507,branch_opposite,729.9510000968177,473.5944537146816,1471.3782742328392,870.1265247834087,486.80235564741804,True,6.593732337652685,True
1,508,branch_opposite,1239.3685764791971,757.3258534042449,1482.626649799688,1452.438266019778,781.8225893359007,True,7.143957790815831,True
1,509,branch_opposite,535.8148049142364,328.86233238155495,1115.7547254923525,628.6874730935217,559.0949899277384,True,4.63588154336212,True
1,510,branch_opposite,994.2149134470176,615.775838611685,1381.0430756318046,1169.4627730451211,590.6839514069776,True,6.150071673808064,True
1,511,branch_opposite,945.2480014342216,569.8946581537148,1323.3671359777968,1103.7543683299875,571.3636866429189,True,9.185293231359518,True
1,512,branch_opposite,536.2435303118951,337.8668737939703,1089.7986876548762,633.8068698023674,550.2114578023472,True,9.766112547101754,True
1,513,branch_opposite,834.2001414358219,512.5787723311454,1153.9852383979146,979.0949258453184,521.5638142270776,True,6.990027315260869,True
1,514,branch_opposite,783.7848130760119,496.5658098505238,1486.3057639875033,927.8449421757417,499.7761155472146,True,5.795173769925619,True
1,515,branch_opposite,1177.127731570896,740.8397955711101,1498.4425440204495,1390.8534427232394,723.5483475034273,True,7.260864721298052,True
1,516,branch_opposite,86.57172186762011,55.342757611329475,1268.162404587085,102.7496172603623,911.9913021373715,True,6.263497220923701,True
1,517,branch_opposite,1156.2315668847377,748.2039605280721,1423.6608942461799,1377.2002769425471,701.6158544067989,True,26.294387429679382,True
1,518,branch_opposite,1117.2986372399967,685.9351229237298,1447.0482605523396,1311.054246642276,678.9287937720318,True,10.342196581475639,True
1,519,branch_opposite,1249.326870488047,766.9266159385514,1467.1780334257357,1465.9447682496143,790.1742335619462,True,51.638376300042545,True
1,520,branch_opposite,1112.2255146109924,703.4891790413712,1487.5351045732857,1316.0329100672177,669.13499990082,True,33.33305631443898,True
1,521,branch_opposite,171.63964212139933,110.69684254650251,1219.9684074588704,204.23995127625548,827.9144465859807,True,1.0818703752067151,True
1,522,branch_opposite,678.1894469913394,419.8898972192401,1039.7081907337154,797.6518362024893,509.3789368537645,True,12.70575548083623,True
1,523,branch_opposite,1250.9029792776641,794.1370740264863,1489.1170452124538,1481.6922608656243,788.1755454201756,True,24.514721429088766,True
1,524,branch_opposite,1261.581440888456,794.3829963576587,1497.7444237751963,1490.8494480987558,798.7580225522784,True,20.70657576237864,True
1,525,branch_opposite,1208.2557378436586,748.5564810030967,1422.9730683802343,1421.3439883729284,752.662800448116,True,6.6361374398149655,True
1,526,branch_opposite,1197.9834154666828,765.0158268987411,1490.9191677678962,1421.4124943656516,739.7390552513965,True,22.390751311604397,True
1,527,branch_opposite,1235.80430937149,775.1879750207485,1473.8831784844049,1458.8107100230359,775.6029434041333,True,53.400398442108404,True
1,528,branch_opposite,1080.5557143433173,659.9904734577804,1378.5354923367943,1266.1706349679027,652.3108559229374,True,16.27544099453442,True
1,529,branch_opposite,924.6834959237674,587.0261120742291,1225.2309802989732,1095.2804316204983,544.7770917285907,True,8.540371066018684,True
1,530,branch_opposite,490.149652318831,295.3839381067342,1296.9256809350882,572.2747177359087,588.8490279690162,True,11.891059708291827,True
1,531,branch_opposite,1161.3038824453804,738.9943420602596,1419.8576359633262,1376.4953123711646,708.4183401964693,True,19.08398977562495,True
1,532,branch_opposite,54.516199126848065,34.29929306290213,1162.6350839493696,64.40852018058632,944.7274861431549,True,0.5815611337129283,True
1,533,branch_opposite,1115.9390119203317,676.2762566456053,1408.4385202267842,1304.8637682257558,680.5115166714685,True,10.343427520776173,True
1,534,branch_opposite,868.4124783126011,522.1014067611419,1208.8163401617635,1013.2769174470508,539.7105556390982,True,10.57684759162946,True
1,535,branch_opposite,689.0583330710986,434.53796555790586,1437.714143963195,814.6315915098829,500.7803266982915,True,11.752137739967118,True
1,536,branch_opposite,542.1179097257086,340.13449019315703,1169.9567577507255,639.9869525735118,548.7257170077273,True,9.406300457093957,True
1,537,branch_opposite,1020.6860412628944,661.6815449708823,1250.9959373108736,1216.3973289118867,595.7970715549197,True,19.21499196964396,True
1,538,branch_opposite,866.350232587544,528.8066152177089,1346.9360324434847,1014.9872717440853,533.6983157140057,True,6.576193940773582,True
1,539,branch_opposite,529.4656559926068,333.22620229584936,1382.8119039967053,625.598579579746,554.0216810264459,True,5.452727912695328,True
1,540,branch_opposite,560.1247738404643,357.7637634462926,1467.8591140321726,664.631230612199,534.0791736790446,True,5.598007949056214,True
1,541,branch_opposite,438.7546922707694,278.15845878216794,1189.289121416307,519.4976498326903,606.3501677106959,True,13.014577302605174,True
1,542,branch_opposite,312.6864118740739,200.7641981796657,1225.0205366961238,371.5899022328339,700.4472660290418,True,16.100011868157207,True
1,543,branch_opposite,823.859951679081,526.7866320979363,1366.1952418383544,977.8800415888157,504.19482703172577,True,1.9619995545234419,True
1,544,branch_opposite,492.55588227817304,309.31095276401777,1216.1879684947369,581.6223539949387,575.0306258743938,True,6.190317147888201,True
1,545,branch_opposite,994.0605847194508,619.6270101525347,1499.1236149483934,1171.3641952029036,588.8084780152037,True,17.97428433655524,True
1,546,branch_opposite,771.3754388568927,483.97065678195145,1239.4208226579588,910.6303664482189,501.99838794283346,True,9.596391785095024,True
1,547,branch_opposite,1262.9548020570442,790.2625947901104,1491.5970818643752,1489.8220701692353,800.5937602022875,True,31.47308873137656,True
1,548,branch_opposite,774.3509654108653,481.8356320739215,1394.920813263595,912.0224744866842,505.49921187779154,True,6.66291005612492,True
1,549,branch_opposite,327.06879674884135,200.32067143983738,1053.8691569578875,383.5392668460978,697.8368090482431,True,13.467141843761944,True
1,550,branch_opposite,837.3586472658176,537.9795448241722,1174.0753191464155,995.2846300431165,506.1018829330594,True,1.0005376539687811,True
1,551,branch_opposite,725.9748551976604,455.05880107401987,1085.0756881204704,856.8068643598675,500.4586028083746,True,10.999069915727539,True
1,552,branch_opposite,516.8868763189374,319.9731415694228,1387.8979910860903,607.9102353444581,565.9660105433164,True,13.961183988651408,True
1,553,branch_opposite,731.5711000835664,471.15120261643074,1415.097076172824,870.1607496344503,489.7335232039133,True,4.221560754245121,True
1,554,branch_opposite,440.2501031252094,273.2907168937269,1379.1198997211327,518.1775460612364,611.1430003762459,True,1.3024247516673093,True
1,555,branch_opposite,1258.3565766789789,810.750485833403,1498.2427257424604,1496.9227182290801,793.8802720487084,True,50.672006229085866,True
1,556,branch_opposite,1136.827856709313,695.8464438116522,1461.4174661701256,1332.884034398947,694.8871534805202,True,12.360447622496459,True
1,557,branch_opposite,960.3105928923155,583.664632498751,1463.8636291218118,1123.770812065829,576.7231379665865,True,4.425863887028447,True
1,558,branch_opposite,420.3240459941402,253.96793110830518,1162.5727297637527,491.0926732016239,631.6326400712138,True,10.673812511223058,True
1,559,branch_opposite,396.13438949120814,238.7404426011495,1171.4370312225417,462.5142738024038,649.043672968515,True,5.6380191745111405,True
1,560,branch_opposite,1138.8649584028321,688.4204505343513,1474.4557703807452,1330.7652348148429,698.8881601620521,True,14.838700291672081,True
1,561,branch_opposite,197.49904937958027,122.02453303746185,1426.3082093060443,232.1548215498625,808.3345661197721,True,11.347175988107221,True
1,562,branch_opposite,1047.2800508426844,633.5751930226605,1315.8763122138018,1224.0151265841273,631.1595106188705,True,9.418433476009103,True
1,563,branch_opposite,884.1155362576774,558.1141295984951,1320.207560071596,1045.538934286852,528.5442229271868,True,8.3753564710875,True
1,564,branch_opposite,1120.5599360390286,698.0199230985331,1430.3354372069416,1320.184223242451,678.6416891958628,True,13.01692337719745,True
1,565,branch_opposite,117.5070515184131,70.80239947362732,1009.67354980125,137.18923765286434,885.2789724596555,True,2.0278965254735923,True
1,566,branch_opposite,1025.6413220452707,642.6219411528916,1384.314655839338,1210.331806050672,607.7074230218776,True,15.83588376371308,True
1,567,branch_opposite,989.5281740462276,619.5420898606592,1463.5331142361806,1167.4752281484068,584.7997904607075,True,17.984650429383773,True
1,568,branch_opposite,1184.2945858008977,741.3089922329757,1480.1165465254203,1397.1731059259585,730.4835936426432,True,10.389395121449798,True
1,569,branch_opposite,688.7627781998689,420.985236135381,1404.4983281417806,807.2315242094825,512.8466374148493,True,11.26217545039706,True
1,570,branch_opposite,1107.0154269507957,689.626283540758,1481.2516098479969,1304.2498098360186,668.016441458001,True,10.27847737085846,True
1,571,branch_opposite,862.8471139829805,551.8057185966506,1319.416913485244,1024.2044196276076,515.9976408005464,True,9.703110480182326,True
1,572,branch_opposite,1028.2224472848025,633.2889130768713,1441.5112054912126,1207.5993741826937,613.8270112657451,True,21.80376210009233,True
1,573,branch_opposite,1177.7673850473034,737.033482216476,1495.7740821414166,1389.3719326333419,724.9364662707169,True,25.821576209304446,True
1,574,branch_opposite,413.1241521891109,262.30923608793603,1414.760110183403,489.36458848082606,623.905511407766,True,11.43672463002732,True
1,575,branch_opposite,114.38820873182355,69.63733206685782,1291.6958052891232,133.91796113391607,887.5864247944253,True,27.303029136274084,True
1,576,branch_opposite,732.4158709769501,468.07612240414744,1191.9039566050935,869.2112887116842,492.78046790060495,True,4.67247018905981,True
1,577,branch_opposite,982.1641656990407,612.1016524398658,1353.0761247016778,1157.2877262387722,581.6782380033362,True,12.487111272139567,True
1,578,branch_opposite,1080.0397246375014,694.0265039941721,1463.4199293561246,1283.8062918686069,640.9368008007407,True,12.468038222281793,True
1,579,branch_opposite,1135.4717851019789,690.2532916342803,1493.3605506808249,1328.813674438457,695.118352288229,True,23.69535465561822,True
1,580,branch_opposite,1120.775699947856,694.4196011739838,1339.0567867700104,1318.4675771850598,679.8433839672424,True,37.207781555803436,True
1,581,branch_opposite,987.5027726464061,607.5295912653678,1384.673993650624,1159.4196523465541,588.5363267671165,True,10.605649431530376,True
1,582,branch_opposite,1139.4941814143851,734.1160190838509,1429.4277950528635,1355.497443358991,688.12838513884,True,15.351783946504845,True
1,583,branch_opposite,1058.575109384945,679.752924572093,1323.7246929765913,1258.0323130483025,624.9809605603272,True,8.173076691766074,True
1,584,branch_opposite,1190.2911151383873,764.8993308032606,1433.0592084358088,1414.8724059224073,732.1665447371445,True,10.045144223170265,True
1,585,branch_opposite,829.3486866950785,525.9290070131913,1413.7629546819192,982.0491660506275,508.6883240011383,True,5.882480070979991,True
1,586,branch_opposite,1059.8032434319423,685.1397624655737,1309.6190900738623,1261.9823330380848,624.4071342261085,True,12.648622477090063,True
1,587,branch_opposite,467.40819453135015,301.490157683746,1455.0671686283313,556.2074572452499,582.3203986239931,True,0.6022094474849412,True
1,588,branch_opposite,511.2117353537906,331.3652162144559,1330.2278259405527,609.2128896209331,554.1446773646061,True,1.0051152049403982,True
1,589,branch_opposite,780.0244355710367,484.74649576858263,1076.293917818252,918.377528714545,506.6634277677609,True,9.420618581785561,True
1,590,branch_opposite,698.4617857940863,450.04527523829483,1383.1727800872138,830.8968744549329,491.2597654654412,True,12.062161071816657,True
1,591,branch_opposite,1113.878028447847,679.564956726957,1405.4345425360616,1304.8114011879932,677.5503903455882,True,14.655595591642431,True
1,592,branch_opposite,1204.2036336010956,743.6386048342301,1461.9820122006658,1415.3108371583544,749.5810692365636,True,24.24214330589937,True
1,593,branch_opposite,422.69038854760356,256.54723069443077,1420.0932080668383,494.45287555792976,628.8863463377198,True,9.465518370012095,True
1,594,branch_opposite,278.3762174054091,175.78376135294502,1491.6353953071373,329.23130041405955,732.9394446324685,True,8.743854615405219,True
1,595,branch_opposite,1180.6350829759385,724.2968558881521,1428.592152946575,1385.101127933648,730.4203551246894,True,20.81552912069638,True
1,596,branch_opposite,778.6619333527831,491.0811110623927,1353.8272413744098,920.5840885519194,500.8425807050615,True,7.713291398263458,True
1,597,branch_opposite,330.88428011746157,202.70560392424204,1051.116651874512,388.03861752555304,694.7388312657563,True,12.08992954123411,True
1,598,branch_opposite,1209.5343601053532,738.5337860998484,1460.2267263516212,1417.182247096838,755.7830432549454,True,15.921138780928096,True
1,599,branch_opposite,1140.923774716443,700.3200725861168,1424.060755532018,1338.7140336084628,697.6412973834491,True,8.212859353897212,True
1,600,branch_opposite,867.5716910845831,540.4978082047867,1053.3033115779854,1022.1636463138091,526.9200578589662,True,18.358023598250128,True
1,601,branch_opposite,890.9486693245196,549.5550344069381,1242.8868801860299,1046.8047894488939,539.2060240499907,True,4.146202148136298,True
1,602,branch_opposite,1004.2194120093334,639.5643445378043,1421.9419344664034,1190.5877448808394,589.366913842991,True,16.972706979605874,True
1,603,branch_opposite,630.9198922855849,404.99733841440616,1020.7601943286118,749.7217848004732,505.8213865988496,True,12.241846716926604,True
1,604,branch_opposite,1072.0264917644758,646.937177770359,1328.5141565021495,1252.105630937872,648.9559896159722,True,13.972604648093288,True
1,605,branch_opposite,730.193149546387,445.2048250679362,1334.766635841311,855.2130564416354,511.0785232785316,True,13.554001109613301,True
1,606,branch_opposite,1181.966310683996,718.8501469992138,1395.8445149662898,1383.3979519403401,732.9261577364155,True,15.529602163861776,True
1,607,branch_opposite,966.8816176233382,583.0991188251065,1412.965511382481,1129.0990412149588,582.6358664026274,True,10.948501022794796,True
1,608,branch_opposite,1012.2616746902627,642.9286646656983,1344.5830196473871,1199.1792884700574,595.3261589912637,True,14.16448757474681,True
1,609,branch_opposite,1049.8566261483065,643.7577708270609,1487.6136167428183,1231.5124859162947,629.5732581940123,True,20.113207282344668,True
1,610,branch_opposite,1169.999356734099,729.696795018761,1459.4937341531065,1378.8966268066858,718.868118394324,True,10.673812741708609,True
1,611,branch_opposite,933.6134067706961,601.3055580904263,1318.3783152438773,1110.4964509139254,544.7466794014218,True,16.806200118384268,True
1,612,branch_opposite,1082.9279796445542,700.5755674048673,1478.0128248433423,1289.7825920447553,641.7957220702411,True,25.314454428704792,True
1,613,branch_opposite,861.268425146197,540.3338736545679,1285.2515182636675,1016.7320173833225,522.2622933408799,True,12.347493960738785,True
1,614,branch_opposite,379.8911358756867,240.65058610787804,1146.9398937563474,449.6998773748829,649.1459503293735,True,5.514348828855895,True
1,615,branch_opposite,1090.8161987463016,691.4032676784568,1416.0586222611955,1291.4791744367303,652.0071225696572,True,5.6575935566124,True
1,616,branch_opposite,1266.6977348892474,797.1152163453895,1497.3821768280825,1496.6348317819236,803.5429825037069,True,29.746072181965456,True
1,617,branch_opposite,552.6888539311572,341.61636221659774,1217.6704402392354,649.7435711062001,548.7921292201817,True,11.705598112402063,True
1,618,branch_opposite,575.1007363993195,358.0289470986512,1202.042446926725,677.4404652569909,536.6096016551144,True,14.169402564566917,True
1,619,branch_opposite,1212.1030494176214,747.3465527389451,1499.3409394246587,1423.9805730059247,756.6650722393242,True,22.98850957860715,True
1,620,branch_opposite,768.9663786525522,495.7181892182856,1267.5324021647243,914.902079252133,491.2122597506369,True,10.557500094088496,True
1,621,branch_opposite,1185.378556794452,737.4739563885173,1425.9262713987466,1396.0623765646828,732.3034750674988,True,16.280819399159757,True
1,622,branch_opposite,558.0691472840639,348.71632736747944,1113.6044055178515,658.0609775112222,542.647221987782,True,10.693596110465293,True
1,623,branch_opposite,1044.320796495959,629.2562910281144,1446.6555140393734,1219.2495256478114,630.1760315348528,True,8.81289728641805,True
1,624,branch_opposite,871.0115727053042,552.3402140674262,1331.2282896019992,1031.3781420325997,521.9344326668332,True,3.823587771377389,True
1,625,branch_opposite,1088.6052405252626,660.720220843194,1277.4243456218253,1273.425529793613,659.6303311631272,True,11.80641594407133,True
1,626,branch_opposite,768.9768112821087,470.0718951951538,1219.2152851981477,901.2729458615539,511.7223398496269,True,9.005830320423089,True
1,627,branch_opposite,778.5145448121876,486.3049572462516,1038.1290590491533,917.9201533501737,504.50567221354396,True,14.93937698980286,True
1,628,branch_opposite,1203.2097808870517,771.9095618416635,1483.2757790635524,1429.5307441551777,743.8297986962011,True,20.99677446707936,True
1,629,branch_opposite,720.0845574599559,452.15071573852185,1471.450265893533,850.2717445823765,499.9547357725858,True,10.518644122759996,True
1,630,branch_opposite,988.4403814021061,605.0983948773396,1443.0979920012635,1158.9471321287585,590.5079630139498,True,12.24266893064244,True
1,631,branch_opposite,1255.9040899516851,814.686824495246,1497.6893799587217,1497.0002355255385,791.0845604139851,True,27.19912736587404,True
1,632,branch_opposite,1028.4869824641564,643.8860770920692,1265.7023461822328,1213.4145018794031,609.821952845406,True,9.824162214729888,True
1,633,branch_opposite,1243.6475527662672,780.7460641145002,1494.1645223562723,1468.4085440134868,782.6183283839796,True,39.334966942224575,True
1,634,branch_opposite,959.1238101139796,597.4083576746687,1493.5235477969322,1129.962490061994,568.6657505835653,True,16.664103019211293,True
1,635,branch_opposite,792.3895935277337,510.8187456868732,1022.8412909398895,942.7709471956364,494.4206616305221,True,11.530804519118938,True
1,636,branch_opposite,799.1426108192364,492.30182151875897,1014.8527537558704,938.6106732280821,512.8712249556204,True,6.655430475904607,True
1,637,branch_opposite,1237.4354014926937,778.3806596618499,1491.922401085398,1461.8901546296152,776.7782239261765,True,11.258515322467934,True
1,638,branch_opposite,539.5764057567916,334.1088352740865,1316.7880502739492,634.6427431694342,554.361938233562,True,4.263777519677167,True
1,639,branch_opposite,990.0179722897251,616.3210037772933,1498.4919393448376,1166.1848760611283,586.6983133346927,True,15.071873288338567,True
1,640,branch_opposite,282.1675472665421,178.4349321139409,1295.4019450397818,333.85258682377014,729.4043830956263,True,13.687781235790217,True
1,641,branch_opposite,573.4168160018153,362.3582659513316,1252.045519973619,678.3143502660957,532.0316464032858,True,4.890766353196862,True
1,642,branch_opposite,1263.06178202069,785.2231788418983,1494.7166313666007,1487.245946638234,801.3044054146629,True,27.33358848544988,True
1,643,branch_opposite,1224.5025626395131,738.2021454762994,1484.9764715419258,1429.8073064215844,770.5400898243264,True,32.60588285995095,True
1,644,branch_opposite,1057.039696873671,661.2401880816607,1473.832280823163,1246.8245694968687,629.8313871438454,True,19.046616331351206,True
1,645,branch_opposite,1256.6585088366849,758.362897736993,1496.3806037759637,1467.755051940101,798.7261170513633,True,22.426244764778694,True
1,646,branch_opposite,840.5026310328317,519.7788090065155,1324.7546679273046,988.2381712246012,520.9534597947778,True,14.639377924074497,True
1,647,branch_opposite,1170.491627164053,741.0780445595062,1416.9703177043236,1385.369018489043,716.9968170039051,True,8.61800007501311,True
1,648,branch_opposite,254.94131269459314,161.63494254657564,1062.6568131270635,301.8624315321089,752.9046901368138,True,14.572389199547183,True
1,649,branch_opposite,575.0399142374744,367.66251373639705,1321.1885764779502,682.5295795591633,527.1615745635548,True,11.885760505626207,True
1,650,branch_opposite,749.1562949740253,484.57999810653234,1316.7634766150225,892.2179828181763,488.38591719912125,True,11.456576807306208,True
1,651,branch_opposite,1123.9110323611746,689.5047875637267,1349.761234303865,1318.5571131871616,684.234580552961,True,7.149055571863345,True
1,652,branch_opposite,785.5823699244211,487.3804823673492,1225.9195726702385,924.4887206065307,508.04875980256236,True,3.8523469820759604,True
1,653,branch_opposite,751.7022079560084,464.16122554920105,1329.4237431439944,883.4601591182674,506.63614963002885,True,8.747082392464483,True
1,654,branch_opposite,897.9493370390007,559.492511440711,1280.8882209279611,1057.990965106515,538.6757856010064,True,18.321251532620813,True
1,655,branch_opposite,866.9148809410588,557.4123635285721,1337.249539754265,1030.6551090503356,515.5504173379021,True,4.987626390381139,True
1,656,branch_opposite,739.733837218632,447.7352353829633,1288.4437861364688,864.6808607397523,513.8919526880178,True,3.4369426116450303,True
1,657,branch_opposite,381.0628434715739,241.1622464767823,1020.8450382535682,450.96354597724365,648.4811699024406,True,17.563189907857637,True
1,658,branch_opposite,677.5559012341353,423.82398689893387,1361.655586673051,799.1925745201271,505.53540406020375,True,13.968452456108219,True
1,659,branch_opposite,619.4876997966547,386.66625219083744,1164.451645901358,730.2573524331395,519.7573708414508,True,6.296985933292181,True
1,660,branch_opposite,1255.9499685631786,802.3970620820032,1495.6295152589214,1490.3863152792567,792.2986536846014,True,17.003506535833417,True
1,661,branch_opposite,815.0539096703458,522.6374022709841,1298.554997556744,968.2265901747786,500.9987752056674,True,9.405832260485047,True
1,662,branch_opposite,726.3982644170334,461.7046952220947,1055.4174230680535,860.7123004455121,494.9978523440561,True,9.40154624017136,True
1,663,branch_opposite,564.0865739037379,340.18424493183215,1369.009715129126,658.7252715345737,552.0795032705375,True,5.149261894645713,True
1,664,branch_opposite,219.60318507787045,138.31599161259368,1263.8649635901506,259.53202583134225,785.7391621160793,True,22.406002671956823,True
1,665,branch_opposite,848.4852545715262,544.1583411407547,1103.1599144372728,1007.9858766165156,510.14735001022444,True,9.256032401054698,True
1,666,branch_opposite,970.7658124173395,589.4978758297041,1216.7825597100236,1135.7350078984227,582.7082768954768,True,8.697738789514661,True
1,667,branch_opposite,1171.729888008644,707.5124168942414,1448.1253436418938,1368.7676028136698,725.6269984522933,True,19.72821331196192,True
1,668,branch_opposite,401.5929679256106,252.08857425209376,1414.802588531232,474.15773868592913,635.1864466697995,True,12.58533073876826,True
1,669,branch_opposite,1118.029084317568,679.7164222098828,1469.2246395029215,1308.4354963091544,681.464122019469,True,13.70558606009019,True
1,670,branch_opposite,1135.4771017884534,686.2795988743817,1408.5918836023202,1326.758431862066,696.2403938088264,True,29.949591421987105,True
1,671,branch_opposite,495.86374293222633,311.37158912100404,1135.8639738932127,585.5195283391463,573.1240865304347,True,4.228778716834322,True
1,672,branch_opposite,446.56643827999926,270.0141962507069,1205.5265374674848,521.851750955192,614.1649279005067,True,7.812148377514561,True
1,673,branch_opposite,1225.5895877445237,761.0589187461368,1475.068486841428,1442.6643807174385,767.6225539467316,True,33.96027506497668,True
1,674,branch_opposite,1191.8570226525203,726.4265194295053,1475.560702625009,1395.786033235967,740.9201785391035,True,43.51069516856998,True
1,675,branch_opposite,1041.4151337437038,649.7632665799539,1235.5796523129115,1227.4924779350254,619.4840217576287,True,11.022675375768472,True
1,676,branch_opposite,1111.7452830554685,705.2440119296391,1417.589904704909,1316.5662500454341,668.2014572727378,True,15.230245119690467,True
1,677,branch_opposite,1237.100666380862,791.7766437565679,1489.5367207640306,1468.7846378412282,774.741302551289,True,23.25928862780915,True
1,678,branch_opposite,1085.1675734246396,686.0399594597469,1297.5682995924483,1283.8377967593303,648.2283382805954,True,9.996526116183423,True
1,679,branch_opposite,792.6893993920023,507.08994726980666,1485.5009620033527,941.0083413713976,497.4354293553541,True,9.15070313818347,True
1,680,branch_opposite,825.4378057171136,534.3239728929357,1479.307444019952,983.285146392019,500.0131834835016,True,11.189283079945847,True
1,681,branch_opposite,663.6108565701477,430.4596926320039,1440.5585701068653,790.9961541869874,493.8127421834487,True,16.778172518382878,True
1,682,branch_opposite,1110.4099336419188,690.4175694164385,1487.3091703754262,1307.549861722127,671.0366155255795,True,8.598237589289544,True
1,683,branch_opposite,393.2688636130852,246.1738257158539,1077.1558255066348,463.96330841469245,641.9828895148815,True,16.592562367644685,True
1,684,branch_opposite,1148.3187805302966,708.218805427595,1487.1431111866896,1349.1515474845207,702.7635540396665,True,11.775448301633581,True
1,685,branch_opposite,890.8958692313265,549.9820640668959,1192.2411634066966,1046.9841071423787,538.8999608571402,True,12.656415370688824,True
1,686,branch_opposite,1236.9727854991397,801.6237672377431,1483.5748129558363,1474.0089335773823,773.5061645407064,True,12.169118869218082,True
1,687,branch_opposite,872.9225897910017,551.6648445255854,1059.2763699972575,1032.6315647184467,523.8399614856332,True,11.454051910571991,True
1,688,branch_opposite,278.33547650187336,178.894520008825,1455.8909254760147,330.86838284839604,729.9454406434207,True,14.374748095567547,True
1,689,branch_opposite,279.0640610392004,169.55517093977383,1333.9051063889176,326.5359186308705,738.7820135755474,True,7.91366554982511,True
1,690,branch_opposite,938.3741907359802,566.4058420091701,1470.0000149145867,1096.066466826498,567.5765322775518,True,2.448467875012012,True
1,691,branch_opposite,704.5705366272158,456.5311939404714,1498.3545682872198,839.5477187890366,488.47350830920556,True,1.6562459881460252,True
1,692,branch_opposite,974.2468993757672,628.6379281062908,1407.2558871455135,1159.4579188556463,567.0587301068596,True,26.851676523948157,True
1,693,branch_opposite,1183.5750491729884,765.7670729020543,1464.5705931691532,1409.6982325894512,725.3987534378889,True,27.622009952615404,True
1,694,branch_opposite,864.5158444913333,520.9617894231301,1298.5286140694777,1009.35069793185,537.5933951406892,True,16.070275002351444,True
1,695,branch_opposite,936.857054720189,599.2529222008641,1176.0541841549777,1112.1174424247029,548.5845551732376,True,5.058104808782884,True
1,696,branch_opposite,1137.0193049221175,715.609942319699,1415.94145506224,1343.4695714129064,689.9893399258748,True,29.462738996889026,True
1,697,branch_opposite,1224.8687459327223,736.7247438098464,1470.586317500206,1429.358874777249,771.1800964033398,True,13.558483081335696,True
1,698,branch_opposite,1168.3729144755232,710.7622101119755,1425.2588337636791,1367.581144431031,721.5848274945632,True,20.016715052382704,True
1,699,branch_opposite,669.5269831790567,421.33005895645385,1437.5870650414793,791.0659895262202,504.54293653392705,True,7.992965833403919,True
1,700,branch_opposite,951.5798336864664,613.2155011844767,1302.5809412932456,1132.0501008222614,554.2749584605604,True,4.367022896039721,True
1,701,branch_opposite,597.4120076540893,364.4254631029703,1026.0918135570175,699.7907008864179,535.3020137042516,True,15.06446299016349,True
1,702,branch_opposite,188.7008578551809,115.59938381125939,1107.7797414961815,221.29444478527708,817.3553405261379,True,6.429569877232588,True
1,703,branch_opposite,928.2389723119047,591.1008066737746,1320.5235103189932,1100.4670614648346,545.5650911769765,True,15.865290074752698,True
1,704,branch_opposite,553.3886578790972,338.7600041655413,1369.0605713976993,648.8430835660238,551.7223920833316,True,4.5102018481341295,True
1,705,branch_opposite,676.0531345916011,410.90062172141455,1450.1930533155116,791.1303064111338,516.7147846908703,True,14.430427962102648,True
1,706,branch_opposite,867.1552725208999,529.4935544844031,1220.2322690178257,1016.0323276851597,533.8435210151971,True,10.400381135127152,True
1,707,branch_opposite,1039.187391172337,669.7978597445447,1417.09371583803,1236.3412178237609,610.1091632224429,True,15.802609356623648,True
1,708,branch_opposite,1114.1860750711535,683.0058256331242,1328.6753090984243,1306.8693766904357,676.8152767304965,True,7.388029049522283,True
1,709,branch_opposite,645.22658642777,391.99152063545114,1205.2244838825986,754.9666880620136,522.8287829369456,True,12.563427270266805,True
1,710,branch_opposite,574.3285927180182,361.151528209255,1170.1960098879583,678.4421557814192,533.395713909962,True,14.180781956444733,True
1,711,branch_opposite,829.7148336439881,504.11873091057305,1497.8065818504658,970.8565290627433,524.5143883467208,True,16.1154624022193,True
1,712,branch_opposite,1175.6712201479504,762.038424518393,1415.6233064660723,1401.0372508704559,718.224197013431,True,13.373947092066558,True
1,713,branch_opposite,998.1630968780419,616.9239098905717,1376.5603250053327,1173.424338661779,593.687964326366,True,19.79979701298504,True
1,714,branch_opposite,579.0226210682899,361.7611967987516,1365.0001032269622,682.7432601044536,533.7562808659378,True,8.7003506808163,True
1,715,branch_opposite,1280.5236640714415,770.351471765122,1494.4369526779042,1494.3835666580517,820.5602412733317,True,30.074740293597912,True
1,716,branch_opposite,1230.8598291502365,741.0464655978908,1468.6874817760618,1436.720495848401,776.2556062956711,True,24.069667440473157,True
1,717,branch_opposite,816.9338287540462,498.50489805980055,1428.9786243356054,957.020383248109,519.9261008432071,True,7.247755092948787,True
1,718,branch_opposite,563.5844551184812,352.20039259636087,1145.8775669032132,664.5844977098293,540.1621836058299,True,10.780807079229971,True
1,719,branch_opposite,888.2858140911093,575.7334752680764,1339.0424794421058,1058.5465138857912,521.2308926578162,True,8.635759742840108,True
1,720,branch_opposite,962.60969313422,603.8277359360227,1352.74662675885,1136.3209740216803,568.4910982441928,True,17.578689777629585,True
1,721,branch_opposite,1072.2788500797092,696.3409878986599,1488.231084513442,1278.5431958897382,632.8386352645871,True,28.73452116166151,True
1,722,branch_opposite,210.43970410948873,135.5280170645481,1431.6795807344688,250.3052386090583,791.3179733953624,True,17.235008003746916,True
1,723,branch_opposite,1048.5900374298412,642.3463742325857,1296.3499896748117,1229.6950561366282,628.9430535215777,True,3.5690639380167646,True
1,724,branch_opposite,873.4895354220414,555.7674832449413,1160.556055230858,1035.3074248377773,521.6890123364212,True,14.296400085131358,True
1,725,branch_opposite,944.5492672978414,606.0869384427642,1388.9625797610336,1122.2810233198334,551.703746718139,True,3.5426502039932544,True
1,726,branch_opposite,785.3060619273583,480.6863600338368,1482.1254601891972,920.741542248657,513.1182553536183,True,15.590599960371474,True
1,727,branch_opposite,1185.5501245904582,716.9792132215582,1405.7611123706465,1385.4920750795566,736.8398130391806,True,24.369503117991133,True
1,728,branch_opposite,567.4980300640835,355.85618798146584,1473.9119843265626,669.8415041271448,537.2767589832338,True,6.4355199493779605,True
1,729,branch_opposite,921.9476513983425,588.1540554150793,1425.5490923817017,1093.5779189523369,541.8686633435743,True,8.581022006837232,True
1,730,branch_opposite,742.06520565443,447.07324292309096,1137.5086764118528,866.3343776976188,515.6897462234563,True,14.25264578482508,True
1,731,branch_opposite,247.69113532794523,157.4154571045818,1273.8121978223933,293.4800242869877,759.0240061830094,True,13.980555274133804,True
1,732,branch_opposite,376.4951940895084,241.8900642294505,1176.8603790668576,447.5035579137045,648.3876485040934,True,10.480002654821028,True
1,733,branch_opposite,592.845666177317,364.7509902189771,1106.5822779137961,696.0670002025315,533.8986454051512,True,5.660752545119335,True
1,734,branch_opposite,1156.0527764079472,704.7670309329386,1419.6218345088469,1353.9403937140485,711.116098960262,True,19.43084706530887,True
1,735,branch_opposite,888.0015661381206,545.018835736256,1130.8607292753543,1041.917613235835,539.7323758271044,True,17.154597890705553,True
1,736,branch_opposite,1216.0786923380324,771.1340825059527,1451.8391756627086,1439.9635964707152,756.6698189839962,True,22.65592698165537,True
1,737,branch_opposite,696.247742690798,422.2650714678851,1276.1619861960958,814.290310505909,514.967742399237,True,16.255327283952507,True
1,738,branch_opposite,1102.8741568927724,687.3496630045897,1437.2318932839726,1299.5310558714887,664.7243892892202,True,10.551298562621973,True
1,739,branch_opposite,1221.6248343681327,787.622929599773,1458.951024063949,1453.5188733471255,759.891880192323,True,34.761884953094544,True
1,740,branch_opposite,983.4981951013253,615.4759185723752,1374.4579182232987,1160.2065790668805,581.2928141230974,True,11.350708802180081,True
1,741,branch_opposite,1072.8185565362858,645.727094641492,1486.1898375167707,1252.1593892163817,650.1356335572611,True,5.348873634949607,True
1,742,branch_opposite,1101.1719530127666,705.4197139452519,1465.450148788822,1307.7448692021512,657.9710707092852,True,21.775068909767196,True
1,743,branch_opposite,508.43618554728243,328.49041343417423,1393.2014770375151,605.3208293888666,556.8014923380196,True,10.039729284679854,True
1,744,branch_opposite,229.61481006343948,139.26149259181452,1106.8319809426166,268.5455721462735,781.7332108401822,True,2.7060802455160586,True
1,745,branch_opposite,1245.945517063061,806.1572458262694,1485.1670891641804,1484.0046281894593,781.9654825507816,True,15.082231463107652,True
1,746,branch_opposite,469.4279855328681,297.26883892998507,1179.391966028155,555.6360285296734,586.5436887562521,True,11.67622048264631,True
1,747,branch_opposite,967.9532952130562,587.524081668359,1295.5763058290652,1132.306552243721,581.2861785206185,True,16.703278808875712,True
1,748,branch_opposite,611.0641488747021,387.892356626468,1111.183473014494,723.7816482677625,516.1844120523431,True,7.01436989551673,True
1,749,branch_opposite,630.2316659761564,393.9679629527602,1095.4193201064516,743.2379892283689,516.0571182664142,True,9.775843548667538,True
1,750,branch_opposite,231.31060130747676,146.99179838335192,1109.000633837319,274.064195160912,773.8541766312712,True,16.0454666690004,True
1,751,branch_opposite,486.4179344012199,311.9542864723603,1088.1825989327654,577.8562829593782,572.1576267617085,True,11.173097879134598,True
1,752,branch_opposite,1258.6848327951848,757.3306531026191,1469.820009272451,1468.9578708858473,800.8897233327509,True,25.40747318920745,True
1,753,branch_opposite,1101.1393435444832,700.2706025166945,1314.7317541126106,1304.9470374887517,659.354416357522,True,11.892772000751345,True
1,754,branch_opposite,678.0528667608652,437.5657604314408,1043.1669065760382,806.981712819177,493.2762998223134,True,8.559256052280789,True
1,755,branch_opposite,722.9841504181395,434.41776014889655,1313.5709555417181,843.4600595692858,516.7684099133428,True,11.2467676833685,True
1,756,branch_opposite,964.799331132545,612.590665389507,1174.1180774999864,1142.8495406991092,566.1479362230622,True,26.677334209058195,True
1,757,branch_opposite,498.7754696329433,302.42084455180134,1058.816037576223,583.2969538125396,582.2117173925678,True,7.2904412684113575,True
1,758,branch_opposite,616.4217757537848,390.45061807593356,1188.9726448209233,729.676291775557,515.2463942897639,True,14.14313919045651,True
1,759,branch_opposite,1051.6121992172148,667.5388882579193,1396.9191429884845,1245.590777454251,622.540921388842,True,12.295873587398969,True
1,760,branch_opposite,496.47098867404554,314.414865850431,1401.806900103024,587.6564901902547,570.1146355509475,True,8.30776929212837,True
1,761,branch_opposite,1214.1158559409196,744.5297552625019,1479.93798435916,1424.2197401097883,759.156698670431,True,9.219196267950386,True
1,762,branch_opposite,1068.4626159163774,675.7427724919503,1380.561900600942,1264.215431082051,635.6361683747778,True,36.7832403617943,True
1,763,branch_opposite,814.1205554366979,523.2068088798976,1071.5532468434524,967.7487502667432,499.9415188166875,True,7.866187730535771,True
1,764,branch_opposite,246.3198971034384,148.6124284104054,1078.0408283635845,287.67889319010936,767.8473376898123,True,15.246853531770881,True
1,765,branch_opposite,44.37582342824047,27.065608884447588,1490.7280159964687,51.978465629722706,955.687182332169,True,4.792256517912501,True
1,766,branch_opposite,739.8977057015564,467.99988429343597,1152.2832478551645,875.48415553972,496.90130802377564,True,8.343451903487669,True
1,767,branch_opposite,584.1162298779907,369.34456550381117,1199.4719846172143,691.091295035668,527.4410152512478,True,11.58497690347387,True
1,768,branch_opposite,443.08249780280374,270.92253574293863,1403.8728384379717,519.3468207590718,613.3879027623097,True,8.988988889771715,True
1,769,branch_opposite,1110.3877512379627,714.2551729375041,1354.910790727909,1320.2732331480795,664.5372984873695,True,27.34069391363146,True
1,770,branch_opposite,103.40571038975474,63.11439233833563,1021.777033190725,121.14523292910535,897.9744495955767,True,14.232159871102718,True
1,771,branch_opposite,435.6400136079907,273.8478019135414,1323.5248015290354,514.5627659180642,610.8121968046121,True,17.8560788241277,True
1,772,branch_opposite,649.6089789568448,416.0289854019147,1474.2185618470442,771.4090628427314,501.85405539479507,True,9.159079716656729,True
1,773,branch_opposite,889.3581568379786,538.3314565009264,1476.1235437632315,1039.5954444843703,545.0034994397824,True,19.181871209120636,True
1,774,branch_opposite,452.7934015700889,280.8612948358579,1336.4333788330982,532.8272998282713,603.136943535758,True,9.2290848057428,True
1,775,branch_opposite,656.2405146095515,398.64000633052603,1149.5191272530753,767.8316662278334,520.464287039073,True,9.247631451826141,True
1,776,branch_opposite,227.79993076108474,143.39377638583107,1095.9182386987086,269.1738909347352,778.3562981183818,True,22.983200446683597,True
1,777,branch_opposite,970.8443436746275,625.3703329950977,1425.9144518890062,1154.827603166558,565.5080361934173,True,9.100297268761736,True
1,778,branch_opposite,1098.6868280465574,676.4889306440728,1381.358794743892,1290.2519209080708,664.0355925238654,True,10.029347649492438,True
1,779,branch_opposite,861.4530839496783,549.2557639527322,1296.9204652296676,1021.6571392016556,516.5790508075731,True,16.072282770741964,True
1,780,branch_opposite,622.6644761416555,374.7214735415788,1498.964793946073,726.7236287488762,532.1094960804397,True,10.804375502178285,True
1,781,branch_opposite,1205.0086092415017,739.3510784868877,1441.3464448034865,1413.748833989214,751.1845923544458,True,40.13967463367339,True
1,782,branch_opposite,89.06797125662494,55.02485507339735,1411.3164726437751,104.69402169951897,911.2396521960435,True,10.247532291542338,True
1,783,branch_opposite,529.1338232691728,337.5450548844351,1189.2322161193188,627.6298805859935,549.6927381858861,True,4.223469646639042,True
1,784,branch_opposite,916.8573368019428,582.3331416864993,1254.138751869226,1086.1580289967108,540.8330377166039,True,6.319707619399543,True
1,785,branch_opposite,1218.4847095447403,767.8666303843455,1493.1363835699367,1440.2514188335797,759.5410022030538,True,30.011054512436875,True
1,786,branch_opposite,79.6968167446647,48.064325036018005,1097.6540676113445,93.0685872913125,921.4828840314378,True,22.76758618428617,True
1,787,branch_opposite,660.546144232689,412.8306777390951,1455.881332612949,778.9418316814119,508.8767247428592,True,5.554555806129122,True
1,788,branch_opposite,1214.9768586125815,734.549747340221,1452.924082842821,1419.7648038607238,761.895242595473,True,42.75651934071364,True
1,789,branch_opposite,834.5243337834404,505.223968428161,1415.218883605984,975.5419631932778,527.0495431957454,True,13.679909668714542,True
1,790,branch_opposite,1195.4858934176677,755.4506609333363,1474.2417875231451,1414.1754567468824,738.8755694166201,True,39.63704197695452,True
1,791,branch_opposite,604.8224212486668,389.75320941221435,1395.9389352603184,719.5260422613077,512.6941015052955,True,8.18417232810237,True
1,792,branch_opposite,946.5401720783234,606.6409613404285,1240.8061479131543,1124.255999910208,553.1470953021584,True,21.27214496427276,True
1,793,branch_opposite,577.1933956214668,346.9742003859682,1183.3515512169633,673.4562433317558,547.8595722909673,True,7.078786189654141,True
1,794,branch_opposite,635.0948435571804,402.4645142558961,1408.0994110129022,751.8797414135813,509.5746033271859,True,9.675088710174888,True
1,795,branch_opposite,570.1610814779585,366.5540493335725,1144.4280582422089,677.8241142914247,527.2785326091001,True,11.397009919483995,True
1,796,branch_opposite,784.9550529716278,472.93355826822506,1388.4973691483362,916.4172552510868,519.0167544221156,True,17.230435438924285,True
1,797,branch_opposite,1028.9923650197325,660.285918946943,1478.7157941062546,1222.6212749778697,604.0275323472441,True,19.952564351319925,True
1,798,branch_opposite,774.6466585942126,489.4815998156244,1367.497160850157,916.334918154515,499.62214988992656,True,8.624027430743606,True
1,799,branch_opposite,965.1539555626548,616.6022067856563,1434.8127553722823,1145.303645044047,564.5495104017316,True,11.036814404365602,True
1,800,branch_opposite,607.4211268767386,366.7763742208959,1196.5472011449426,709.5670046322854,535.5423395946771,True,7.824320568677462,True
1,801,branch_opposite,1205.7955476149514,762.7235322182264,1479.6860185792543,1426.7761174225927,747.8185940783204,True,18.400943272434937,True
1,802,branch_opposite,943.4129747795505,596.5301719145182,1140.6442517971739,1116.1882847381823,555.6028915686221,True,21.372604191922914,True
1,803,branch_opposite,844.3186528861927,542.9874946662517,1277.0208195421906,1003.8473026190228,507.83113387166827,True,14.22897140184275,True
1,804,branch_opposite,1146.3194600304507,710.3460197222694,1474.8104467089463,1348.5695281222154,700.2978823597999,True,44.93071092911622,True
1,805,branch_opposite,810.9923887958121,495.91747473144954,1300.5470175947084,950.6012815206782,517.8907849658941,True,11.60596416750615,True
1,806,branch_opposite,779.1551644534536,494.3326009415921,1131.0484413807894,922.7391238308733,498.60485801965433,True,9.390441740109676,True
1,807,branch_opposite,544.2047854162525,343.6809505105157,1304.0287785283986,643.6423263069024,545.5003120734272,True,7.6207455488045275,True
1,808,branch_opposite,1054.2143558256967,662.2166140443437,1267.1107308520445,1244.9492969375676,626.8432938966383,True,14.71103951947151,True
1,809,branch_opposite,815.315777902417,507.90827977114077,1010.5140193116725,960.5782833047512,511.8966269061964,True,8.8652185794323,True
1,810,branch_opposite,778.5351179829919,499.0966068913898,1168.9254641596467,924.7780019784692,494.5026616812571,True,16.69727671640843,True
1,811,branch_opposite,377.4014507967712,239.26816191337429,1009.2139709729663,446.8569215855478,650.8569504655511,True,9.946801281587966,True
1,812,branch_opposite,401.1205849609138,254.72983054131362,1314.734855651224,475.16840198711867,632.6093074521916,True,4.535283675167482,True
1,813,branch_opposite,339.0097139631528,206.6659336656092,1326.8190985677174,397.03701880209695,689.2918225515549,True,2.563993579810558,True
1,814,branch_opposite,1082.229965041113,670.4805245413796,1379.0024881859304,1273.0930174273096,650.3677375747502,True,8.269537320594328,True
1,815,branch_opposite,208.91811189288129,127.92293194531538,1124.9273518375007,244.97153711068609,799.0050828910146,True,9.531910660698166,True
1,816,branch_opposite,723.5442573730364,436.26730701822714,1067.5026982185404,844.8937540013151,515.4384431590464,True,13.546644865522763,True
1,817,branch_opposite,652.3489612273327,416.49007903840345,1272.420658028888,773.9658604562578,502.424013839403,True,8.47624805281,True
1,818,branch_opposite,1165.9535231201658,712.9437236575653,1493.045618999419,1366.6515178270727,718.7145196341563,True,13.73092711404412,True
1,819,branch_opposite,513.2117235281784,313.73209236483444,1399.7658014661454,601.5098494175971,571.8805677259514,True,14.512514620230949,True
1,820,branch_opposite,795.9303879077054,479.3028859694906,1139.6582486701607,929.1051818247453,520.8321913878223,True,15.760928128863295,True
1,821,branch_opposite,1093.191664921203,709.8794793715173,1356.7814071070986,1303.4557497230078,649.084034897204,True,30.187312403558582,True
1,822,branch_opposite,1248.3982074047633,804.4331469523602,1494.4184836525314,1485.1298839384735,784.5786419897615,True,24.52055326204118,True
1,823,branch_opposite,1146.4151718910264,692.4197819154791,1468.1548042707043,1339.2956733782914,705.0443152332973,True,8.792327347912067,True
1,824,branch_opposite,891.0508143251416,563.0470452810159,1149.8885566346332,1054.0367777782615,531.0292488288829,True,17.10071597631634,True
1,825,branch_opposite,496.7156326785623,303.436276075514,1420.1957365965036,582.0652827525792,581.0917423147696,True,9.657960726343648,True
1,826,branch_opposite,853.6057746552951,536.1973227078794,1441.690246889876,1008.0428499840492,519.2745113922167,True,16.95785505230963,True
1,827,branch_opposite,1190.6139985179302,765.5591822806806,1478.5672784472451,1415.5008142142194,732.3783128459427,True,11.306711268579184,True
1,828,branch_opposite,780.5717420822538,486.19774016971934,1030.2314746874385,919.6088772317645,505.8593397262402,True,13.67398475254929,True
1,829,branch_opposite,1238.6415985387364,778.3547950660618,1497.9069761643682,1462.8975345638282,777.9767819437083,True,7.012110530655251,True
1,830,branch_opposite,206.69081515031675,129.7918142389815,1030.143405562754,244.06353293957844,797.9634464550755,True,22.87500825690028,True
1,831,branch_opposite,1023.0313647576353,655.4852845678091,1431.0205383635453,1215.01198823831,600.3032250046605,True,4.866405919182058,True
1,832,branch_opposite,536.7480203761003,344.14466658020103,1012.9527353369995,637.600179511628,544.046583867115,True,17.667999865976387,True
1,833,branch_opposite,262.6705671310686,165.17686945361913,1337.0853547539498,310.2889379907946,747.3491795173135,True,1.9145649506387086,True
1,834,branch_opposite,1115.8617421328524,721.005799308952,1346.4110310424924,1328.531817531257,668.154691818688,True,29.662616147906792,True
1,835,branch_opposite,1110.648412217301,717.2008119302424,1485.4190910882141,1322.0880833719857,664.0441554530452,True,7.247966292472779,True
1,836,branch_opposite,1176.0642645600603,717.4311907776643,1387.1477011023926,1377.6192027827765,727.4999603394685,True,10.539325985579826,True
1,837,branch_opposite,816.0258777386707,509.5835945657352,1269.89800362105,962.0673952430275,511.15108953171136,True,13.018123177173043,True
1,838,branch_opposite,565.04815869309,346.7032140348391,1361.7309967058359,662.9347933730277,545.8319556229197,True,7.791036233478677,True
1,839,branch_opposite,827.9924268729211,510.4449689186489,1476.1109559466322,972.6898402128347,518.7559336721333,True,8.19500102346335,True
1,840,branch_opposite,73.24939852562602,44.59894350155794,1277.6829794265298,85.75861557780152,927.3520110211612,True,3.805684968679357,True
1,841,branch_opposite,502.0165866717931,304.12869577965193,1045.5908750177352,586.9539308073761,580.6879959114259,True,16.82129370717243,True
1,842,branch_opposite,1066.888279817097,671.3928616016631,1339.1716873058845,1260.5629600383927,635.5892878705074,True,20.569341249312888,True
1,843,branch_opposite,1247.7035327549904,750.4035886251113,1493.3926143452666,1455.9772152993085,791.186637614259,True,8.49707341917794,True
1,844,branch_opposite,183.56131362456716,110.98707674628446,1093.1685848941934,214.5061469148666,823.4520272241587,True,13.023622871000898,True
1,845,branch_opposite,791.6439143107282,495.5021638017769,1122.7645550394782,933.9285204968603,505.5975144682471,True,0.8554016342169416,True
1,846,branch_opposite,1042.5438355306883,674.4161255216698,1366.8320758811292,1241.6661223399387,611.6570998186709,True,14.64430203438944,True
1,847,branch_opposite,545.0935546576837,348.92657390185025,1191.9892968001877,647.2068736534189,540.4331574472648,True,9.640113793104375,True
1,848,branch_opposite,1118.0164767016213,681.1377092279324,1466.2222875687912,1309.1636341987896,681.0277696683386,True,11.137613941886993,True
1,849,branch_opposite,880.4981342182555,563.1250933885213,1480.5816662130367,1045.1731125347897,522.6102302095203,True,14.04261625893425,True
1,850,branch_opposite,853.549016323921,535.3158848592317,1303.317732506809,1007.5261881708859,519.8228609078043,True,6.304454494685288,True
1,851,branch_opposite,858.3308442426483,525.9449052396411,1302.6114610061054,1006.6528108170326,529.6665891492754,True,2.407849433095652,True
1,852,branch_opposite,864.5173664510017,523.5598659670369,1246.4652341980611,1010.6954091845859,535.8443795058669,True,19.157790464435987,True
1,853,branch_opposite,1071.4987231648292,682.8687013137936,1302.5413496617218,1270.5979604020488,636.2193510515541,True,15.66360528257846,True
1,854,branch_opposite,894.8607055249194,550.9806171898073,1373.0646280888686,1050.8831156752958,541.4035897551087,True,5.568899519947767,True
1,855,branch_opposite,979.5721846727322,589.2071906837064,1178.61237779388,1143.1215064628498,590.4705651811071,True,15.572132797205809,True
1,856,branch_opposite,1219.0713558837588,742.9075117378036,1449.4778351143711,1427.6016747442968,764.3260192943202,True,23.875103452575356,True
1,857,branch_opposite,628.6172874361441,380.292295922712,1109.4573207141955,734.6985262008787,528.5623114398633,True,7.856940746690721,True
1,858,branch_opposite,1061.270226378792,667.5211939990868,1403.3506878685787,1253.7460021216652,631.6123842813739,True,5.697153211872902,True
1,859,branch_opposite,1093.5737881090986,662.8058861544637,1493.519762245896,1278.7553607943496,663.6107129639266,True,4.112821289882387,True
1,860,branch_opposite,724.3641808466311,440.0067498907064,1370.7074090986282,847.5313601531176,512.6047483273406,True,4.198494915828548,True
1,861,branch_opposite,736.9771764497586,459.1697279872378,1485.6313924983376,868.3157246691624,502.74415003493954,True,9.852958073206308,True
1,862,branch_opposite,607.4917660729693,368.117879993643,1127.6404243518186,710.3217717467693,534.2657699496733,True,8.806748461500371,True
1,863,branch_opposite,793.1368042150738,477.33557442095355,1428.5616358540797,925.6971647403279,520.6115289546298,True,5.779939788277585,True
1,864,branch_opposite,1067.6819177611374,663.1189963422592,1383.7333632346174,1256.849824292491,639.1468564847426,True,14.730274150980614,True
1,865,branch_opposite,921.9193275689954,589.1280289621371,1316.2757289263889,1094.078187815698,541.3140964367308,True,9.567581507959988,True
1,866,branch_opposite,1166.76028649399,707.517494301301,1388.3890259555194,1364.5184391872208,720.8060733522877,True,35.93526407953357,True
1,867,branch_opposite,749.4094650796967,481.6891547818424,1458.201978621975,890.8641805491355,490.8970251650301,True,5.490618874061088,True
1,868,branch_opposite,181.87924790032207,116.8124152510109,1049.0541255603862,216.16012854724485,818.5734290791646,True,5.144876488600075,True
1,869,branch_opposite,519.4773251622216,321.39479001316386,1041.4988043299156,610.8611154798627,564.780647223969,True,14.165896609936341,True
1,870,branch_opposite,720.0416170470722,439.7786715702383,1126.9253630161372,843.7210500205895,510.6536691252864,True,6.548890737609873,True
1,871,branch_opposite,164.02607175097336,103.2568563950954,1304.1046185379396,193.82087247418121,837.5977098846383,True,9.013119056941234,True
1,872,branch_opposite,528.5386136524215,318.6767721566679,1318.5277063222482,617.1774066132173,568.3834017300944,True,7.342314423975218,True
1,873,branch_opposite,773.3119962415705,469.9259171166838,1451.6578831842385,904.8987850080688,514.4028418033563,True,9.16432630138861,True
1,874,branch_opposite,1250.7450469305193,770.134970766953,1470.4793026676641,1468.8332259380036,791.1094567155208,True,25.98143661999106,True
1,875,branch_opposite,919.9631954691179,595.4163398091787,1201.4455083116825,1095.834339090316,536.2664953160216,True,9.316364917203366,True
1,876,branch_opposite,983.1723912252048,604.433951313567,1254.5569380304435,1154.1093329351509,586.1853328417191,True,6.621009671182346,True
1,877,branch_opposite,1095.894412164584,689.2999518368193,1348.5090449100262,1294.6501404687679,657.48007171563,True,28.27858207574669,True
1,878,branch_opposite,1098.2246985075785,698.2567993224025,1395.3621916138393,1301.4069487335726,657.1212734829222,True,21.789341047219086,True
1,879,branch_opposite,934.21391913693,601.2150406217315,1460.0602951293004,1110.9523715168768,545.3071206505014,True,6.285184293045322,True
1,880,branch_opposite,461.0942749868252,287.34744723580894,1399.4605840967124,543.3014686696163,596.5011489172971,True,5.875045136409954,True
1,881,branch_opposite,1195.0741300275786,771.8344188828825,1473.9961498864961,1422.6491297693365,735.7991866476805,True,7.1661187580681585,True
1,882,branch_opposite,878.0244292427296,548.1913403697007,1262.1489485810844,1035.1041706047513,529.9878263665208,True,11.288549720667897,True
1,883,branch_opposite,1233.0401767267317,793.5350844555868,1493.7204829071445,1466.3171579451102,770.50171095219,True,54.39412219803719,True
1,884,branch_opposite,654.7727194873584,406.4865206969612,1268.991981538509,770.6870997319157,512.6206708909461,True,8.697892995053103,True
1,885,branch_opposite,481.59659793907446,300.4590625417554,1055.2247713965357,567.6362668205416,583.5133872612398,True,5.872467808106581,True
1,886,branch_opposite,937.7058365853688,595.6065713338837,1160.0743302100416,1110.873270802017,551.2081282432742,True,12.475487886504437,True
1,887,branch_opposite,453.04097330233765,288.16925988227337,1398.873994357616,536.9242458967807,595.8250797119,True,6.665943506875902,True
1,888,branch_opposite,548.6063735008499,350.45288721449117,1297.7489526159964,650.9886167996541,539.4372856206677,True,4.705695102334139,True
1,889,branch_opposite,310.0269103698758,200.08655792326127,1083.1319467281196,368.98687756486623,701.7014423716153,True,8.969471814619133,True
1,890,branch_opposite,966.8406518184752,613.6372463452648,1407.7014082149226,1145.1338420075504,567.4415621421413,True,20.78754048773558,True
1,891,branch_opposite,1268.4227887996158,766.7126890456688,1489.4103517878148,1482.1419360809662,809.0959438002867,True,28.958782569489784,True
1,892,branch_opposite,1024.9883623272315,664.1601186182129,1222.1314011991817,1221.3557246229366,598.8778468105041,True,7.028175337364636,True
1,893,branch_opposite,1236.2159307410243,793.3204417939099,1483.815511599114,1468.8727483298142,773.6807568793507,True,44.73465255143921,True
1,894,branch_opposite,918.9674514559307,576.8016778442833,1161.2987852186743,1084.9891024334709,545.6790075635229,True,20.70271354597755,True
1,895,branch_opposite,978.0093746682276,621.4316988523371,1383.795222669061,1158.740563403836,573.6810953743608,True,16.229714126920605,True
1,896,branch_opposite,464.3583266126931,281.1542582256444,1152.7299440720544,542.8410194642192,602.6662215902239,True,18.174522157474485,True
1,897,branch_opposite,918.2857941867932,579.2374416966918,1147.4328079563172,1085.7093596670327,543.747509421575,True,19.036492423827372,True
1,898,branch_opposite,1126.8531626157298,685.4779671799878,1334.149219991531,1318.9685718720825,688.2057556229141,True,16.960760769170168,True
1,899,branch_opposite,868.5812792685485,530.1737874754097,1421.06233117612,1017.6038932815701,534.4606652244872,True,16.161486928970387,True
1,900,branch_opposite,389.0328904656586,234.25994699993913,1234.6781041238703,454.11927137314865,654.3142754794231,True,4.576050080932196,True
1,901,branch_opposite,1160.6546724134198,745.2117105867775,1441.8832324111645,1379.296836141798,706.5369571237803,True,12.03707535264169,True
1,902,branch_opposite,657.8771555887341,397.5067336411936,1421.1465882099842,768.6442318365594,522.1143250828667,True,14.06889295822267,True
1,903,branch_opposite,696.0049670964844,449.6909361466489,1283.5883780660988,828.6403636532725,490.4248694613829,True,9.632571005553435,True
1,904,branch_opposite,820.2162372805628,495.6433385848014,1133.3967969282294,958.3407509764846,524.2508605703495,True,16.197027628211004,True
1,905,branch_opposite,1032.7811077916283,627.0398421407139,1386.3346156281868,1208.2283642768673,620.5510645353731,True,4.470010087029349,True
1,906,branch_opposite,824.5157446028578,526.2722712619104,1107.9847839416752,978.1557731758141,505.0221184692658,True,18.615747985192524,True
1,907,branch_opposite,1146.8801751972492,707.238713154986,1439.7423545934957,1347.4126070530858,701.616682602389,True,16.23796738778622,True
1,908,branch_opposite,1139.9547328859057,735.4923760403898,1357.5517666123937,1356.6303211422464,688.2800105416196,True,8.545963459048602,True
1,909,branch_opposite,821.5664942846034,532.0909538118717,1456.0557955016532,978.8218876075058,498.8238893391036,True,16.97960780417956,True
1,910,branch_opposite,229.82480015957026,139.26463976582625,1010.2888171440197,268.7267732428084,781.6662449631266,True,11.073875595202106,True
1,911,branch_opposite,767.4540484211358,464.26191761842165,1238.9366087397837,896.95308940252,515.5447086858941,True,14.72044685164175,True
1,912,branch_opposite,1172.9697586451136,720.2458971393818,1411.3294390491283,1376.4491298417422,723.8465982944858,True,7.935444650320212,True
1,913,branch_opposite,628.7154866690521,393.61295677344253,1273.1235915405246,741.7643311169896,515.9193294638704,True,11.827502547482382,True
1,914,branch_opposite,1078.9425876086914,659.923923992509,1371.5085445396462,1264.7595395225962,650.8187845594538,True,16.43924498965798,True
1,915,branch_opposite,1199.9021297804743,747.5644686321384,1498.061714656882,1413.7247807876079,744.6275628274371,True,24.816823071085494,True
1,916,branch_opposite,1003.0064207532549,627.4040441396908,1493.9228499159653,1183.0713058286447,593.4152675025813,True,9.91517635314726,True
1,917,branch_opposite,64.97104757890162,40.34297030466258,1364.9413347569484,76.47739716087875,934.7432405294455,True,22.262873369223517,True
1,918,branch_opposite,965.1291233789011,619.153998300462,1168.0117890495992,1146.658579702596,563.3242798503139,True,15.27939345520907,True
1,919,branch_opposite,986.0741651318599,595.7139549656584,1294.1423896588003,1152.049206970484,592.92558705337,True,13.354900797737237,True
1,920,branch_opposite,937.5013910023788,576.0060394834009,1496.2938272369208,1100.3144167249416,561.5339685135408,True,5.621564549720329,True
1,921,branch_opposite,549.9714450286491,347.97517493814775,1479.5922402351005,650.8112727359099,542.0923259520189,True,11.586045755977127,True
1,922,branch_opposite,996.5032657923601,630.8461738173307,1331.006119528588,1179.4005484799493,586.0632895129646,True,11.229022582583863,True
1,923,branch_opposite,1189.756592924976,743.3182221140585,1497.5653185913097,1402.8694628279752,735.4549731774285,True,25.14796984565897,True
1,924,branch_opposite,1207.0944103826544,738.5818115113952,1479.7926776469178,1415.1254389178728,753.3794807290278,True,7.797044596976683,True
1,925,branch_opposite,835.0257969819264,502.47664528497455,1230.7556308436285,974.5516203270834,529.3741312526017,True,4.556316404635884,True
1,926,branch_opposite,1024.3319583608175,643.5455805453473,1362.3583714146203,1209.713550870104,606.1391106214004,True,7.909613763681537,True
1,927,branch_opposite,542.8193792056035,345.24782788028745,1390.5856443444263,643.3109210150355,543.7561529004194,True,15.715134317230513,True
1,928,branch_opposite,1189.0487841428012,767.183116660736,1439.8947026461908,1415.0642902570733,730.5726793050603,True,47.53961556060962,True
1,929,branch_opposite,1176.4193049586054,728.6973752722558,1448.5462013500364,1383.8216090985004,725.3531694375356,True,17.77964839150778,True
1,930,branch_opposite,611.7068333535137,389.70127974564934,1400.8413295982236,725.2946555757738,514.6260452034138,True,4.909861890397725,True
1,931,branch_opposite,973.7388891439734,627.2660919073173,1178.8813676915042,1158.2876043056053,567.2242401564774,True,20.88693140525324,True
1,932,branch_opposite,558.4657873171723,360.7525634317191,1365.3656221100175,664.8506957402884,530.849857942657,True,7.777971210287938,True
1,933,branch_opposite,963.4371211414957,620.6583291806087,1286.5103969748384,1146.0487982519235,561.1241375776297,True,11.90988416563266,True
1,934,branch_opposite,898.4769614075988,577.2592076178698,1178.8279122302658,1067.9368159960788,528.599364496822,True,7.0810816124181715,True
1,935,branch_opposite,611.505843800536,375.9999014408293,1414.8473135844104,717.8546669665935,527.740331005856,True,9.993376932429157,True
1,936,branch_opposite,1170.5765129144097,747.9481779538829,1436.050410562276,1389.1277297251654,715.7441933559163,True,37.12015524381793,True
1,937,branch_opposite,1258.4645143092102,768.0839360793158,1474.7815061965089,1474.3425201216342,799.0440617196305,True,24.64379219383082,True
1,938,branch_opposite,492.0618198129628,319.34591390248636,1491.7179163347103,586.6060409200189,564.983706807912,True,8.454006075849152,True
1,939,branch_opposite,623.0874771192398,381.39270557904956,1428.2817649009503,730.5466446516107,525.8551861806757,True,7.50797294449996,True
1,940,branch_opposite,928.905200568859,581.6550841340952,1293.5821218711621,1095.9870019954221,551.2477627187957,True,8.471739272691645,True
1,941,branch_opposite,1062.362824993411,680.7905374699264,1394.4467483109306,1261.7806972039841,628.226227157223,True,22.68761150240844,True
1,942,branch_opposite,1256.6135425687355,777.4445284167421,1497.7390741220852,1477.666264801453,795.9077177754489,True,25.711980289524668,True
1,943,branch_opposite,973.9291724908392,616.780796999453,1467.5068496864142,1152.8037927487796,572.2112615069998,True,22.8790614705588,True
1,944,branch_opposite,974.3256822737826,587.9112287940952,1165.8525226197373,1137.9587637873592,586.5822445774332,True,9.670671476674416,True
1,945,branch_opposite,208.91626346756956,129.91051317615725,1452.5314830434738,246.0137121685364,797.1256204172905,True,5.209099930314142,True
1,946,branch_opposite,264.2123532845711,165.9851828829821,1203.8335489524843,312.0244358457652,746.149712413156,True,11.360104460426841,True
1,947,branch_opposite,1128.0166645892814,718.3657457033605,1449.906811316222,1337.337257460164,680.5866660658074,True,17.852813470124808,True
1,948,branch_opposite,1171.6336567124629,716.3574492988514,1429.7370652596305,1373.2783478622873,723.435270547157,True,7.754406097312815,True
1,949,branch_opposite,1077.262143398234,677.7775932768371,1428.5314290551455,1272.7435686528136,643.3027653367564,True,20.11953340419145,True
1,950,branch_opposite,1196.1274971290281,775.0542862582157,1456.383793955884,1425.2824758746547,736.3578631066955,True,26.419743416177887,True
1,951,branch_opposite,778.3722038539807,491.26703860692686,1331.1122657448063,920.4382602619921,500.5169979747781,True,6.57942429138741,True
1,952,branch_opposite,887.7294175273221,560.741289322532,1353.3998670724854,1049.9972915653136,529.7889656956997,True,9.902216448546017,True
1,953,branch_opposite,1255.1851067542234,755.5325952866377,1487.9377833891976,1465.0321343773226,797.7212684459569,True,13.325335586756532,True
1,954,branch_opposite,263.77949924323843,160.1673557041672,1244.455211127769,308.5987784393821,751.8657330214642,True,23.532194739454955,True
1,955,branch_opposite,1218.2844784073304,783.1614124194781,1456.2907234034076,1448.2951592238003,757.1586574584578,True,20.507230990492918,True
1,956,branch_opposite,1273.9874793201861,789.3770147447221,1498.892819828951,1498.7195097388606,811.6544431453472,True,26.70716536230453,True
1,957,branch_opposite,1256.9185755916008,771.2307383900988,1479.2372310619266,1474.6664563571505,797.0639061451562,True,31.35633851605906,True
1,958,branch_opposite,996.2974201479863,609.4031694212056,1341.6780851975686,1167.895873909204,595.4502547884888,True,4.356659344986838,True
1,959,branch_opposite,433.8357048748305,266.4962243537109,1225.1250627174297,509.14993510657,618.2502988258208,True,2.499554489081989,True
1,960,branch_opposite,855.9215516475155,552.4421777804715,1057.8712188546924,1018.72177868421,510.3019685252758,True,12.629128423521713,True
1,961,branch_opposite,1181.8570660835167,719.7357619379411,1487.6712743895816,1383.7650420732296,732.6208696798224,True,45.01121766195164,True
1,962,branch_opposite,941.4829734566526,596.4992459414922,1311.2095165748653,1114.5409547062634,553.9678467180736,True,16.00673203080055,True
1,963,branch_opposite,1104.897925026161,664.7909776936098,1386.0121217171288,1289.4752687624302,673.6509464468503,True,21.71365816786558,True
1,964,branch_opposite,920.9699799799484,591.359465388868,1107.621765870753,1094.4823988211388,539.3046944118831,True,8.155642008281037,True
1,965,branch_opposite,987.8558919197047,606.4936591655891,1473.7117572711863,1159.1780802829828,589.3348998979935,True,24.457778375777224,True
1,966,branch_opposite,1164.763237674358,716.6527872200669,1380.080169401065,1367.5761833506547,716.6842594848418,True,40.53398910462247,True
1,967,branch_opposite,418.4985787506813,267.42629866108416,1064.6760027575071,496.64664061272737,618.356245344853,True,10.270824227315781,True
1,968,branch_opposite,1075.1471403783069,655.1485994448309,1419.6306010745404,1259.0317949989087,648.9235588897974,True,17.346533556345726,True
1,969,branch_opposite,676.959848229191,422.17391004634067,1142.009883224752,797.8129144343961,506.79103318773,True,8.404281759393802,True
1,970,branch_opposite,714.4964449002875,459.36042709210597,1286.655944478602,849.4216689921394,490.91198629199266,True,12.900967075761718,True
1,971,branch_opposite,564.6882638557613,358.5545863029834,1321.355032088008,668.9052449303545,534.108817052349,True,3.7896493204966677,True
1,972,branch_opposite,1251.9026749182904,792.9983942464406,1487.3084529652638,1481.926705591408,789.2989570117663,True,26.850051893527592,True
1,973,branch_opposite,442.2576024055171,268.73995649818653,1147.1235303082387,517.5064744562368,615.6024442548521,True,9.143353645624916,True
1,974,branch_opposite,1077.1391895578458,683.0909179501142,1453.7241534824966,1275.4771796732637,641.504010763868,True,15.134068294961372,True
1,975,branch_opposite,868.7975527512327,523.3336825138867,1144.425044027078,1014.2422446930894,539.1717691238396,True,13.923978438036048,True
1,976,branch_opposite,272.995665261806,168.9430474191658,1481.0593524061137,321.0426553014576,740.9464802866726,True,10.911127835254648,True
1,977,branch_opposite,1057.8170866590026,685.3133932464909,1430.9717502529998,1260.4092334598154,622.46912442544,True,15.575185361755569,True
1,978,branch_opposite,1141.004865121815,734.3037213991672,1448.4303665444297,1356.8692116384384,689.5622481150183,True,28.05469905333581,True
1,979,branch_opposite,1101.8998719666722,687.7617644125967,1470.915799285508,1298.922465903218,663.6718399413794,True,14.78932796864081,True
1,980,branch_opposite,395.3677243294893,238.13181775727458,1385.8552587375216,461.5434974841081,649.7336494845007,True,14.518897139446207,True
1,981,branch_opposite,1140.6678908738809,695.9657548843659,1356.0437154033257,1336.222874090409,698.5527151451965,True,25.277893496629826,True
1,982,branch_opposite,763.4987828708088,488.2912813066236,1291.794960620672,906.2884567538475,493.8080302322161,True,8.81013164103848,True
1,983,branch_opposite,1034.7256942892025,621.8185124273092,1331.0843700335615,1207.1932425339298,624.4943298642287,True,10.566507875302948,True
1,984,branch_opposite,834.9322161022035,517.9250808163746,1291.3235806992027,982.5264346693094,518.2903549069636,True,7.434821355897592,True
1,985,branch_opposite,893.1790209628462,559.9247650197016,1332.805953556555,1054.1747985844265,534.6126680768627,True,6.895963430249381,True
1,986,branch_opposite,809.7635835341509,491.3668437717159,1252.3343477969208,947.1844785342756,520.4998332468776,True,5.347914012796388,True
1,987,branch_opposite,1023.6891912189928,638.4382937515797,1235.319552641318,1206.4588742045971,607.5935638468588,True,12.701468231089866,True
1,988,branch_opposite,562.5383969047085,357.002017778449,1334.285529628641,666.2581246709142,535.251205492477,True,5.90112948178757,True
1,989,branch_opposite,618.9239956492299,379.05444877695265,1305.904332319827,725.7748876394163,526.8807700442811,True,9.662608546479555,True
1,990,branch_opposite,1231.1750952249215,774.0507506501986,1467.0437949209038,1454.2856252071774,771.1806604687845,True,14.527755773937828,True
1,991,branch_opposite,988.9514612225702,618.3753719303884,1192.8566995858987,1166.3674777977578,584.8140041381305,True,10.752944651160533,True
1,992,branch_opposite,1054.6381330516622,646.3534703142711,1479.0819546660914,1236.945593093729,633.0178999537699,True,17.951711934347145,True
1,993,branch_opposite,1054.9994633836945,638.3283600767136,1418.2517816589618,1233.0802743609638,636.4051246585096,True,5.5511929943761915,True
1,994,branch_opposite,741.877729809328,453.9289957752592,1263.8237199251876,869.7321996986069,509.7958490501746,True,12.073492647913891,True
1,995,branch_opposite,965.4605909963523,605.6517740034719,1324.8888285688895,1139.7053233711679,570.0817758703869,True,9.963691025251718,True
1,996,branch_opposite,809.9811501539821,513.8642145244664,1079.0158966411304,959.2319295006888,503.90191450479114,True,10.499564464013003,True
1,997,branch_opposite,753.59486201396,462.49974292665365,1093.8471287644525,884.2008981340497,509.0731738836699,True,12.061682477192221,True
1,998,branch_opposite,749.9632966900268,477.6123388875781,1398.6298084055352,889.1335628800861,494.55782603104484,True,8.09378751980845,True
1,999,branch_opposite,608.0870133517767,387.9061175071383,1020.8770292508985,721.2773196257773,515.3530810719003,True,0.9894150363719588,True
2,0,branch_primary,112.59467876959646,68.74341988955774,1224.1263888064589,131.9212623701754,887.5763062801573,True,15.48977664240129,True
2,1,branch_primary,179.15093959941123,110.44298842387863,1443.0776645414624,210.45833994249045,823.9443511385655,True,8.59606509328517,True
2,2,branch_primary,751.6164267171571,470.2108295685599,1008.2284734419457,886.5807786967981,502.5180471033099,True,8.527280740616522,True
2,3,branch_primary,590.579541544546,368.2899559220185,1031.6412672694055,696.0040851345691,528.7317234473458,True,10.537339166788078,True
2,4,branch_primary,1222.3499993322462,782.3185988735765,1453.7831804920309,1451.2621785918138,781.71094759846,True,9.439339276729452,True
2,5,branch_primary,627.5640785441256,400.6555170717164,1381.8346882463957,744.5545755946583,522.9038545171196,True,6.2269290221122375,True
2,6,branch_primary,909.7921507940184,552.5943091807569,1349.1104297827424,1064.463352203994,527.214842362974,True,2.735448421269327,True
2,7,branch_primary,954.417686769566,580.4720174470127,1146.0133312763196,1117.0769373044877,549.2618776143553,True,13.331443986982459,True
2,8,branch_primary,451.42873916830285,279.95091801136624,1027.9304541130605,531.1877474513981,601.0710042615933,True,12.377820957008403,True
2,9,branch_primary,1208.3942706408432,781.4610641567974,1484.4700652193894,1439.0615372911227,777.0206578031961,True,8.073023826242045,True
2,10,branch_primary,1243.2472609049853,764.904099372222,1487.8432316368683,1459.7061461075577,771.3830964342068,True,24.46252156850281,True
2,11,branch_primary,833.5648299022398,507.3201530920884,1467.8702175621884,975.8094400974659,502.4361852861334,True,4.354819094231489,True
2,12,branch_primary,1168.3670211380754,737.6865905693683,1385.4113135016264,1381.760833859796,724.5902747533854,True,15.996399101044208,True
2,13,branch_primary,467.12119905792173,303.2368487488056,1477.5438328544337,556.9154343779821,596.9701169781338,True,10.421892730426496,True
2,14,branch_primary,1247.7408430097585,775.5525457794645,1472.228125036525,1469.1286405824749,782.9064397701303,True,41.80162448267099,True
2,15,branch_primary,1145.7593496264863,737.140238850764,1404.8786762396849,1362.4023704432807,719.1210156333678,True,6.679318973915524,True
2,16,branch_primary,705.252240369777,446.87412972224627,1264.4022732942626,834.911498520415,507.7369484724093,True,7.5039527392460785,True
2,17,branch_primary,873.2034379558968,562.6972402839945,1221.9792125125628,1038.8033636262548,544.4769222093364,True,7.99904415886357,True
2,18,branch_primary,1221.4386284850711,746.6250900994814,1488.6320102629534,1431.5590621142917,747.2972713724301,True,15.089404357856127,True
2,19,branch_primary,399.48645096084255,244.5829928422739,1320.64448311579,468.41249437752344,636.1623076053673,True,10.810258754974331,True
2,20,branch_primary,1064.7818743437663,654.1666494915239,1483.7861935304577,1249.6777365537046,624.5332863187562,True,15.704373223924446,True
2,21,branch_primary,1048.601658124971,658.3302039574837,1332.6797994981212,1238.1292722753712,627.1992733225444,True,22.38262266276206,True
2,22,branch_primary,1103.4225887340172,713.6059238420888,1362.7917495674346,1314.068043851231,688.442405817294,True,21.02847607342407,True
2,23,branch_primary,487.54809990069487,312.30836702513704,1262.1085701223433,578.9988478664579,583.1182677541785,True,6.235645850784331,True
2,24,branch_primary,988.5067148735178,597.7659903924687,1394.4716916105826,1155.1924967813472,564.8125172784186,True,11.362243865571749,True
2,25,branch_primary,1020.9322849644241,659.3964824331149,1232.2678572565542,1215.362683122962,626.7050988759224,True,15.82815767012008,True
2,26,branch_primary,1069.8520740325048,671.4046557998881,1464.4112106879181,1263.0786484385753,642.2152554065812,True,3.8002531227768865,True
2,27,branch_primary,962.7462002852471,622.9300350577279,1488.0229844213736,1146.7005165869175,591.0114991434468,True,20.292794942064187,True
2,28,branch_primary,385.55212937601743,238.46559005787583,1039.4709673447692,453.3390366028853,647.3533701580352,True,13.51483428117448,True
2,29,branch_primary,1020.8852394757482,616.547668636998,1303.2744098280764,1192.6180024975195,583.8815760918609,True,22.819583088808468,True
2,30,branch_primary,892.7524505838965,552.5418234823622,1156.3147761829587,1049.909236420352,530.3271715665554,True,11.615260339735913,True
2,31,branch_primary,824.3196280604811,525.6954995898566,1192.2494280179,977.6802173997379,522.8403189289996,True,14.032991724145624,True
2,32,branch_primary,388.56512633324655,244.81514434398392,1123.5166317075314,459.2573486647084,646.5484429455021,True,3.520700409057369,True
2,33,branch_primary,488.11577118374987,308.70777686064525,1497.0752655964232,577.5443684882996,580.9028247737183,True,10.005618236613534,True
2,34,branch_primary,1259.2327202561426,812.9076902988803,1499.9808312675584,1498.8281945275598,821.9783494316391,True,27.14299809316018,True
2,35,branch_primary,1204.031657975472,735.5864696347237,1497.3437946528072,1410.9499238870387,731.7078148079237,True,16.518470143756478,True
2,36,branch_primary,1170.1651303010115,720.1328430293116,1467.4987940094536,1374.0006345638499,707.9634128272613,True,27.1427333351553,True
2,37,branch_primary,1105.5598171416227,703.7691960773434,1384.8539045470352,1310.5546881475677,679.0507995590177,True,17.48584352906481,True
2,38,branch_primary,647.046007740388,408.1698366964455,1236.0294803393344,765.0301639292252,514.6830834819833,True,10.5988059637813,True
2,39,branch_primary,1029.9317538112973,639.4946178191178,1396.6044330088757,1212.3171135179252,607.2004675916229,True,11.341576775146144,True
2,40,branch_primary,842.3521908640587,532.5276213923106,1151.1792567173445,996.5655427513193,523.5925198905857,True,14.02608614266631,True
2,41,branch_primary,1116.9565437305566,717.4747415899977,1394.457540211602,1327.5398018146743,694.4286360716804,True,13.525313074468324,True
2,42,branch_primary,688.9163486213131,432.8296636714376,1346.7337787691781,813.6014092611027,506.2108098250928,True,8.031384632229308,True
2,43,branch_primary,1050.0434022968545,661.122251810458,1421.2075015813502,1240.83591926817,630.0968911187682,True,10.895428878836194,True
2,44,branch_primary,612.3454316122428,389.83490006502547,1147.8555728741053,725.9050743210797,526.4420272027867,True,7.165399056502279,True
2,45,branch_primary,1194.8902709464198,731.5916116408032,1499.160913733117,1401.0671096794745,725.3568785500844,True,22.583575920973868,True
2,46,branch_primary,1241.6020671480326,777.4494275728139,1466.286254461065,1464.9243344212573,782.7849365431094,True,10.318260461991624,True
2,47,branch_primary,569.4267838310691,347.6585261583714,1054.6006955481932,667.168129450745,532.818340903634,True,13.417182430669431,True
2,48,branch_primary,1046.4886355454978,636.0069373748917,1314.3718098356037,1224.5992359604293,604.7791764561271,True,14.253758018315146,True
2,49,branch_primary,813.7877278995634,498.57591018245813,1174.8539747257648,954.3733044748268,501.1758233347525,True,12.489595232447156,True
2,50,branch_primary,482.5485446235243,304.85121992545794,1370.71833191507,570.7778588981193,584.0045526151698,True,14.814694494398045,True
2,51,branch_primary,1102.2589021232402,683.3047079038441,1418.115374996561,1296.873166949447,658.3219002221101,True,17.167841527200096,True
2,52,branch_primary,671.9206877313433,429.0498571056429,1407.3740689297833,797.2209169883427,513.8929658702639,True,6.639188348553238,True
2,53,branch_primary,984.1383913504129,627.0756203919753,1406.2100080459866,1166.9413897106226,594.2134519306521,True,19.677707437993757,True
2,54,branch_primary,1089.8437888016501,664.5190683884779,1330.0652488238675,1276.4580197724586,637.896177649146,True,15.748582398152038,True
2,55,branch_primary,833.1054098484601,538.6815250075026,1377.7730707094051,992.0899199685376,532.2830239755166,True,14.640714969172377,True
2,56,branch_primary,1186.2150937821777,764.9656030608007,1460.6477660169257,1411.481003266723,755.3584508472534,True,35.16966802778771,True
2,57,branch_primary,328.80791700343406,208.0654181993864,1384.0962804653443,389.1090650892404,693.103449058355,True,10.763989574512559,True
2,58,branch_primary,1160.9871996746385,704.0776357097167,1399.6392197452642,1357.7984367773236,690.1872419241282,True,35.81779765338754,True
2,59,branch_primary,592.3040568439475,361.75333452436854,1460.6998882731714,694.038594599247,523.2687359572177,True,12.239203197420396,True
2,60,branch_primary,701.8698360077974,429.92414273065697,1177.1217653987792,823.0771745105696,496.0417955627803,True,10.112504414255913,True
2,61,branch_primary,986.4189685278399,594.1266747655832,1411.9684156569879,1151.524592503146,561.2184965353156,True,11.669145001629174,True
2,62,branch_primary,1211.3495626192123,772.8889621914356,1447.415664046366,1436.9151369287997,769.5762028672445,True,19.25461743638975,True
2,63,branch_primary,955.2435293030638,576.8737151600571,1261.7781987602891,1115.9182243865096,545.6082332851116,True,18.48096237704415,True
2,64,branch_primary,1021.6993774201449,624.71344039564,1211.342209808579,1197.5543830789768,592.0719516465178,True,23.69327067595898,True
2,65,branch_primary,432.8616305299299,273.20721204679774,1015.8900270842183,511.87046398421296,615.3837079792073,True,2.985523451959122,True
2,66,branch_primary,676.3959342954944,412.54227621509517,1065.4511920379264,792.2768389876146,498.3705906615249,True,7.211234500041616,True
2,67,branch_primary,1191.2940979061088,751.0400638071175,1460.7527835478181,1408.27653717206,743.1681240354338,True,39.660013331485885,True
2,68,branch_primary,1065.3689539039299,668.8168834042262,1270.2717316513672,1257.9058118431985,639.1652634564003,True,23.894491832839343,True
2,69,branch_primary,994.7264582036652,628.2470647520314,1287.3810591171477,1176.5097114006119,595.2062727345791,True,13.788631880857183,True
2,70,branch_primary,1110.0342852954182,684.4195985364825,1467.320259922731,1304.0729662837696,660.6799776919136,True,30.80003264356337,True
2,71,branch_primary,649.4570896371073,419.9642779787694,1384.5547602609154,773.4109554810628,521.7208685804704,True,11.529067745975114,True
2,72,branch_primary,686.1636886325077,433.787459684512,1313.8353694596049,811.7833256339471,508.6583142478824,True,14.455098253131208,True
2,73,branch_primary,1075.1892899285638,666.466980426181,1328.4713879533838,1264.9941680401062,637.9191838417591,True,10.729728375363255,True
2,74,branch_primary,1095.7843668292803,696.069656379562,1406.055372233365,1298.1742352703693,669.9716736351239,True,14.998442798779736,True
2,75,branch_primary,1050.2391419577752,662.559907363823,1489.1473524960052,1241.7680484479224,631.5456261733988,True,20.989520425780555,True
2,76,branch_primary,785.3915069696552,494.65306507027253,1040.2597511047168,928.1818108557618,508.81337330050974,True,12.81073889364103,True
2,77,branch_primary,718.7719448167621,437.2779781828876,1341.5586270677632,841.3353308041833,492.112383279341,True,12.300561360979803,True
2,78,branch_primary,1220.75911002787,792.4225993969143,1473.5212179413622,1455.3990451937914,790.9541371435755,True,23.177029581591892,True
2,79,branch_primary,1230.7627411864048,757.0727621474839,1486.499904726643,1444.969235754967,760.0652161888981,True,47.9192489400389,True
2,80,branch_primary,755.5672207433382,468.42328234909485,1080.707508008934,888.9894242950882,499.0210708606523,True,6.349674461688052,True
2,81,branch_primary,740.3431021299375,450.2211143460662,1007.776710377277,866.491177493685,491.08237440156046,True,9.54252001240598,True
2,82,branch_primary,395.2772354409196,247.32674558949878,1215.771055210198,466.2773980601128,641.0454301579483,True,12.540119477535105,True
2,83,branch_primary,556.3616836285404,359.7077416951057,1138.535878816972,662.5164016425382,550.4809601750642,True,6.515087195971517,True
2,84,branch_primary,385.2773519668314,232.0158298439042,1495.5209159494998,449.7443532016041,645.5972381471043,True,3.2478438615126635,True
2,85,branch_primary,561.0555959112031,338.27847623825625,1276.0330494671957,655.1455633592826,534.1827454169287,True,6.135723349040331,True
2,86,branch_primary,882.9183023021917,548.7914360133839,1464.7109815973154,1039.575282883263,528.7341400378209,True,16.159575722867963,True
2,87,branch_primary,975.9304399322382,623.0534389423885,1461.999374973961,1157.858286390985,590.4626182445929,True,24.55613726984772,True
2,88,branch_primary,886.047186335323,543.4557530312752,1388.029067133309,1039.4343519027707,522.8434155612097,True,19.64110653320134,True
2,89,branch_primary,1069.6279225566423,645.8369249601435,1376.2870586440783,1249.4835838676763,616.7824270878812,True,9.511766633934876,True
2,90,branch_primary,918.3983431733545,585.6484334722204,1145.598143866972,1089.238084337868,558.5019071247933,True,7.760872730311985,True
2,91,branch_primary,1262.3662564090687,780.9397772091872,1491.931566505036,1484.3973527825297,792.7471191809702,True,45.494334201129,True
2,92,branch_primary,901.3904859251377,555.5958072279443,1251.6039694810102,1058.863309934586,531.658216603976,True,1.1972541145631352,True
2,93,branch_primary,831.8887697762675,511.4913815185258,1340.5735510109107,976.5563776083806,506.9269232399346,True,14.786073366753971,True
2,94,branch_primary,1078.6267102647103,663.1100817004476,1350.2544419771025,1266.1558200115992,635.0055692051999,True,5.812571779424529,True
2,95,branch_primary,1120.1392367649914,688.4994937188865,1346.624289363728,1314.816893180043,666.4582351188068,True,22.551237745800876,True
2,96,branch_primary,1061.7360516595709,656.2031551330133,1409.9805503726568,1248.1530451832325,626.2484078110845,True,30.636984876278277,True
2,97,branch_primary,382.7557616763628,238.28518824255502,1491.3539375779249,450.8678343286894,649.948854992334,True,8.758017498923918,True
2,98,branch_primary,589.4926371190004,364.9617623694683,1248.8907755761252,693.3243520960026,527.4721641174986,True,9.587805379659061,True
2,99,branch_primary,557.9481653377533,345.6801535557658,1415.2614255956155,656.3542669672397,540.9791970635898,True,3.8556749547694427,True
2,100,branch_primary,1083.6164492209627,680.1601514957549,1426.3047706845437,1279.3914337312783,652.5508366641052,True,1.639229085945652,True
2,101,branch_primary,899.6577770575439,555.5823528864956,1493.5070473093672,1057.3816088144413,531.9673203168531,True,14.755273032064569,True
2,102,branch_primary,995.898931754071,632.1547320858333,1467.3344818587132,1179.5907288409026,599.1057142062256,True,12.933518301429652,True
2,103,branch_primary,674.6557130560425,408.57858205892137,1301.59667879072,788.7311258448192,496.4957813655697,True,11.397101105560207,True
2,104,branch_primary,1069.142786195306,687.3184739204041,1451.9087802237289,1271.012581316855,657.9599809569194,True,29.641240628064324,True
2,105,branch_primary,466.11327299711195,302.0620083717571,1109.9884466300305,555.4304998518354,597.3390907366943,True,6.34194082371315,True
2,106,branch_primary,541.6191949735755,335.90277018189244,1460.202856690474,637.3241117200049,548.9318287795087,True,2.6311998640372263,True
2,107,branch_primary,786.6245144522987,473.3809689775037,1236.004949234885,918.0782474971264,489.05937138322207,True,14.569748916710875,True
2,108,branch_primary,1228.899676212613,775.9528253199671,1466.525787447592,1453.3744188327744,777.5191327802437,True,9.217331902734268,True
2,109,branch_primary,710.9250383052093,444.99349102639485,1131.767818526533,838.7094950846339,502.9295851635076,True,11.833288380967383,True
2,110,branch_primary,667.4385634282532,404.7874576038744,1214.488065632547,780.5940825964407,498.412950149881,True,9.903475493925596,True
2,111,branch_primary,712.16198852859,433.6508724818631,1000.3518927607831,833.8032004671586,492.96018442707435,True,1.0456005358200449,True
2,112,branch_primary,1245.0549715901332,771.6423099784917,1497.6597389743797,1464.7845359745745,778.3473617901311,True,15.82199463849226,True
2,113,branch_primary,897.7028523769445,567.6838150448432,1279.498167926731,1062.1371498208553,544.2207845605736,True,13.843169031918274,True
2,114,branch_primary,772.9720288710274,498.66462435258177,1249.9943386121495,919.865297202636,517.7662386304293,True,2.253800272084209,True
2,115,branch_primary,364.55724615692793,229.1202945446827,1394.8285663374822,430.5787908127444,664.4794321344099,True,10.622882362849227,True
2,116,branch_primary,1079.2304608737804,695.0070525627184,1438.5427244440173,1283.6561809105076,666.7374762263022,True,20.30553918918659,True
2,117,branch_primary,681.883620689663,417.90579743185697,1333.6274306093421,799.7565427628588,498.95608919051307,True,3.6222685520202402,True
2,118,branch_primary,1097.1313678603376,712.272665053595,1381.4303155973182,1308.0632965287446,686.2007198043162,True,34.67840975035154,True
2,119,branch_primary,1197.2325395064563,771.3641408952288,1469.286544471315,1424.2079874485023,764.3364741192675,True,4.7805975453170575,True
2,120,branch_primary,985.7302636168718,605.1949134586114,1496.9942486276777,1156.6870950634677,572.2999076161756,True,7.365514551663805,True
2,121,branch_primary,453.1228424232727,281.98179060672476,1357.8300915052068,533.6984547096991,600.366001455769,True,10.240637262928765,True
2,122,branch_primary,1244.6213016309969,807.136137100631,1499.447884454277,1483.4254036814139,811.9740464527537,True,42.98556509802595,True
2,123,branch_primary,1160.4901602872758,705.6288745520824,1450.6741453489306,1358.1787513892364,691.5795858511145,True,27.770976507848147,True
2,124,branch_primary,937.2949188846059,588.5875587059925,1253.1429808229536,1106.7777912618142,558.9946597954591,True,9.495782958440026,True
2,125,branch_primary,273.64873597834435,171.48218753934668,1240.1045291401992,322.93926881973533,738.886465751179,True,5.58744995201259,True
2,126,branch_primary,414.2002845287862,264.28062811597374,1187.565556543286,491.3309740908882,629.2728906879629,True,8.214307881473509,True
2,127,branch_primary,1130.0713694503365,703.9889850378145,1380.9834341787753,1331.413456108181,683.5256753332403,True,29.457944194075285,True
2,128,branch_primary,1129.9200350263352,728.9457002043163,1390.8992873195587,1344.6490692371283,708.010638611616,True,13.470506953351299,True
2,129,branch_primary,1123.0390959478,688.527702686925,1480.1608572621578,1317.3030055361546,667.0171749406408,True,17.576384215550693,True
2,130,branch_primary,938.1806155594813,598.1041219433358,1142.081820160796,1112.6146718865323,568.357023923311,True,20.67106880922399,True
2,131,branch_primary,1089.0550859559162,692.0734863179381,1415.9900547258449,1290.3513826515293,665.0773018236576,True,7.083673462028673,True
2,132,branch_primary,1079.8397952755797,698.4619682794963,1303.8491237814594,1286.0416418583318,670.2405070928866,True,10.680100943097555,True
2,133,branch_primary,229.1506966989373,139.2477605251416,1174.9673344811306,268.1417173974903,777.587398581341,True,11.567291520952892,True
2,134,branch_primary,743.5719654940547,471.8004952130184,1292.2318335921773,880.6219252051023,507.9063952479436,True,13.249734594280719,True
2,135,branch_primary,1090.8329625437075,678.0695832964361,1456.0843803057066,1284.4044970194102,651.4508077487226,True,23.059627704734005,True
2,136,branch_primary,918.4675284547384,580.2450139387788,1099.6890581685648,1086.4008822835929,553.1461175466999,True,7.807877700771722,True
2,137,branch_primary,1236.3128076908388,744.6091377705777,1456.2685191922408,1443.2297552752466,749.9367876908544,True,34.04466559240605,True
2,138,branch_primary,1259.6143467369764,787.6568940137769,1491.0656440108198,1485.6081869702555,798.185980958623,True,10.412040269715677,True
2,139,branch_primary,734.2248832138283,452.6749203615031,1487.1088255939903,862.5547882045829,496.41032031375914,True,12.776394463338645,True
2,140,branch_primary,642.5734956513659,390.34479491870763,1489.8331185489726,751.8442366832002,504.99108087674233,True,7.643603822577618,True
2,141,branch_primary,632.3545118772632,383.84516699345136,1169.3564885020955,739.7359940652898,507.75202802832337,True,13.954722048755077,True
2,142,branch_primary,259.81997703199875,166.08087410396894,1083.5689315869645,308.36549289446566,751.4999967249598,True,15.6192640112932,True
2,143,branch_primary,488.01754314474164,314.0408525690739,1426.4297966182785,580.32988851113,583.5384341697664,True,13.926316442379095,True
2,144,branch_primary,852.8068772871355,512.8776180352284,1384.4827695956008,995.1497480428385,501.7275799635236,True,8.022620098561815,True
2,145,branch_primary,958.1650990673747,590.8232192037274,1335.9852843144672,1125.6786545995476,559.2897456324662,True,17.226758124385,True
2,146,branch_primary,1260.8492863893503,778.2650867433623,1487.6069299726569,1481.700870024779,789.7208950524623,True,9.99027224197181,True
2,147,branch_primary,499.73477828996715,312.9650293465652,1198.9919227768871,589.6456208829326,572.7702460433406,True,2.7890291393199838,True
2,148,branch_primary,989.8130754664876,600.8390044904459,1276.4369112572945,1157.9021693051172,567.8612776956447,True,19.08849632353576,True
2,149,branch_primary,260.1870255759704,166.50398720459947,1175.716117072187,308.90268052106654,751.213792616186,True,0.632058157858938,True
2,150,branch_primary,442.97454279823097,279.91155224379503,1046.8602312459489,524.0008803874593,608.7730323596932,True,5.6905323909853385,True
2,151,branch_primary,571.5601135567617,348.60726820168736,1203.9154321877402,669.4833760834257,531.6606108068589,True,2.245573884039884,True
2,152,branch_primary,1116.6600008148112,717.179535195082,1344.0926143556653,1327.1307558497647,694.087551210769,True,11.76963582140623,True
2,153,branch_primary,1099.189553714864,676.9432996495148,1316.698654845953,1290.9182413833396,651.562407709373,True,10.812346601478739,True
2,154,branch_primary,838.8463929602297,541.4506901935024,1194.1136251769747,998.4148040235623,533.1567728510281,True,6.738635333455078,True
2,155,branch_primary,920.8225115113249,567.4971912315123,1171.391744050547,1081.6502021271385,540.1910711948927,True,20.499764258644202,True
2,156,branch_primary,970.9347463993965,610.7604774654228,1455.383057247941,1147.0582559745828,578.4044088984991,True,26.74215041771554,True
2,157,branch_primary,1071.2890932434375,685.7753140567133,1331.473195845463,1271.9858893368,656.6568525829683,True,10.367378722230614,True
2,158,branch_primary,905.4058989810447,568.0098015733847,1147.2471460233571,1068.8287873149327,543.1543868804015,True,20.582658498877827,True
2,159,branch_primary,1003.2016783150359,650.2482905656625,1249.4239912987898,1195.5067740325317,617.2001103599503,True,30.142166742706078,True
2,160,branch_primary,753.4789551058722,477.78922863032653,1407.9231997132388,892.1956527480951,508.220321892181,True,13.604297913711886,True
2,161,branch_primary,412.2647143080984,253.33350061679573,1049.5172443796262,483.88020955428425,627.145231143944,True,9.669302880294213,True
2,162,branch_primary,163.5498858672271,99.48704245878031,1273.6190752464286,191.43206832810998,838.5387690080082,True,16.504203714284507,True
2,163,branch_primary,1006.5433380638049,623.1587961841917,1451.2526744468155,1183.8312281158821,590.1418248985705,True,17.42700508625274,True
2,164,branch_primary,1140.1505318916297,703.5501209207591,1474.4232141073028,1339.7484868513122,685.0936264921376,True,24.636194737640647,True
2,165,branch_primary,850.4098324893112,537.9450877184739,1173.9745648535504,1006.2712360963792,526.4250886733059,True,3.08826269631691,True
2,166,branch_primary,420.321042854467,264.7769974226511,1001.4862558113075,496.7661798375784,623.7685769150011,True,15.429610044769795,True
2,167,branch_primary,793.3835482753204,507.3404043064028,1328.6515368511577,941.7280608093411,517.1141983718717,True,13.528030883479438,True
2,168,branch_primary,843.1968973142357,540.8261728458542,1262.6693377501106,1001.7354725053154,531.2654895322129,True,11.079277031934149,True
2,169,branch_primary,1046.2050234496473,635.9003227401877,1378.103875995289,1224.3015035326682,604.6508897836741,True,15.065409242738088,True
2,170,branch_primary,726.5662272474842,437.8391993151025,1316.038075380042,848.2933732109034,488.17410276458185,True,3.7182931365195335,True
2,171,branch_primary,981.3809352920728,615.5956443626399,1200.9499012832996,1158.4759546546477,582.8163522788154,True,10.596668998857467,True
2,172,branch_primary,999.6605565181508,609.0932445632018,1289.7493737210225,1170.6048901447095,576.0337196923704,True,10.949122547516678,True
2,173,branch_primary,1193.0833014044265,765.5296240167387,1463.5484547859724,1417.5624745799723,757.6311350247624,True,7.588267896216718,True
2,174,branch_primary,679.4640717108418,431.60053133406507,1216.2106440297234,804.9536902168493,511.1047482222366,True,9.351937266102519,True
2,175,branch_primary,930.5353200475693,559.634817156479,1416.7052936321659,1085.8577763362005,531.0660963098652,True,21.139617164999066,True
2,176,branch_primary,1105.125789957946,693.5131357346398,1406.6190620552288,1304.7081976697575,668.8539305598063,True,35.01597604820325,True
2,177,branch_primary,878.2120178965308,560.6993382474062,1440.1316225865305,1041.9405435479396,541.3900645792482,True,3.809742325253216,True
2,178,branch_primary,1193.5233348373133,755.3188134338094,1429.5791705148088,1412.4462682623503,747.8780463397732,True,25.209245924028473,True
2,179,branch_primary,866.284555612304,559.3639356593325,1059.635751877638,1031.1823038671216,542.8906245850252,True,7.167083508743843,True
2,180,branch_primary,575.9719876794791,362.8706082901565,1133.0975317863122,680.7487120460223,536.7604853108203,True,8.431407835704302,True
2,181,branch_primary,592.9747139681158,374.6007061761739,1103.0153118049775,701.3876962659502,530.9192609843032,True,7.565153180208938,True
2,182,branch_primary,111.33087434348492,69.48375151476199,1089.6369473872905,131.23473361366655,888.8691199785735,True,5.600384024932911,True
2,183,branch_primary,1284.3717697354864,771.7379581533964,1498.7509023688756,1498.3959152868238,791.7223375009077,True,30.670921694546823,True
2,184,branch_primary,670.8426925747845,414.3022275893023,1150.5972522094817,788.4644912527417,503.3199340527167,True,13.431109173807062,True
2,185,branch_primary,918.2378269536079,595.6078227154808,1101.2999830914648,1094.490468358843,568.380604948218,True,4.035293093938534,True
2,186,branch_primary,1014.4337802580703,651.2789366180434,1444.9712429131985,1205.5041052650997,618.4008467738878,True,10.33636180603289,True
2,187,branch_primary,542.86498052448,327.72699351931624,1280.3444540730552,634.1193652310691,543.4168424462069,True,8.673051384705776,True
2,188,branch_primary,45.27670289971298,28.668757772251574,1135.2221182636654,53.58990107914842,954.1867828384239,True,13.274791935861975,True
2,189,branch_primary,828.347139143706,532.4173335008932,1273.0546112585691,984.6965014357285,527.8593852670655,True,7.37954604406579,True
2,190,branch_primary,685.3912995977796,430.06077468960865,1477.948087131866,809.1436853185963,506.2064353436333,True,8.553157040051598,True
2,191,branch_primary,72.20842263818061,43.62743011646626,1241.300486709782,84.36473764826903,927.305180007453,True,13.66004807785879,True
2,192,branch_primary,957.4583143742984,619.7835361442828,1188.9943586718523,1140.5516452313698,588.2249633429984,True,8.627559158966076,True
2,193,branch_primary,588.5555197011697,360.29821002146423,1479.0649575521547,690.0814444073867,525.2829589559883,True,9.03136805240911,True
2,194,branch_primary,539.6919453508694,329.40001390240866,1015.6367719142033,632.2750707053955,546.990167338626,True,12.968031726998488,True
2,195,branch_primary,1193.806472476198,774.2475692910655,1447.0077302730897,1422.896058143105,766.2459039011158,True,22.29621209142919,True
2,196,branch_primary,858.1939801783886,520.1641313950317,1179.8195887737697,1003.5275936437286,507.1736195495791,True,7.627197976890647,True
2,197,branch_primary,524.3617938062657,340.08661354511344,1177.7231502626917,624.9913563532764,565.6656509734395,True,6.762799366702982,True
2,198,branch_primary,450.8335424809953,277.86636690332415,1100.8258227150886,529.5853102966661,600.7612682114104,True,7.277933057452339,True
2,199,branch_primary,1080.6627537017512,680.5477197101635,1468.793975757933,1277.0971717300743,652.5610132821188,True,9.228188861930683,True
2,200,branch_primary,773.5943648769623,483.8166062918307,1426.053732225681,912.4290382781201,504.17676370363324,True,13.100240660944365,True
2,201,branch_primary,622.8649886946018,375.92578507089235,1068.4856345740893,727.5170032533214,509.2897660196873,True,13.416434540141902,True
2,202,branch_primary,1235.7677757114827,765.3481697569191,1483.922511207873,1453.5748403288947,769.4745589921381,True,7.469091511049588,True
2,203,branch_primary,1031.583220203902,636.4442837114985,1435.1823393574994,1212.116028470581,604.2395623122477,True,23.391066488072866,True
2,204,branch_primary,504.40337834499326,306.221310177517,1238.466723560913,590.079875010729,565.4129888710728,True,3.0620651409121096,True
2,205,branch_primary,1208.8323639430957,745.6913882418586,1496.8768652685396,1420.3278954573566,742.754116203054,True,15.88698467398799,True
2,206,branch_primary,892.9789914306679,552.674279362725,1053.4339321539676,1050.1715756035487,530.4113973967108,True,13.092310649690017,True
2,207,branch_primary,473.3449336259474,300.98958490430243,1426.0195243537673,560.9368559920241,590.4037583745176,True,5.978791091780231,True
2,208,branch_primary,1150.0515023801483,735.1831824225497,1460.0660134434866,1364.9588894335918,718.0928711905074,True,43.16989204588051,True
2,209,branch_primary,1194.6076385350011,718.6526992967655,1475.9539114572574,1394.11230259714,712.8275619528372,True,18.62317721613985,True
2,210,branch_primary,836.954940432297,537.1025317623634,1349.7182913515205,994.4710664164998,529.589519502957,True,14.568066419185351,True
2,211,branch_primary,1099.4323595703047,676.2845032646335,1424.080073046608,1290.7797033677823,650.9486313086686,True,14.32391824416116,True
2,212,branch_primary,751.071391172273,478.6668787491029,1246.9182698136221,890.6347261637972,510.15634332133516,True,15.576133155802056,True
2,213,branch_primary,869.2101926299706,547.8221306947634,1117.8735146475938,1027.4412128442098,530.9837951480589,True,8.854849522103427,True
2,214,branch_primary,1165.713306095618,701.9296423955562,1444.6041179200852,1360.7324258949404,689.2238723479327,True,21.57298134855361,True
2,215,branch_primary,321.1320460724273,193.01983025022238,1367.4160130670823,374.67645493744095,696.9269143093409,True,8.201838203835957,True
2,216,branch_primary,621.0667671233937,398.4123865459242,1065.5448774191957,737.8728609850905,525.9839518440974,True,3.7249961083214758,True
2,217,branch_primary,753.1218087516893,487.6705762098306,1067.969366296989,897.2263090872025,517.0593957520487,True,11.673654893455149,True
2,218,branch_primary,379.3801236124368,229.0363851720041,1174.3055605268416,443.1556655678075,650.3058991930601,True,10.097911915162625,True
2,219,branch_primary,476.76123286280665,293.88084353169984,1453.6452701077828,560.0600176371876,584.1530834817626,True,9.359904039081373,True
2,220,branch_primary,997.8103084505778,625.464326634695,1354.2788110102033,1177.637905106162,592.4070430938531,True,27.28050567148986,True
2,221,branch_primary,1212.4314684251783,777.2633086949184,1453.1079034065365,1440.1834316055042,774.0793765235893,True,18.632818865453842,True
2,222,branch_primary,562.0764889899809,362.65718060073175,1373.227281277932,668.9171922716413,547.6615175109821,True,10.892091396824005,True
2,223,branch_primary,729.0498870316769,471.39351296805296,1084.48165853074,868.1737048824174,515.0288372932667,True,10.58218426077144,True
2,224,branch_primary,588.5464498642751,372.8181020452,1329.2362611966341,696.692371754153,533.179494519993,True,0.8059458748627417,True
2,225,branch_primary,910.8235438238307,558.1257451892554,1486.7548400850187,1068.2246371559042,532.493892019712,True,19.329780453943094,True
2,226,branch_primary,1220.1182651182194,779.3779096452865,1454.2624981792642,1447.7978128586014,778.2570693032136,True,28.610287377701198,True
2,227,branch_primary,1196.568956340534,748.1196057003103,1476.8090923645743,1411.1910613772548,741.7313631358082,True,1.2496662771701463,True
2,228,branch_primary,142.5660215393807,87.05961076392211,1283.9927381727612,167.04624007720972,858.5871859996992,True,17.607513340103498,True
2,229,branch_primary,645.0056096217346,399.18220172319604,1419.2828606771757,758.5371886836425,509.58709900900334,True,4.5288293324355715,True
2,230,branch_primary,345.75936858263515,209.62050380060583,1349.3215156791152,404.33933345184505,677.1186240057892,True,2.244858153177683,True
2,231,branch_primary,1094.738822547528,671.03120054808,1395.3842425641071,1284.0311373567797,645.0481581766826,True,19.14121946441365,True
2,232,branch_primary,970.9185953365052,585.3677800912577,1240.08124815781,1133.7276378121774,553.0448460610033,True,8.335162954947425,True
2,233,branch_primary,760.6280890089288,471.97067658137564,1491.71912142313,895.1599909189733,499.68038542220813,True,10.227651435531497,True
2,234,branch_primary,544.3254786998777,327.94074297152116,1268.4884618756814,635.4804148536479,542.3064819304459,True,3.779675292640642,True
2,235,branch_primary,1033.4025970412426,653.5228649350065,1266.7928714935333,1222.7072677319145,621.3913897435265,True,24.014567626079632,True
2,236,branch_primary,1119.9183251304828,702.549209632422,1420.2789656109685,1322.0410155960392,680.2412736177455,True,7.945820123323458,True
2,237,branch_primary,1129.5897391492335,679.0921098335672,1331.7794241364622,1318.005717904683,659.0095020682581,True,17.191636608493848,True
2,238,branch_primary,1257.3788052723216,775.7977190584304,1489.872368148828,1477.451711848585,786.2477300909491,True,13.960719648948167,True
2,239,branch_primary,1001.38500845618,623.819442424776,1194.6370401963711,1179.797708044876,590.7630382362748,True,10.057205931697718,True
2,240,branch_primary,1192.8592461869903,764.1693428880151,1459.254619686123,1416.6396739551294,756.2587780201264,True,21.971436246989274,True
2,241,branch_primary,577.7305210485682,373.70012410480126,1196.82469936779,688.0583824843601,542.1126866190718,True,4.775256266029074,True
2,242,branch_primary,1278.4138817092296,778.0517486241089,1499.5010100198326,1496.5649255825467,795.507584895961,True,21.3155211251035,True
2,243,branch_primary,1109.5992956457342,707.4640805002651,1391.5555672592156,1315.946815830942,683.3400152298061,True,10.101857116695275,True
2,244,branch_primary,623.0587560506917,376.4980282220746,1157.4588865011176,727.9786938822767,509.53203569647917,True,6.6563163880627005,True
2,245,branch_primary,984.3505646561979,632.2230971724225,1273.430355643416,1169.8940459448736,599.3538494573954,True,6.092559039980344,True
2,246,branch_primary,1212.2766576038146,777.4734924877584,1445.8694329168702,1440.166561926845,774.2388816188305,True,24.70047826706887,True
2,247,branch_primary,756.1521062810709,467.23800207003774,1486.1730230049093,888.8629581728,497.7011443638733,True,1.0671875605335204,True
2,248,branch_primary,1008.2799954972738,609.4772152881005,1249.3806563100686,1178.1727484861124,576.4852296111845,True,14.87892932545876,True
2,249,branch_primary,273.08349417420334,164.55996800502584,1475.005949209219,318.83315050384465,738.1771958989133,True,10.182788554443793,True
2,250,branch_primary,488.30873995676484,298.70252389989344,1138.4351036035096,572.4234650172282,576.0512386389267,True,2.7561071189388877,True
2,251,branch_primary,785.1051395527459,479.7238186627976,1021.3383430671004,920.0679444174508,495.43327265748917,True,12.414619070852725,True
2,252,branch_primary,1161.5960950904748,750.7462309295777,1457.0398236894846,1383.0854606221578,735.7747029977481,True,9.414251630084726,True
2,253,branch_primary,980.0805855756089,615.4455660522074,1240.0047439875282,1157.2947761895196,582.7081283624979,True,17.14355412170849,True
2,254,branch_primary,351.42239953354897,218.95162909633152,1401.8859754706573,414.0501404152097,674.1661638329285,True,11.847780484566854,True
2,255,branch_primary,1155.3453290142947,720.5196008955826,1424.5014191624043,1361.6061561809563,704.9138980398266,True,25.478585125182352,True
2,256,branch_primary,1036.4651795748173,631.7823859207297,1321.2079188459174,1213.8406203578575,599.865728973944,True,25.169804348631406,True
2,257,branch_primary,666.0977947579732,430.46118757451467,1102.8669632678805,793.0845517279331,518.7041548970711,True,1.582740690842756,True
2,258,branch_primary,1124.2886080049877,677.5443985805501,1396.5693003216513,1312.6657175906105,656.4636606483118,True,2.3648603705878872,True
2,259,branch_primary,504.66245567583667,312.9289595792769,1315.0556910943974,593.80866271227,568.4583904470536,True,9.121200529683051,True
2,260,branch_primary,803.166782026057,490.56366175343254,1175.3450175373036,941.1320768006093,497.83373831764845,True,10.984603059838816,True
2,261,branch_primary,964.1386912998603,580.163920813232,1151.5407360263887,1125.2349048420022,548.2429267796493,True,15.25789626753238,True
2,262,branch_primary,715.8787990227224,461.3941775760169,1207.5292838671787,851.6848255025238,513.6974670260003,True,7.795993055260963,True
2,263,branch_primary,510.75272386276447,310.4101259821908,1365.0525392971438,597.681178594,561.9178496769798,True,16.79111600638771,True
2,264,branch_primary,778.5990916998531,485.9811082955158,1058.3133191809122,917.8203436490031,503.89934023922456,True,9.234865082852883,True
2,265,branch_primary,598.0620297005563,365.8923125477845,1215.645665656196,701.1101024454823,521.4332732777357,True,5.624404835853794,True
2,266,branch_primary,347.31075188227373,224.38013211881767,1280.9262654949985,413.4866407306146,679.6275245956659,True,8.603738972575567,True
2,267,branch_primary,1229.1140010050037,744.4806462105297,1463.260791997617,1437.0012735027676,747.5720421562704,True,13.844086060065314,True
2,268,branch_primary,1194.858383598605,762.1741068127204,1480.6533201099046,1417.2494226323183,754.8451055832953,True,9.202672534828103,True
2,269,branch_primary,262.40927533768917,160.69826048520952,1216.40215025754,307.7053114689823,748.0144747065852,True,16.488295145074826,True
2,270,branch_primary,531.3697301053832,331.01795439789214,1472.3163474385108,626.0404748944214,554.8707145758979,True,7.929240682635025,True
2,271,branch_primary,761.4739318934443,463.5561614956088,1336.9654157596583,891.4745446807805,491.8958643357467,True,10.700791772507866,True
2,272,branch_primary,867.1404116954177,561.991721666906,1254.4339682461066,1033.3282096301405,545.230182442026,True,8.461657138467375,True
2,273,branch_primary,903.8796984305657,577.8599772640207,1413.8863399957286,1072.8097047279657,553.1200787983571,True,5.280946846796663,True
2,274,branch_primary,1220.9949000312406,740.3199367076777,1477.7122868962124,1427.9013112218781,741.1463290725446,True,14.964475116264714,True
2,275,branch_primary,570.1980642639016,366.8558204108962,1173.494507688795,678.0184551025527,543.764720212749,True,2.9715742709103066,True
2,276,branch_primary,581.5263969281029,356.69185580416956,1430.4369375603126,682.2038040946444,528.5837941443409,True,5.449266376046687,True
2,277,branch_primary,1224.8388744333615,777.1572241679972,1494.9242978309746,1450.5873360124478,777.4830868119557,True,29.61093796852668,True
2,278,branch_primary,800.2990585825244,489.7255446927166,1470.066952685867,938.2482039911681,498.2030355978602,True,11.351531251484776,True
2,279,branch_primary,1254.5429539529423,775.8387145645861,1493.2190963379537,1475.0605866642236,785.3607822926714,True,24.926494325628898,True
2,280,branch_primary,905.8767109264477,558.3668360814547,1244.8815730627136,1064.1363347966899,533.5769163662619,True,6.437062108038295,True
2,281,branch_primary,552.2489395624625,351.0118798616842,1318.3112747297341,654.3609333173075,548.7125757932259,True,4.554218892647511,True
2,282,branch_primary,440.4798306822483,265.035927081352,1383.00292545586,514.0685984202242,605.1978737578487,True,19.561462025889895,True
2,283,branch_primary,765.6377594620731,492.9526120768287,1475.5513813676132,910.6060929224401,515.9179812082525,True,15.66003882659732,True
2,284,branch_primary,520.0038823598352,312.9867322971152,1111.2445118697633,606.9305827385265,555.1855946726499,True,9.492638167932142,True
2,285,branch_primary,1131.6509852122763,712.092044731786,1408.5023609761308,1337.0523671502965,691.7812648447533,True,13.660664715849315,True
2,286,branch_primary,1062.311063614194,669.4106032686291,1442.3656106727833,1255.6334463710298,639.4479928344808,True,4.644833682211451,True
2,287,branch_primary,592.4501200042952,374.6121204959878,1325.4372252955714,700.9503445434664,531.3283414665672,True,5.780181048731034,True
2,288,branch_primary,1249.894859157725,753.0107641924811,1471.8845923936851,1459.1992221553073,762.266794630763,True,15.38473471174625,True
2,289,branch_primary,1131.977639278338,707.566957524074,1485.0633093273436,1334.924857512974,687.4030148860234,True,31.4526173252969,True
2,290,branch_primary,628.1436755824077,378.9450118432095,1033.5535094391068,733.5964825263459,507.4521094212091,True,13.818944507640607,True
2,291,branch_primary,366.5374618228534,223.00300279383575,1432.3832141842336,429.04551061001354,660.8033552321056,True,11.52716448056189,True
2,292,branch_primary,521.7244871297935,332.18225855331457,1061.2882669768576,618.4993883331068,563.6481932324937,True,11.104912020256899,True
2,293,branch_primary,593.5325356383294,369.10416476554576,1170.1534990774455,698.9411672727082,526.9703117944717,True,8.725343733384223,True
2,294,branch_primary,970.3124993452029,603.7336888394844,1319.4785225128883,1142.8038823110753,571.4176668745812,True,10.781642670644914,True
2,295,branch_primary,643.1735714558071,396.7470819680427,1248.9301032670635,755.6986767683102,509.12072870963584,True,1.2167084292377905,True
2,296,branch_primary,327.5935565182712,202.3136982619279,1331.7358069584882,385.0303504617632,692.8510586083545,True,0.5441097942075371,True
2,297,branch_primary,542.386768742306,334.57858917551715,1225.6652153188443,637.2803458772279,547.5615159936522,True,4.296007750924627,True
2,298,branch_primary,570.7757429690636,366.4202519595294,1088.280837706611,678.2689361956446,543.0413141081253,True,6.356883019324104,True
2,299,branch_primary,347.6568739360275,223.47600509152352,1198.3588908602524,413.28782566951764,679.0413178474015,True,1.2267653256085473,True
2,300,branch_primary,1083.448349288306,666.0026660361787,1408.8185361452574,1271.7782341048508,638.492072857566,True,27.061292920590454,True
2,301,branch_primary,1110.4238326700784,679.4378140572067,1341.512853712718,1301.7975385337543,655.8348002410822,True,15.175906157254193,True
2,302,branch_primary,755.914211081596,487.145005553027,1058.8720024361837,899.2866900774026,515.2716936985328,True,1.3178972114483718,True
2,303,branch_primary,1232.749374527835,785.4692121005062,1469.6604575201138,1461.7225809149143,787.748247162068,True,30.577751653170463,True
2,304,branch_primary,652.4769778548101,422.9572348470846,1048.4535945881298,777.5725233957526,521.9318165379376,True,5.566361119713322,True
2,305,branch_primary,1088.7297573171486,702.7986710477144,1479.045522822121,1295.8620514909335,675.6631890078244,True,11.8150443182043,True
2,306,branch_primary,1110.9680373767753,685.973451046911,1383.2173183543032,1305.6835587591706,662.3685261423057,True,16.455117227871376,True
2,307,branch_primary,1237.017728720264,792.2709034818644,1491.888565775213,1468.981295208421,795.5115832391594,True,37.085614029736774,True
2,308,branch_primary,1261.7259424937838,798.8847451714777,1495.168380984311,1493.37510024425,809.4906462109669,True,7.866171837640367,True
2,309,branch_primary,445.1747492894221,278.12034272859995,1457.857774694525,524.910928105306,606.0359645164511,True,4.247465574698728,True
2,310,branch_primary,1031.446808070462,638.8438550817036,1477.2378616822477,1213.261714987495,606.6285427025289,True,4.673816495848827,True
2,311,branch_primary,1018.9485971373877,660.9455311119361,1321.7112277419267,1214.539105465563,628.1885492528975,True,7.466066681624179,True
2,312,branch_primary,1241.9714523519262,764.7436683692237,1487.728562914634,1458.535555537804,770.8285445902876,True,11.032980621641844,True
2,313,branch_primary,1144.1095662129985,726.5244091313127,1418.9123844251897,1355.2949555590098,708.3917738742005,True,24.38516730016726,True
2,314,branch_primary,1065.6508776251371,661.8831289999596,1267.621657411978,1254.4724267348415,632.2983366366013,True,7.057965987843766,True
2,315,branch_primary,549.2488987513024,349.14198645571196,1145.0172768166383,650.8259978563848,550.0837907622144,True,8.919251377747921,True
2,316,branch_primary,149.78695204578415,96.87454465121095,1304.4049240520158,178.3838793292306,852.059502828393,True,11.163700536307935,True
2,317,branch_primary,889.4303067916474,542.4630366952013,1133.0657130760987,1041.8024845526445,521.1496687735522,True,4.026701834114591,True
2,318,branch_primary,178.36212925643463,112.27268858766202,1121.913670804664,210.75627097572027,824.9033681814058,True,4.6726143501420925,True
2,319,branch_primary,579.0686032261381,367.62374848388527,1048.9954447627404,685.9064569543091,537.2676782514421,True,11.864559029570978,True
2,320,branch_primary,299.27152414591006,187.15366123145293,1354.1989952084139,352.97299907635073,716.9376731898466,True,5.514207110026717,True
2,321,branch_primary,1148.8555846925053,704.4275349544762,1374.8245139634637,1347.6228353961646,687.7906460010379,True,11.009879124351711,True
2,322,branch_primary,997.7288418605663,617.561048074949,1311.9966333568668,1173.3901695428747,584.5040300283185,True,10.188767914272756,True
2,323,branch_primary,300.98943779093213,183.96237444083752,1431.979328654715,352.7560018931107,714.5792761562326,True,14.7223177734449,True
2,324,branch_primary,279.2379189085742,170.34055144978737,1181.620307235123,327.0928290632632,733.1823682745894,True,24.91120376255073,True
2,325,branch_primary,1186.0432059292257,752.3448892361217,1408.1243992489076,1404.5359798490701,743.0929576520017,True,40.27624540976439,True
2,326,branch_primary,635.072418761192,405.9074625422843,1288.7378694231825,753.709390427575,521.3339084962422,True,5.592784161967916,True
2,327,branch_primary,1088.1759179895491,704.2998430392298,1480.1676969390282,1296.2118258207188,677.0784318566851,True,14.918673403708356,True
2,328,branch_primary,981.3584555712476,618.9639948695271,1274.2719491453286,1160.2503373264014,586.1837857847931,True,12.45141542000288,True
2,329,branch_primary,178.00923264324229,115.59636789239481,1169.7352852255367,212.2493985295361,825.5802910199997,True,25.660720991387986,True
2,330,branch_primary,1224.1363103298677,787.2226569062644,1480.2694462665727,1455.4137617236481,786.9208290775351,True,4.689690907026907,True
2,331,branch_primary,697.8131501208135,422.1404407730011,1242.4628391575322,815.5646781326154,492.31164965759297,True,12.701618776643421,True
2,332,branch_primary,233.19664020911603,150.1986740476679,1084.1954351696138,277.3811721990112,775.158672687491,True,14.950183615197563,True
2,333,branch_primary,1032.81643981855,635.0802195940511,1256.65898560575,1212.4506932981203,602.9444133248033,True,13.40540441940086,True
2,334,branch_primary,315.14496212669394,200.2462974838986,1405.7667597669974,373.3830831864847,704.4355327070392,True,6.258922328590768,True
2,335,branch_primary,1002.2328015818932,612.7212385703538,1314.9246968782322,1174.690557024223,579.6683399186908,True,6.627571549171634,True
2,336,branch_primary,328.8007071294319,199.0804990011055,1287.8990455115336,384.3734513352133,690.8964926152885,True,2.87739745793075,True
2,337,branch_primary,185.58171027915898,117.4244449892528,1185.6381343004814,219.61118248206705,818.2325669227105,True,17.90179288532514,True
2,338,branch_primary,1118.7444787709503,672.8520913105012,1351.3837680883253,1305.495747048377,650.8185967406929,True,31.608649360620902,True
2,339,branch_primary,564.4700011076311,353.38684649634064,1038.979799654641,665.9644475698964,540.2037688480443,True,8.705066892227869,True
2,340,branch_primary,1128.0127861251624,686.3884042952118,1331.6214423658566,1320.4324621928902,665.8574142185863,True,22.84085555626727,True
2,341,branch_primary,730.5572780433116,458.71321082686353,1448.3508087064827,862.6307125816603,503.4740748671773,True,15.681235454778607,True
2,342,branch_primary,729.4974909856182,443.88639646343876,1393.7447629482149,853.9330900718213,491.5840432680106,True,3.7127682489367153,True
2,343,branch_primary,1055.9399407183173,662.0727271772038,1359.4748633159795,1246.334407162084,631.5443713459139,True,10.056898083899192,True
2,344,branch_primary,676.1284444289377,436.2971650943998,1383.3291218254305,804.6768852373635,516.8554735419243,True,9.693703098882693,True
2,345,branch_primary,581.6942533923112,362.66616474491275,1246.5311262046966,685.4888412515718,532.1308138925551,True,7.062510766726762,True
2,346,branch_primary,1171.4028818013292,746.3345832448813,1459.956454856337,1388.9564505915114,733.7083111112221,True,18.140877354436352,True
2,347,branch_primary,891.6074707189617,551.9979835208175,1381.6352914790245,1048.6494436430664,530.0262503456898,True,8.242657428644165,True
2,348,branch_primary,799.8567390037706,497.63301531465606,1206.2521761423893,942.0241084287082,505.6355543408219,True,4.342086093279247,True
2,349,branch_primary,1222.7757056735568,740.1309794055369,1451.7234673849985,1429.3265173015102,741.5004037846504,True,17.124564435947462,True
2,350,branch_primary,1012.9361430272623,641.1406547593093,1361.3375274924492,1198.7914618632142,608.2305484174835,True,10.134291879320084,True
2,351,branch_primary,426.5128798668973,264.9529734187971,1112.067872361432,502.10886749371014,618.0901023731313,True,11.83417770688257,True
2,352,branch_primary,1169.093871445012,707.6053388624944,1462.031172251761,1366.5598398302914,695.5500701874207,True,18.75834588045509,True
2,353,branch_primary,365.38511543137315,236.37796980424167,1408.6563101768343,435.17907485031134,665.8685630007544,True,1.8374211132774099,True
2,354,branch_primary,466.78482038896533,293.5576251013457,1244.6596338697764,551.4201191475523,592.9544996925888,True,3.6926626218920298,True
2,355,branch_primary,929.239148344336,580.7991291118747,1392.8655046834529,1095.8161447947455,552.2215787427526,True,22.38445634745551,True
2,356,branch_primary,1003.2550109438508,606.2859239196413,1295.6596001525343,1172.2214972124677,573.2389678203921,True,16.427876204818062,True
2,357,branch_primary,473.0850920568499,306.66712215576234,1189.9490665779053,563.7856225000203,593.2323953645816,True,12.983809685791428,True
2,358,branch_primary,1172.152060371735,739.0289238883593,1479.2296446051341,1385.6782465555593,726.7857819304098,True,11.338297648819767,True
2,359,branch_primary,234.6796522862704,141.959033600398,1170.8713852475964,274.2752384338836,772.488158164716,True,10.412047136531722,True
2,360,branch_primary,293.72830924433697,188.72161683462215,1449.1748064560174,349.1305891958062,722.688422072767,True,8.201416649207076,True
2,361,branch_primary,1043.4036763450101,633.061380995578,1468.2170719097644,1220.433506553434,601.6093507476802,True,23.50660600902418,True
2,362,branch_primary,1090.2595428459608,706.5091794361027,1355.0698756780441,1299.161687933476,679.5440719114489,True,2.8582711886553844,True
2,363,branch_primary,1254.0037491884875,805.9774138929938,1492.847841393398,1490.6793735355775,813.7554266265145,True,16.684776798853168,True
2,364,branch_primary,989.3215547377545,625.4306871412261,1422.5413101067315,1170.4361080753933,592.457765331092,True,14.511598937308007,True
2,365,branch_primary,811.8483666381228,527.162197601893,1094.2776956938205,967.9864425669634,528.5196842625683,True,5.97791849480548,True
2,366,branch_primary,602.9539416453824,391.16588080817877,1235.3704738114259,718.7240096547085,534.2770280445562,True,11.781638067495646,True
2,367,branch_primary,480.27905245573595,302.78259134053326,1064.7790805002019,567.7545824092201,585.0576879888641,True,13.060415118534149,True
2,368,branch_primary,601.1705762324568,380.40366898350965,1429.4875580693397,711.4162024467672,528.466766180971,True,7.494963232881941,True
2,369,branch_primary,692.5218985753663,431.00316143702736,1281.9613220634744,815.6900791202148,502.55949352800684,True,9.671377106774926,True
2,370,branch_primary,520.9892908626568,318.2274403163727,1102.5923645669998,610.4904134905679,556.9996467537208,True,4.0696607626135615,True
2,371,branch_primary,839.1780502618307,526.6848312685452,1114.3320546925493,990.7657197994001,518.9933416815126,True,2.576423494588895,True
2,372,branch_primary,943.4387551478682,570.7101153666562,1261.1467320471443,1102.6271901675475,540.5605941653967,True,13.859820696527345,True
2,373,branch_primary,170.1285529479558,103.68413653095845,1354.688928073813,199.2338442542728,832.3265613413749,True,14.483263595020121,True
2,374,branch_primary,671.6035690484289,433.82113694402767,1136.764020211027,799.532446382257,517.7792391954328,True,4.235598010988763,True
2,375,branch_primary,809.0580154986135,522.4630057212696,1468.6554125519947,963.0900605809709,525.1343891568139,True,5.7720599840326665,True
2,376,branch_primary,399.1850860889496,251.45372520200326,1128.720551846749,471.78142065347026,638.7628973865425,True,10.641219105578209,True
2,377,branch_primary,1186.5091674107118,743.5822166832937,1459.9887270463448,1400.2565898139173,734.732814712749,True,24.781127769751976,True
2,378,branch_primary,1235.908370475798,749.6130741807489,1480.632264998868,1445.4719856139914,754.5594056186845,True,2.606020247804914,True
2,379,branch_primary,405.21946306785327,261.6587087036011,1127.4122331137248,482.3568109702975,636.6879312080948,True,8.121998179356822,True
2,380,branch_primary,134.09033756906632,85.06700518994177,1400.6359270641951,158.79739922735428,866.9244344320506,True,9.069544347951735,True
2,381,branch_primary,1190.0278266866,765.4001282728467,1460.695289631951,1414.9217591967843,756.7306808262975,True,24.129578875049045,True
2,382,branch_primary,811.8931502692011,489.8495491563412,1249.9470252263145,948.2210018042831,493.79746177744335,True,5.652401866746322,True
2,383,branch_primary,592.8870351025421,357.4920118418147,1198.441670281163,692.3262055732046,520.146719588256,True,6.00978631322339,True
2,384,branch_primary,601.2034264339899,371.2661037598286,1381.0837299312843,706.6003677871769,522.4812847664781,True,7.777108589049681,True
2,385,branch_primary,877.3994973641308,568.8884996761597,1339.8228521823198,1045.6882915279396,549.5541842101824,True,9.714732287741231,True
2,386,branch_primary,735.1659687454446,454.92975212100146,1282.4725264667647,864.5403871227207,497.81753151865433,True,7.782669754086189,True
2,387,branch_primary,939.7125323240897,569.2661951564662,1168.177604748888,1098.6917876979298,539.5243484574952,True,17.838032029922108,True
2,388,branch_primary,983.613874931011,614.2789273577287,1202.9650202242478,1159.6701494617166,581.4351559243805,True,20.636477228995386,True
2,389,branch_primary,620.304693963152,375.0237196090393,1428.4432451366386,724.8590922531902,510.58125074590276,True,7.368574219018234,True
2,390,branch_primary,1061.5432306824057,669.851861938922,1425.0045141239075,1255.2193224893726,639.8121460641598,True,11.892097762725223,True
2,391,branch_primary,992.9506368455407,636.5437146662448,1293.1230838501822,1179.4655009338198,603.5191861723232,True,6.801937454227611,True
2,392,branch_primary,586.069192279741,374.30588655529186,1278.435847349173,695.4006002653226,536.0368861420741,True,9.025920716952134,True
2,393,branch_primary,855.211142694305,516.9362770889337,1284.1340202587671,999.3043646252455,504.9183094839494,True,2.989964242644181,True
2,394,branch_primary,725.1443924580726,467.72453648950034,1035.7634584834675,862.9024463678992,513.9835234554693,True,13.006250980335215,True
2,395,branch_primary,1203.8938789495744,736.6346580637031,1485.9290553743992,1411.3791451034274,732.6758027212369,True,22.866338098271672,True
2,396,branch_primary,1225.9433744938508,772.5142660351186,1460.3988930778398,1449.0394917645094,773.3634173228097,True,37.82251621332619,True
2,397,branch_primary,873.0310839936981,534.7400374702592,1370.228770224627,1023.7822919414584,517.3643755595396,True,3.2219031904322395,True
2,398,branch_primary,140.96376455574594,89.19857540031663,1010.2146104142588,166.8147738396505,860.323203376447,True,20.80533258381706,True
2,399,branch_primary,70.37134948568279,43.585616105126256,1493.0182205444862,82.77579815199336,929.141659452904,True,21.33357534168301,True
2,400,branch_primary,739.9602041052583,480.24354529526624,1281.131724233513,882.1422597615772,517.0205265179371,True,15.06579643532861,True
2,401,branch_primary,1152.4955479233104,732.7963662912488,1435.6726858900959,1365.7366153225553,716.2775294967028,True,8.029287062056246,True
2,402,branch_primary,997.6809250428612,639.7415960923709,1317.5921378443231,1185.1736319903482,606.6846231325407,True,6.4847369117927265,True
2,403,branch_primary,529.442456122025,326.051712297743,1408.798044063469,621.7869678891738,553.8543777109494,True,17.101536211192883,True
2,404,branch_primary,1037.7676971029437,646.5777532108918,1347.4870307267638,1222.7119792075287,614.7133945470296,True,9.025647311746166,True
2,405,branch_primary,675.9403939587452,437.47627309575097,1329.9115631189547,805.1589319549599,517.8933581063455,True,9.15716165390265,True
2,406,branch_primary,1079.2636905652153,667.2103870730398,1497.1889617989261,1268.8497997756094,639.1533101922658,True,19.581977735223386,True
2,407,branch_primary,1058.816438852864,645.3132135345483,1358.6533685675781,1239.96830392851,615.1247889898425,True,18.830727793487775,True
2,408,branch_primary,1093.1923680690181,657.5483243728848,1469.779965958294,1275.7113123626114,631.4849257438366,True,32.00229687136523,True
2,409,branch_primary,1092.8767524027546,658.4660529150439,1483.2159802821918,1275.914236453183,632.345795130393,True,17.76798823854361,True
2,410,branch_primary,823.356991565335,514.5921966430327,1102.9356614184167,970.9386512058425,512.7217737520403,True,17.274546190332796,True
2,411,branch_primary,281.90186228611464,170.78728428694774,1087.7316403536715,329.60120818117497,730.649786649906,True,11.088097695245231,True
2,412,branch_primary,845.4954960287357,508.80860301305177,1333.5119071227398,986.7871241078144,500.0401793370662,True,2.1531925018525704,True
2,413,branch_primary,1041.1416629324042,664.110837551599,1272.1377222874019,1234.9166639280313,632.4267743196662,True,8.957597229372036,True
2,414,branch_primary,760.1149096441198,477.9591864072432,1297.0028261711157,897.8973547874848,505.191627649849,True,12.2278692670299,True
2,415,branch_primary,1123.998264878409,703.6613827622455,1497.1738979921574,1326.0887757011403,682.0690796193528,True,15.411441257555465,True
2,416,branch_primary,1238.483029528062,796.1508635297874,1494.614595714728,1472.3098899104878,799.6521156499501,True,7.949660768302737,True
2,417,branch_primary,253.83309747194278,155.02298242155194,1439.0813687993518,297.4279180760838,755.5294080960264,True,20.53279296084801,True
2,418,branch_primary,546.9573875033201,329.1422175480227,1320.7383218373118,638.3549037305869,540.7564747972256,True,14.155796117400918,True
2,419,branch_primary,973.6037727137616,605.5481616184721,1457.5767383190082,1146.5569686160304,573.0718968113607,True,15.947447073322792,True
2,420,branch_primary,44.603858701593666,27.713050169174238,1394.9198255733697,52.512068715209665,954.8644928872563,True,20.78209821135078,True
2,421,branch_primary,1256.0895891437171,793.3182523162568,1490.8337315202596,1485.636195511321,802.4060182786444,True,20.38053319900481,True
2,422,branch_primary,1020.8752121321306,622.0626407998137,1294.1071722050106,1195.46983559798,589.3925020207914,True,28.293931837444305,True
2,423,branch_primary,677.8079169725634,425.9767212916526,1379.1510237068946,800.5496482998863,507.77918425477486,True,11.407772570370582,True
2,424,branch_primary,1065.6639263626555,680.054017968577,1446.1203108268005,1264.1649699726206,650.3734787843619,True,7.019041903494002,True
2,425,branch_primary,874.1399390028641,541.3705897756249,1306.8516475019055,1028.2036512451893,523.5299037747982,True,2.1947642858287333,True
2,426,branch_primary,1035.6441150223795,627.2206190624548,1383.3623827524707,1210.7701837911177,595.2622368701318,True,9.38123180095162,True
2,427,branch_primary,395.79915248876375,251.71527902043215,1130.202045206879,469.0602848282486,642.0348533234886,True,18.37402667893662,True
2,428,branch_primary,1109.8890984616382,682.7539860354277,1481.8803167588162,1303.0759058210128,659.0135747057587,True,18.488837676974143,True
2,429,branch_primary,98.23135326905836,59.91687691658218,1211.5833638442543,115.06272595635565,901.622128573806,True,24.994655219312808,True
2,430,branch_primary,460.17326682501414,279.9373399708258,1454.5624049603134,538.6319242398721,593.1034321235073,True,9.214556376687135,True
2,431,branch_primary,92.4637761316717,59.142392417411905,1264.1221696399775,109.76052331044637,907.3645692389814,True,1.859776812666666,True
2,432,branch_primary,1198.2639818412986,743.9031151638183,1481.0642202858062,1410.4000903745707,738.1220840725211,True,11.6959730787701,True
2,433,branch_primary,417.09794406473026,268.4947265143399,1063.5532172960188,496.04446686666614,628.1461408092244,True,16.032682702642987,True
2,434,branch_primary,676.444718040153,418.3007861628967,1367.3012541448486,795.3320088295953,502.73790240739356,True,14.826391389795516,True
2,435,branch_primary,800.1094801355466,504.68863112262136,1275.5837837873262,945.9840350593661,512.0273141572312,True,14.540366163657644,True
2,436,branch_primary,829.6630358280353,528.2083883467261,1095.6202058107551,983.5369106135456,523.4511650528826,True,12.217620627674503,True
2,437,branch_primary,482.0053427687574,305.9836172194947,1467.441559133964,570.9247975559947,585.0128327455649,True,5.962220165430528,True
2,438,branch_primary,912.1199575908312,590.3304620811396,1351.9609981617334,1086.4864801259293,564.0726754409047,True,4.044827400053222,True
2,439,branch_primary,1038.8251725146365,650.887577703251,1490.4676620770692,1225.8924821771566,619.0812504182231,True,12.918650909963054,True
2,440,branch_primary,622.9485508729504,378.35553016665676,1423.9075200301418,728.8469004135235,510.8671004972598,True,7.900693064516206,True
2,441,branch_primary,1222.271980939008,781.1567311231298,1493.0913691662643,1450.5704512251518,780.5751095980971,True,33.51877965072557,True
2,442,branch_primary,722.3089595949386,434.96800562049526,1246.12386299619,843.1651078078326,488.20019308828483,True,15.366012929984565,True
2,443,branch_primary,432.9809438608369,262.87355626302116,1310.6223290089322,506.53233295515196,611.3145642973618,True,5.5416775990541876,True
2,444,branch_primary,957.6614527731176,593.2591080613835,1188.2821017118752,1126.5308817006778,561.7562609543269,True,17.79306094061638,True
2,445,branch_primary,696.8080923718217,426.53594134414504,1454.9649842551307,816.9910812568232,496.4049084276303,True,7.54798296739461,True
2,446,branch_primary,1221.9809993305696,761.9248483543249,1471.834055830546,1440.0579978822723,762.0781753689652,True,31.368250559860474,True
2,447,branch_primary,897.4129970057377,580.4864126291063,1446.982726211973,1068.7911687705082,556.8558135481625,True,17.831613813148195,True
2,448,branch_primary,592.1223931450128,361.68634532864604,1144.8687250454616,693.8486440578879,523.3680331869061,True,9.941188131861411,True
2,449,branch_primary,717.8352544608026,454.47320876341155,1221.4726559382507,849.6077624589577,506.85129185136674,True,4.371401068128634,True
2,450,branch_primary,575.8100447218271,367.7944972746136,1493.2762032437024,683.2495882384696,539.9269905395596,True,11.658042678167579,True
2,451,branch_primary,504.4974064063581,308.29794846029097,1255.748432981696,591.2404401726646,566.3369918646086,True,4.745274260190563,True
2,452,branch_primary,1049.6380609147382,656.4728646506474,1257.985243953455,1238.021276450239,625.4299702074784,True,12.772083064906916,True
2,453,branch_primary,935.8312530271439,601.8238078021491,1461.0183644208091,1112.641914444999,572.311578265834,True,12.53121553665938,True
2,454,branch_primary,1084.4710846161065,696.7958463350258,1412.9868968158348,1289.0314134411851,669.1590726544991,True,11.105442360701607,True
2,455,branch_primary,638.7001902367696,398.1945109195975,1313.151705651454,752.659817935688,513.2897788977261,True,8.864781805443203,True
2,456,branch_primary,664.2720649145992,419.91582773702964,1318.7364716312877,785.8668326185934,511.8635427759821,True,12.57027550463509,True
2,457,branch_primary,1209.7452987667136,740.2795425230474,1468.0485339421434,1418.2727131854076,737.8230074968618,True,14.273038225651138,True
2,458,branch_primary,858.6255928531443,522.2976272660203,1245.5166861176947,1005.0038408633711,509.1034776330733,True,4.940128312665582,True
2,459,branch_primary,1181.6694803926694,730.0782441821568,1417.7472175555968,1389.0129601697683,720.4427452491265,True,14.238255005874494,True
2,460,branch_primary,1068.870225024652,683.7593459406004,1306.1143665549755,1268.8618526480209,654.3920129203221,True,19.8556784872457,True
2,461,branch_primary,905.9966609327636,571.1712141391765,1143.061621512982,1071.0119072552545,546.1669241027745,True,16.906372396700604,True
2,462,branch_primary,1156.5012850527737,740.0317769592002,1378.4625572946331,1373.0048263710178,724.2056034008474,True,37.047081917868,True
2,463,branch_primary,592.7843902137087,360.41569613829614,1260.621822221951,693.7526989525094,522.0552733154713,True,7.03053293348682,True
2,464,branch_primary,1208.6989079413506,752.2623585175199,1453.5376767923526,1423.6754216115958,749.023599046133,True,29.830690325467998,True
2,465,branch_primary,1150.895216210042,704.9580071315346,1479.145713420984,1349.639059346618,688.7540556409614,True,11.202262162192387,True
2,466,branch_primary,995.9827599720493,645.7496010410339,1464.5153234975264,1187.0021926711827,612.6998686237371,True,10.639004208581538,True
2,467,branch_primary,633.7459672129933,388.03169384409784,1419.7024537898155,743.1033214743775,509.653930096085,True,5.1880058718320585,True
2,468,branch_primary,949.4229709882374,600.501188966521,1483.1251830755268,1123.3902508880592,569.6429074649957,True,22.067542582145254,True
2,469,branch_primary,789.6259100654443,509.72728601724555,1456.4352420726677,939.8568954671706,520.8067660033197,True,9.69671824148232,True
2,470,branch_primary,555.3209563308765,343.3105017840574,1107.8711472542004,652.8732382135605,541.7649473949601,True,5.926650446905519,True
2,471,branch_primary,545.8060615292031,334.84185526838826,1266.008019747578,640.3306371255374,544.8563526154234,True,8.255727991102399,True
2,472,branch_primary,674.3695160569357,432.0841378131174,1027.3196116580382,800.9188138235802,514.6844982418746,True,13.871798289986156,True
2,473,branch_primary,392.8776772595131,249.8681889856628,1412.3824950909843,465.60388868200516,644.1584182593278,True,8.518880194111276,True
2,474,branch_primary,247.4679991675066,151.32901322967297,1380.8047841652858,290.0704756727847,761.2290594705564,True,5.752552025646149,True
2,475,branch_primary,719.6700443172458,453.67183290200296,1113.6983043656294,850.7309237686435,505.1667042551669,True,4.720198244573284,True
2,476,branch_primary,1150.8826160633303,697.8012091504157,1396.211357267452,1345.9039057260206,681.7714205141565,True,20.099322799430787,True
2,477,branch_primary,1082.9154130499167,671.3181984728385,1328.4489517059958,1274.1169159154465,643.6924710484043,True,16.532168836857,True
2,478,branch_primary,1161.125483657905,719.2745906910374,1459.5161397610357,1365.8580913160647,705.0027896887551,True,38.70722549518981,True
2,479,branch_primary,1265.7924466956429,774.4750942059512,1496.6904039464391,1483.927959726165,787.8029499249141,True,33.92447827437526,True
2,480,branch_primary,810.9167099368316,507.5828642876154,1075.7270594126562,956.6745917882398,510.60595520348545,True,8.875763925448624,True
2,481,branch_primary,1242.0721552385387,795.4640817309412,1480.9644196853014,1474.9597771271453,800.0778212277578,True,23.363476999630794,True
2,482,branch_primary,1040.7158272081413,675.3985871552246,1351.9361470347617,1240.6662260788755,643.6629648769125,True,10.085209958738163,True
2,483,branch_primary,1016.3301801394782,642.2316140274675,1255.3880957834217,1202.2431040012957,609.4057885266548,True,14.304415856226942,True
2,484,branch_primary,627.7773097726654,399.03965125127735,1174.8307721414858,743.8662473429926,521.6172248435172,True,7.789416988749453,True
2,485,branch_primary,1229.9778241452643,757.3419157897481,1487.4720852595524,1444.441838670289,760.0831833850783,True,19.86121948757291,True
2,486,branch_primary,955.403438163136,594.3625691756321,1155.9466748610625,1125.1944690990083,563.0288299789269,True,8.240000550175333,True
2,487,branch_primary,1243.6104735914755,791.5646654503164,1489.2673266737572,1474.1579391693026,796.8329037622923,True,43.47556319989024,True
2,488,branch_primary,211.39337648577734,129.54387105616365,1499.0076795050286,247.92896996977493,793.9444540882371,True,8.129076676426267,True
2,489,branch_primary,809.9878125855826,512.9948960967846,1405.0688560578092,958.7721418348198,515.9797740917736,True,9.769572261662953,True
2,490,branch_primary,877.502773522356,531.251098941286,1120.0413741020889,1025.7869406781076,512.9003398071391,True,7.654099188162178,True
2,491,branch_primary,982.8780509491723,634.5889555339642,1489.379747574472,1169.9369237370584,601.7577193317236,True,8.259972769721637,True
2,492,branch_primary,1008.8779338578913,607.8067470220997,1239.1761442132613,1177.821602430077,574.8244503318473,True,21.036108024937448,True
2,493,branch_primary,834.1660048268329,533.4551787403786,1043.6399703223963,990.1552157786622,526.9873723367617,True,16.385112031925118,True
2,494,branch_primary,869.8927327669976,550.7421731702186,1034.8133555983786,1029.5777327764476,533.6489931954677,True,13.10872760982495,True
2,495,branch_primary,1043.9816625772298,651.6911629732867,1485.2456907438636,1230.6904906169511,620.2320736819269,True,12.257166630665338,True
2,496,branch_primary,1114.3120632533457,674.204658326922,1453.5286000490173,1302.3990539084593,651.3520942988491,True,28.73232041464651,True
2,497,branch_primary,880.9998177973723,564.5937455644498,1286.701799995483,1046.3874886912104,544.5730762154465,True,15.864791983337716,True
2,498,branch_primary,218.095324982365,132.6174310170681,1167.5924063698885,255.25076648020124,787.6751770393766,True,19.190122534759567,True
2,499,branch_primary,861.0983796778683,527.9331979977477,1056.4766456153916,1010.0514249442843,513.8501946115196,True,14.699432203119958,True
2,500,branch_primary,635.6812315178115,409.0267655889335,1060.6680954448702,755.905763354233,523.1457889316424,True,4.863389980681306,True
2,501,branch_primary,969.4279881466359,620.4764112855635,1201.7189314975844,1150.991573020344,588.1837119719869,True,20.380983516624497,True
2,502,branch_primary,849.2302859331542,525.3125776157583,1119.9499373064282,998.5716713122894,514.6649494912764,True,5.056715603406235,True
2,503,branch_primary,1182.841821828126,740.6329204568086,1459.7183643992041,1395.5829958587422,730.9523765694156,True,24.862631066980974,True
2,504,branch_primary,292.4257529860292,184.99979551214852,1240.8478891364844,346.031422487876,723.1693470549062,True,13.056335011873736,True
2,505,branch_primary,502.525462644279,302.20653022879543,1497.9021028953584,586.3963058536219,565.1348942913347,True,7.176467218559509,True
2,506,branch_primary,932.293009308157,594.7551794334609,1483.3266843610984,1105.8498897534816,565.6964577705143,True,8.394634739549181,True
2,507,branch_primary,1027.3512804202421,655.2185189522328,1243.866558413778,1218.5080881795855,622.7841200798805,True,10.219746147392103,True
2,508,branch_primary,438.9585807301946,270.14150783520535,1330.3856577400513,515.423194910886,608.5739664707773,True,11.862242188333294,True
2,509,branch_primary,848.183561745172,520.5339018074844,1451.4702295298964,995.1738025820664,510.4055159916449,True,11.047752895979265,True
2,510,branch_primary,911.8271041286819,554.1535976698714,1424.625750432348,1067.012126282621,528.410218179932,True,9.36162490460811,True
2,511,branch_primary,1269.750166179431,788.565609102601,1495.4930523519297,1494.6910063193827,802.4024787249018,True,53.84366933059165,True
2,512,branch_primary,943.3380603721189,611.7487101811265,1151.4939196305202,1124.3323265631489,581.4035255667835,True,13.761541917119587,True
2,513,branch_primary,1047.7352952838157,639.9328283212028,1230.772692967213,1227.706509613205,608.7908542750305,True,29.301742519562023,True
2,514,branch_primary,938.6845544131565,567.0620391567063,1469.8841264979083,1096.67134956029,537.4490636669276,True,7.051255166611786,True
2,515,branch_primary,624.1923233017604,375.944485373383,1479.3466751100123,728.6633739605053,508.32168331268394,True,6.867874005489389,True
2,516,branch_primary,1143.5917012269783,708.417373567735,1476.8056867664318,1345.234981067554,690.5679026538609,True,8.76148658572269,True
2,517,branch_primary,1153.9081501890275,723.105985222753,1495.273908525635,1361.7585266623564,707.1211643341933,True,11.654707624770941,True
2,518,branch_primary,1181.0277849926074,734.2163341371485,1429.2822053094098,1390.6474226914374,724.2859119810385,True,20.740316515319538,True
2,519,branch_primary,677.4569690089724,419.396933538549,1160.152881473508,796.7695606135828,502.92967237265833,True,10.062978192299338,True
2,520,branch_primary,946.3006485078957,599.5834930597189,1174.8141191459385,1120.2612563666378,569.0119309241389,True,18.223405177950966,True
2,521,branch_primary,1000.3317730294237,619.8434182938527,1311.6349119252368,1176.804792365496,586.7845136227413,True,4.333662866713524,True
2,522,branch_primary,1155.6386747554545,749.0702397446855,1483.1249917484831,1377.1735441336739,732.8472799547193,True,21.19383809219285,True
2,523,branch_primary,999.4289621539407,610.4822205577198,1497.124631769023,1171.130561470064,577.4226589478973,True,8.332673152095778,True
2,524,branch_primary,1047.8157647121516,656.0565430151553,1471.7658022134292,1236.2556630455965,624.8713132593999,True,9.621685813381525,True
2,525,branch_primary,1248.890001855137,757.7351984065756,1466.393944406594,1460.7836484702232,766.4028995931094,True,37.918449133840696,True
2,526,branch_primary,464.4181245405009,298.4399604769091,1488.6693701280958,552.0422125265197,597.2348649590932,True,7.432023801505217,True
2,527,branch_primary,554.3924603369774,347.86809803616995,1074.7704438912397,654.4946246607296,545.1455213172301,True,9.085723542629614,True
2,528,branch_primary,1198.3143488859498,740.3497317360119,1473.1749492318797,1408.571973321755,734.714276211183,True,19.33434460806143,True
2,529,branch_primary,1016.7490813110709,612.4620166924618,1225.4730160179197,1186.9660552172097,579.6605433594317,True,19.4407560216354,True
2,530,branch_primary,498.6902941210341,322.78901580440805,1136.464820215037,594.0410408166274,578.5385274916572,True,15.500579113455242,True
2,531,branch_primary,1040.354530921729,672.8256996793855,1305.1040863346145,1238.964072182251,641.072238236931,True,9.551068342557857,True
2,532,branch_primary,1087.4934922995624,704.9546192832694,1354.685331002069,1295.9950273989164,677.6385678429872,True,6.079320629971169,True
2,533,branch_primary,815.9550384114727,523.9914401513314,1035.978007410849,969.7162750314827,524.1047141846329,True,12.834783930314376,True
2,534,branch_primary,1171.0328927063813,755.844084357301,1497.5595647533783,1393.7784313362731,742.8707785556835,True,10.368378271352595,True
2,535,branch_primary,337.2437256433542,203.13867761493736,1151.2492504089264,393.6986827879354,683.7020814594977,True,7.575369643196268,True
2,536,branch_primary,977.1816257345837,589.8525143675394,1156.8707430262466,1141.406990682549,557.2382101486891,True,8.676769355006078,True
2,537,branch_primary,774.6687675411719,484.57046027521835,1042.738216374363,913.7396950855835,504.37110803448684,True,7.9470910359274685,True
2,538,branch_primary,665.1920438230723,426.2516331051274,1290.6123343013624,790.0448784026793,516.0723280082864,True,3.9413128672968023,True
2,539,branch_primary,1048.41609521313,666.4910821378253,1450.4194111292356,1242.3311439673387,635.321050890075,True,15.394628760987974,True
2,540,branch_primary,1104.758015836492,710.3093850180799,1419.8768748930404,1313.4038586816112,685.3877648783734,True,8.157667253225686,True
2,541,branch_primary,1012.858657193033,637.7938961919992,1284.2653239945055,1196.9393106881587,604.8828945892284,True,20.474923436024167,True
2,542,branch_primary,488.5818016074304,306.9811244331929,1026.326212505843,577.0178399497107,579.6747322911709,True,9.680388131921642,True
2,543,branch_primary,520.2829292355356,331.7891052269596,1068.447471518968,617.0723918643708,564.6624336272934,True,11.294301572349125,True
2,544,branch_primary,716.0368052210707,447.04680884321556,1151.132414029978,844.132427838251,501.707481669018,True,6.930150908527173,True
2,545,branch_primary,954.2224549867262,602.7615999489349,1357.690516461601,1128.6549694100029,571.4947495590419,True,12.590944741503494,True
2,546,branch_primary,1093.9545615163781,693.6919653913569,1299.2496524220696,1295.3552120986021,667.3572093953766,True,7.876883795713017,True
2,547,branch_primary,479.0444547008705,289.948228447438,1108.263118177777,559.9585384289287,580.3595780450931,True,9.106590120595317,True
2,548,branch_primary,559.0469768195846,357.9250430339922,1123.5244515354195,663.8101074268171,547.2617139325494,True,16.267470181724857,True
2,549,branch_primary,716.2967603348213,460.04918961282067,1000.1347922589756,851.3085843156837,512.3454060480877,True,13.466108304040683,True
2,550,branch_primary,772.2846470799444,481.64983072596004,1039.6728622313894,910.1703881986824,502.8308500767266,True,16.344868641649146,True
2,551,branch_primary,875.3338882875208,528.9319410182575,1398.498951861646,1022.7308610841326,511.17028981064107,True,12.486705066565246,True
2,552,branch_primary,32.55059368328198,19.870009485274764,1207.5641478384837,38.13605152711835,966.9927449716956,True,5.210268317289058,True
2,553,branch_primary,956.9310131159593,610.4470833602988,1306.1786458042397,1135.060617520594,578.9512083424046,True,6.608773843752456,True
2,554,branch_primary,880.6665787831905,531.0255781423339,1181.3064722732668,1028.3782317936768,511.93794353357606,True,14.698205208941557,True
2,555,branch_primary,935.2090699907483,605.5642739285147,1466.8916807595815,1114.1472498963185,576.0980618139113,True,9.787352159361488,True
2,556,branch_primary,1251.4916980853682,769.0709503329398,1473.5682918712578,1468.9117049784204,777.9691997117261,True,27.11907175449861,True
2,557,branch_primary,685.5295869618072,425.5969159447576,1167.3737624533792,806.8974838613113,502.626823833921,True,8.317405933955754,True
2,558,branch_primary,825.3863024220566,499.16642198522294,1201.9520021209967,964.587821332762,497.548945779046,True,9.808894456425792,True
2,559,branch_primary,604.7765587451236,376.736893877909,1415.5879153900478,712.5204370517163,523.3391865554422,True,6.293168650584105,True
2,560,branch_primary,704.1407468381101,454.94613135041584,1376.4835527169794,838.3258160097668,514.9736212018311,True,1.8518108800322008,True
2,561,branch_primary,982.676587464345,604.5602421984138,1253.9836870936554,1153.753163374894,571.7468742378685,True,22.099694371890983,True
2,562,branch_primary,595.4784303969944,370.4679392900067,1109.1271182664764,701.3138064446273,526.3460606262162,True,6.150333981426831,True
2,563,branch_primary,986.9661614282504,639.4497141113469,1248.9630915139342,1176.0094135173829,606.5187112810906,True,7.709163656705115,True
2,564,branch_primary,1256.8122647666132,785.0975410904891,1499.3046118060738,1481.87557436315,794.8551539022051,True,20.63217022522032,True
2,565,branch_primary,254.48161896027645,156.70713449689418,1264.660555223496,298.8612058981075,755.1633278874913,True,19.98870864688319,True
2,566,branch_primary,899.4952773592165,573.0164378080107,1454.4544200342611,1066.508130297053,549.131177893943,True,16.560343651972445,True
2,567,branch_primary,782.6007973603058,494.32738571144205,1078.9009781540615,925.6476501851529,509.6989789031177,True,4.722002847902484,True
2,568,branch_primary,1032.342435972502,641.1908328948276,1238.0479001035621,1215.2598854969262,609.019976908515,True,18.595370373386523,True
2,569,branch_primary,868.4389566782612,530.5864052689542,1030.1558337616723,1017.697477118155,514.4878420577197,True,9.137423830757553,True
2,570,branch_primary,1003.1033094869508,650.8738021076821,1463.010980489271,1195.7645904498859,617.8250214139573,True,12.489812409572325,True
2,571,branch_primary,705.0100904909793,424.116716207098,1381.99385980145,822.7479666704689,489.51256411453215,True,8.60565968860428,True
2,572,branch_primary,873.8709945882675,551.4521890494565,1307.5549323838588,1033.3199078649968,533.387150199319,True,9.774182804836402,True
2,573,branch_primary,1110.3694887615943,719.2591265299802,1440.6738051252996,1322.9716900483375,695.1059089399099,True,30.554215632036396,True
2,574,branch_primary,851.8629852854394,544.0251458499918,1308.9072523409668,1010.7590736750898,531.8540714615274,True,20.82017308573271,True
2,575,branch_primary,660.0086701248915,416.16140935374204,1318.8004885748128,780.2574980577378,511.84933196963345,True,5.9900560669344936,True
2,576,branch_primary,964.448955127201,620.9374385664736,1240.4299647892437,1147.0506046637363,588.919101064095,True,10.856920899337213,True
2,577,branch_primary,1254.1116202711887,789.466399355972,1491.199732453222,1481.908617901694,798.1241263585315,True,41.416889946626895,True
2,578,branch_primary,108.12621791033888,68.82402300465078,1425.086546004788,128.1718578399283,892.0444004571847,True,2.6678013188038703,True
2,579,branch_primary,647.818975312515,397.0402650774142,1052.0968210087765,759.8094477352201,506.0916013797754,True,9.089429515359189,True
2,580,branch_primary,1118.2220212603445,721.4877642590695,1446.2662856682762,1330.776120467722,698.5981526311422,True,22.181731876936603,True
2,581,branch_primary,207.8770263316568,133.2664335782953,1311.9563906323906,246.92671057455595,797.8938187284633,True,23.687647278545185,True
2,582,branch_primary,683.1849293016166,412.95463564288775,1310.7931020917413,798.2939175039511,494.3136674863433,True,9.806896835035932,True
2,583,branch_primary,908.9768379926921,547.6970579555257,1065.7914432908403,1061.230869933744,522.5301497143232,True,12.970489994162541,True
2,584,branch_primary,442.8573718808862,286.29450092227046,1125.5457433305496,527.3397321343969,611.4957515240117,True,12.638861320099648,True
2,585,branch_primary,733.7816356267676,469.2660187175616,1285.6318735226184,871.0029191145833,510.742156349785,True,13.400781804484785,True
2,586,branch_primary,274.82457474525484,167.9002367879275,1079.658123225584,322.05439974847775,737.0677836542815,True,4.140628375954775,True
2,587,branch_primary,1236.0042706350234,800.6876381527596,1473.8214551385347,1472.6870852012864,803.2491428024251,True,24.497416044539435,True
2,588,branch_primary,705.7813960974916,425.1447462985756,1238.6267321879864,823.9389749141646,489.87143997471577,True,11.816652357967186,True
2,589,branch_primary,872.7096230825387,543.0427220434128,1156.1362553926008,1027.8703635114625,525.4967213484513,True,9.566038247291637,True
2,590,branch_primary,1033.343130518888,659.8274049594982,1328.773789227447,1226.0384291392181,627.6833945372404,True,11.941476839426638,True
2,591,branch_primary,1129.9806604380296,726.4203608709636,1352.4685140632416,1343.3327337826122,705.5399119244208,True,31.945821859889445,True
2,592,branch_primary,922.725702115157,594.7683102533626,1305.8157417947784,1097.8032903145943,566.9249110591223,True,23.372532947392152,True
2,593,branch_primary,802.0552969934706,495.0966062187009,1231.5176799615122,942.5568146931832,502.4382893282458,True,15.956654770562583,True
2,594,branch_primary,967.4401580004869,619.7335834502904,1157.570044496951,1148.9169568633517,587.5468099558457,True,15.342751584737714,True
2,595,branch_primary,494.86862214514207,311.72451824281006,1385.4699397133359,584.865051492687,576.4199328063726,True,10.252894323995978,True
2,596,branch_primary,1187.369304007749,723.0472061403389,1421.2878346342416,1390.1953554832485,715.1191104670932,True,5.500721984771834,True
2,597,branch_primary,1018.461912176138,635.4534119438636,1437.302389617315,1200.4439617510568,602.6936821212754,True,16.492145971260058,True
2,598,branch_primary,878.1270060656074,542.4233679695488,1101.0348783004872,1032.1483172980402,523.6139575212159,True,3.0212757291371832,True
2,599,branch_primary,1197.8189639717382,765.4877991336713,1476.725599165619,1421.5279951773164,758.8148825432693,True,25.35416424960974,True
2,600,branch_primary,722.4465063632294,440.58592905190255,1416.2913832671566,846.1943721361918,492.75810454882577,True,5.2943033315196235,True
2,601,branch_primary,1090.6770054461085,689.5656579827437,1481.9574296195763,1290.3786757684989,662.8137016824014,True,5.579854690837028,True
2,602,branch_primary,445.4381891133495,280.72311395656607,1266.3295584452728,526.5174707738113,606.8525935284537,True,9.22651631172133,True
2,603,branch_primary,1254.8694385133367,805.9030587837818,1493.940846528299,1491.3675093255292,813.9560378773768,True,40.155820923297334,True
2,604,branch_primary,967.1148962798894,611.8931183316045,1453.4959732988755,1144.4319162222084,579.7362016734562,True,12.129945698986212,True
2,605,branch_primary,731.7692424205469,446.0402810520688,1165.9577236385844,856.9936735319285,492.14619115858784,True,6.749222837368323,True
2,606,branch_primary,1131.7921306371989,734.4788666221208,1398.2898282446479,1349.2266794304082,713.7944975773269,True,23.059930242650466,True
2,607,branch_primary,1242.2476147384423,797.4312796841525,1477.6446999991676,1476.169293184916,802.0057115957095,True,22.66145912908409,True
2,608,branch_primary,901.5334730897962,573.7207952386029,1207.8984887156619,1068.6057055764607,549.4568934885974,True,8.328873262722842,True
2,609,branch_primary,731.2416887750826,464.7902250264415,1224.430804425515,866.455054046524,508.2606401809933,True,11.080687147532048,True
2,610,branch_primary,411.5775453974984,266.6742571542515,1269.3985895520132,490.4194483339764,632.592939020457,True,12.272926992081233,True
2,611,branch_primary,1152.6825516799518,728.5629939401063,1377.8872901541038,1363.6279188570377,712.1827024812777,True,12.602155799958057,True
2,612,branch_primary,977.6958757549846,628.6499968803403,1334.2193289572783,1162.3639894826226,595.9877138869978,True,20.03179840099487,True
2,613,branch_primary,1070.3100242108899,651.7166199122623,1278.9368202868,1253.1153580561447,622.7015486671945,True,29.193538708251538,True
2,614,branch_primary,688.4509158125005,416.15523301304927,1345.1086321025352,804.4562396098472,493.4418180726027,True,10.454337311782231,True
2,615,branch_primary,1014.4347836037028,658.1964402252265,1235.6517961505247,1209.256169763153,625.3163669015951,True,20.442839333573747,True
2,616,branch_primary,144.55363686446094,92.8805592910356,1371.163234095453,171.82127989558808,856.9901563742469,True,24.277159440480954,True
2,617,branch_primary,781.9004980957739,498.6313789890738,1469.864841788652,927.3627343359042,513.8933493525032,True,4.105523964858343,True
2,618,branch_primary,465.48672529076885,290.2463791495111,1035.1278531718604,548.5625324712994,592.6765143771557,True,12.82750649280305,True
2,619,branch_primary,1051.6834508378645,663.1877946315504,1470.4703393175275,1243.3246284516763,632.2891501183647,True,17.066974190728633,True
2,620,branch_primary,848.6738959045122,536.9341797752261,1333.8149218155186,1004.2637576855184,525.9506479927373,True,6.249513060261898,True
2,621,branch_primary,1117.2003249954178,709.2908072375791,1373.9877582146578,1323.3404759930845,686.4058851352193,True,10.92151393885647,True
2,622,branch_primary,871.1636443479342,554.3959926477962,1066.6038167933068,1032.6088377975027,536.8891234734494,True,5.7122178354746005,True
2,623,branch_primary,1177.390919028262,721.7786330566402,1474.6770800133904,1381.0191060761351,711.3337650439142,True,11.335561630049114,True
2,624,branch_primary,798.6282154029101,507.34977716513146,1290.0823763319622,946.1558131867845,515.055294249372,True,14.785954372578512,True
2,625,branch_primary,817.6046541913631,524.554230874518,1357.2793869616528,971.4085194621961,524.0572198519519,True,17.624080194902845,True
2,626,branch_primary,242.62898667778563,154.2420013551287,1020.4155238923421,287.50551326596263,766.4648399431451,True,5.531671571863721,True
2,627,branch_primary,1061.563851636049,650.7236402721151,1277.0308383887366,1245.1341562696593,620.7790458055498,True,25.226301634827777,True
2,628,branch_primary,923.6122927170877,583.2270528936044,1424.6131295241732,1092.343106576443,555.3702719042059,True,15.197793666969137,True
2,629,branch_primary,407.6872496848756,249.37636037423894,1350.4990097388184,477.9094712067552,630.0635793900806,True,9.024353694999117,True
2,630,branch_primary,1061.1507432060116,679.1208439609923,1299.9964802348934,1259.859524117257,649.0005732723583,True,24.830407715775493,True
2,631,branch_primary,661.8869720666631,422.6805348940211,1332.3719799997264,785.33636002026,515.5148731119667,True,11.463890838381726,True
2,632,branch_primary,1090.1812627209665,698.1510646542004,1483.4403733072809,1294.569463051587,671.2512605893769,True,29.96388784595232,True
2,633,branch_primary,1036.6803024857918,656.7908490932888,1228.932868749725,1227.2246204402502,624.8412293176164,True,11.098419974131927,True
2,634,branch_primary,1159.8006105992583,713.0361581839844,1479.1521656857617,1361.454376475462,698.6267991534448,True,11.469014732218081,True
2,635,branch_primary,1106.6875086576815,697.4808645127307,1399.954366035371,1308.142499187444,673.0191859899428,True,12.329968707346515,True
2,636,branch_primary,1128.840974560345,709.0147053968876,1449.1028873167893,1333.035557783582,688.2270733496902,True,5.92095414453913,True
2,637,branch_primary,581.0792830700751,364.6274910114726,1167.515268498185,686.007536703901,533.8297286507346,True,5.002439640124378,True
2,638,branch_primary,1200.2238296629027,749.1536680387607,1495.571371872423,1414.8386691162402,743.7066227106062,True,42.56853203121275,True
2,639,branch_primary,322.5076141499745,194.96692503708866,1323.61151966531,376.85973921755897,696.0384820591186,True,7.798978080539734,True
2,640,branch_primary,957.1750225266439,583.9768790938556,1250.8566757562442,1121.2551088245177,552.5371932483275,True,19.180713929164586,True
2,641,branch_primary,60.43280114415616,38.53873771001027,1416.7357972214797,71.67536367825481,939.0365674663329,True,4.715014875235766,True
2,642,branch_primary,1145.5510147989191,735.5678653780207,1418.7701379071857,1361.3769544412053,717.5391515961043,True,32.716808902754245,True
2,643,branch_primary,474.13796330119925,289.7900675415955,1023.5760462033217,555.6843451899394,584.6938026675505,True,7.437191013234172,True
2,644,branch_primary,1277.3817170788302,773.334501958765,1495.684145008409,1493.2348452427273,790.7282373056413,True,9.951877024688564,True
2,645,branch_primary,1227.4327223103603,782.9861678618721,1475.3875663675935,1455.9046764336056,783.8140678854164,True,24.045334691376137,True
2,646,branch_primary,467.7846685411845,291.80920383008396,1490.7240437913895,551.339376030892,591.2892687284275,True,8.999805908686648,True
2,647,branch_primary,1066.2107982219231,683.0556668540171,1482.3908651214467,1266.242674318954,653.4152497539851,True,15.711456453570563,True
2,648,branch_primary,1141.5510714040593,716.0826415999625,1362.8961439106206,1347.5582355596125,697.6476761690599,True,42.592793921102086,True
2,649,branch_primary,268.1496107226257,173.40895657402214,1283.1377984053508,319.3350590692898,744.6496896379075,True,14.37383279393901,True
2,650,branch_primary,1240.357280074391,799.2382700150667,1485.080059028649,1475.5568421752575,803.1590750985289,True,12.274164288967933,True
2,651,branch_primary,527.1000905555373,318.4365960911523,1468.0848289338323,615.8217040619593,551.8674520768675,True,9.972210314385432,True
2,652,branch_primary,808.1980463399034,521.6433052468092,1272.8756917937533,961.9229802933561,524.6834073511309,True,12.241140348751287,True
2,653,branch_primary,758.6655842357469,488.77250050486003,1080.2730312370932,902.4810391102633,515.4154114634359,True,7.86065933025242,True
2,654,branch_primary,771.0941663578072,468.3901460346886,1404.5717426081976,902.2059312005429,491.58991979003304,True,10.559462329903756,True
2,655,branch_primary,1188.094878915747,732.5825634922405,1483.7795815326838,1395.7960644874615,724.5122796170896,True,30.204671954103784,True
2,656,branch_primary,969.1465628700998,608.1837569248567,1257.4763398205082,1144.173300907761,575.9221673161038,True,17.570948013938054,True
2,657,branch_primary,825.1646726440508,514.2902846687693,1214.6876129568736,972.312312934711,511.8198540246155,True,4.451885548475664,True
2,658,branch_primary,1036.9336456403653,635.6414923253249,1341.0819548749673,1216.253054354473,603.7464307712979,True,23.609473804411518,True
2,659,branch_primary,382.30191777973687,236.87765008369493,1251.911954023193,449.73967742154804,649.9367233409606,True,7.598861105705642,True
2,660,branch_primary,963.6247828259217,609.2959913258483,1469.1622445554203,1140.0939992483309,577.3492105711856,True,18.020317755961425,True
2,661,branch_primary,1246.8713042469717,788.4012966541229,1497.8900903814706,1475.2168159021394,794.8312799175843,True,21.357225921560577,True
2,662,branch_primary,523.4085113027787,315.71892348247735,1314.6974684435131,611.256826832327,553.6379996872349,True,9.502632724893198,True
2,663,branch_primary,167.6232901084414,102.86045029818598,1405.1282728682343,196.66682389850178,834.7535372160037,True,4.703512201902764,True
2,664,branch_primary,705.0108552614561,433.9802719923507,1451.0998245870453,827.8763087050169,497.4271985981668,True,8.299983631896117,True
2,665,branch_primary,1157.385671379834,741.4506440496193,1490.4364769698236,1374.5146961298537,725.7827034127771,True,18.149500395012538,True
2,666,branch_primary,1259.3362750711262,797.1180890510218,1492.0110770626077,1490.41105122123,807.0468078199757,True,4.245730008071395,True
2,667,branch_primary,982.3532272087227,608.8795713031583,1162.456073370023,1155.7474617569835,576.0738653212309,True,16.543002326514227,True
2,668,branch_primary,1117.923269038718,704.875407178701,1423.1975558395036,1321.5906231142658,682.1815326548606,True,19.50021525906125,True
2,669,branch_primary,959.4282959604495,607.5784016119351,1320.1877407571621,1135.6294154322024,575.9113686487547,True,21.1636569249122,True
2,670,branch_primary,861.4860538316398,524.7981984228646,1497.1008330027976,1008.7474262739386,510.72680605372767,True,13.526692577233684,True
2,671,branch_primary,516.5981836432074,314.2124123163676,1336.1190216573934,604.6512411275876,558.745084082062,True,6.873157045210767,True
2,672,branch_primary,979.2140291312329,626.6194618058255,1163.8972239679736,1162.5455108344127,593.9048627212703,True,9.300276387685429,True
2,673,branch_primary,907.661303842624,557.8981536146124,1093.439926700296,1065.410433729596,532.8051547825373,True,6.704601294110756,True
2,674,branch_primary,863.262427138606,523.2363920019791,1442.3225158310197,1009.4544764497732,508.74482904655014,True,11.170578345215349,True
2,675,branch_primary,1204.190077810905,781.0695451555591,1465.3472663812133,1435.3199566186438,775.5230807649377,True,12.67544234372234,True
2,676,branch_primary,628.1806272166347,394.97991522387645,1383.829100061456,742.0377576919824,518.4879954066997,True,12.989947463801345,True
2,677,branch_primary,613.9518565250497,370.3674379989588,1262.2939892093534,717.0138919577973,512.2382553615097,True,5.729931658555969,True
2,678,branch_primary,1250.392593026878,765.3707995449276,1477.9493418608636,1466.040278264046,774.1125470099917,True,6.6308061880884965,True
2,679,branch_primary,306.64429676090725,198.39351588880052,1293.0968338932275,365.2269320336482,712.2638181387149,True,18.18139917306854,True
2,680,branch_primary,950.9741592066365,572.1537638250492,1428.3693197446562,1109.82511277135,541.2696125518029,True,21.053027054074647,True
2,681,branch_primary,586.759817278536,363.8635275739871,1370.626977025955,690.422877569484,528.9113753499486,True,11.31478897065839,True
2,682,branch_primary,1145.5015853042912,734.0291440973235,1417.5141586439431,1360.5045631378432,716.0226478005895,True,32.31438414073881,True
2,683,branch_primary,605.0026670726648,378.159630633844,1179.8530538786922,713.4654395317009,524.1044025764946,True,11.690374390054231,True
2,684,branch_primary,945.8445773403892,579.1132508568107,1169.5028367863508,1109.0510005415274,548.6788997678661,True,17.471050987980174,True
2,685,branch_primary,997.8471084100515,613.0037015843552,1381.8149599778042,1171.0987959683087,579.946363908561,True,15.812167559959018,True
2,686,branch_primary,1084.3830807407658,695.3899204169265,1308.9290444780854,1288.1978913250455,667.7533654159403,True,6.308156869823851,True
2,687,branch_primary,1027.4165593898488,635.8046582531381,1480.1476963749155,1208.2352212896562,603.3933958233139,True,13.278831729232381,True
2,688,branch_primary,1142.8195715235752,724.0580696846142,1373.3276291549291,1352.8845705871354,705.7143907980862,True,29.59326718100623,True
2,689,branch_primary,760.0173624318314,490.0809152736134,1188.2254232511214,904.3260997633876,515.9439168282087,True,13.195120092535817,True
2,690,branch_primary,686.7496179260714,432.98708209143507,1131.5686553723988,811.8514956441604,507.6668849666506,True,9.002228686804672,True
2,691,branch_primary,1151.1527910033017,697.5460080431387,1475.097087200911,1346.0026677431251,681.5826781183639,True,35.6437695617337,True
2,692,branch_primary,388.86724547136066,238.31287621295976,1187.8321006268932,456.081968037958,644.161745702962,True,4.965248772197713,True
2,693,branch_primary,1235.4339919298263,757.2150440953773,1450.6877885902973,1449.024420574074,761.6350896097828,True,5.13985091492448,True
2,694,branch_primary,681.8254666076015,411.1936881063021,1217.845927473601,796.2199545685453,493.83490224978584,True,11.29647180235839,True
2,695,branch_primary,621.2544601076993,373.8571356797592,1413.1900472437503,725.0698325695139,509.0946980948642,True,5.335928270556736,True
2,696,branch_primary,1077.8646645245167,669.1005341628128,1452.8453897270629,1268.6558870897618,640.8560268388659,True,19.310905914587526,True
2,697,branch_primary,556.3571460389126,347.86208661485415,1390.5967685405294,656.1564640027592,543.5392395045661,True,13.473301179909653,True
2,698,branch_primary,1207.4714213921204,727.6755499447381,1492.4655428625363,1409.7868418545,725.0950797745521,True,11.05784632398388,True
2,699,branch_primary,538.0315185129983,327.2505110731292,1332.8272279832095,629.7386854172349,547.2279705268173,True,10.779897969003613,True
2,700,branch_primary,1143.7106511522468,729.4433157592666,1370.1490438672704,1356.5255635132607,711.1683989450818,True,44.877521750151615,True
2,701,branch_primary,708.2406723647946,439.17448248440445,1119.2507800890774,833.3541120419222,499.73410083346033,True,11.66610208544324,True
2,702,branch_primary,884.2412435199622,546.1677909526823,1462.6463582059896,1039.3179651174428,525.8839146022449,True,5.819918370776408,True
2,703,branch_primary,724.0169811772048,448.2486188873346,1114.8551542594012,851.5441347149048,498.2440812064307,True,6.6237492682361205,True
2,704,branch_primary,518.4658310741414,330.7274920686147,1402.4582718495708,614.9695049361356,565.6458449354286,True,9.038408441920817,True
2,705,branch_primary,955.6868610213758,583.5846793544333,1146.5098091931777,1119.7805384565795,552.2620873911967,True,5.391692106967006,True
2,706,branch_primary,1037.5329073696605,662.436686594097,1355.655030906453,1230.9739630149397,630.5280445454814,True,17.05995980844153,True
2,707,branch_primary,1271.007452550471,782.6619082074986,1494.461739436734,1492.6552204035067,797.2736605382853,True,42.919532648051096,True
2,708,branch_primary,889.391292426319,572.5964681502794,1224.0138222371029,1057.7729370625493,550.6484693567825,True,24.254653458123872,True
2,709,branch_primary,1058.001835445204,659.2156025561865,1447.198607596871,1246.568527782944,628.887357336665,True,15.840833814086634,True
2,710,branch_primary,1146.1837521518337,691.9930629322193,1474.4065184817782,1338.8769894367333,675.0727069240859,True,10.443784461193978,True
2,711,branch_primary,631.4294294647207,379.8843319323927,1066.0634535315708,736.8956710701067,505.6966002778521,True,5.394018080141695,True
2,712,branch_primary,912.088996850075,556.3399397181391,1377.2805420396837,1068.3728125989348,530.5232224784409,True,9.959725160605291,True
2,713,branch_primary,892.8336193647948,537.3560293515343,1084.256258336067,1042.0668760441847,515.4441782706839,True,11.812167151664715,True
2,714,branch_primary,52.20039509035925,32.23321348848411,1249.2601743024793,61.35031621258195,947.2533486271788,True,7.427837276292991,True
2,715,branch_primary,491.30005342769766,306.25885937649747,1105.960233421136,578.9388840323751,576.9381792337422,True,5.507358624834896,True
2,716,branch_primary,1235.1838091143113,790.6153458178351,1492.1535446732405,1466.5441238983553,793.3848996980076,True,16.544965495991384,True
2,717,branch_primary,1185.211045103078,740.1253198473098,1445.747715541357,1397.3226937659795,731.0594330612304,True,17.226509353159805,True
2,718,branch_primary,589.2681246025478,359.40343940877887,1435.6847810652284,690.2229747925402,524.1681721315276,True,11.49631363343113,True
2,719,branch_primary,1015.6619180953767,634.9768641907665,1268.3190453532054,1197.816659563023,602.1354956531837,True,16.204087306642847,True
2,720,branch_primary,848.8503522029606,538.1588640045875,1457.1390478060375,1005.0680988578825,527.0735980178094,True,8.301327157761442,True
2,721,branch_primary,840.3824434613371,528.8352240888744,1477.7138456903801,992.9296780312176,520.6698290559258,True,16.890583275298198,True
2,722,branch_primary,1099.6576794333007,668.7790064851303,1417.3692857483488,1287.0556986594906,643.5682659233881,True,27.04839730197697,True
2,723,branch_primary,829.6518117613543,499.23480417366375,1314.9163189542971,968.2755384998704,496.13700727522075,True,7.019406492780833,True
2,724,branch_primary,1050.67694250398,636.4204609432607,1457.1509027861825,1228.394497145255,605.5313594198846,True,30.289422601800986,True
2,725,branch_primary,1089.650945424975,654.9769840507895,1392.709177617885,1271.3512624376513,628.4241242268218,True,16.463151658516093,True
2,726,branch_primary,677.7107089554374,408.91681462866836,1249.3385022389643,791.5205406803657,494.75956053409817,True,11.932867986410846,True
2,727,branch_primary,810.6550013432982,523.2489566984134,1044.6247398512392,964.8580216222907,525.2908447448607,True,11.55311262600811,True
2,728,branch_primary,649.2312059366582,413.71022365097895,1313.181937425461,769.8423916070811,517.2528391628261,True,4.300605441424064,True
2,729,branch_primary,1193.3140163375792,738.0510728397852,1455.052811314027,1403.1100198158667,731.1600202608315,True,37.953710220100646,True
2,730,branch_primary,1079.950688562773,673.0445463495611,1481.7566342137204,1272.5102950853066,645.0275933548709,True,13.702353031345686,True
2,731,branch_primary,1140.8893332514285,736.5920856010305,1369.315645960957,1358.0119186873749,717.6086255970215,True,5.098368936968605,True
2,732,branch_primary,384.21896145485266,242.21595993320383,1065.6838659042903,454.1946516503788,649.8151987615703,True,10.865262185958196,True
2,733,branch_primary,525.1460322993539,333.2838453897282,1107.9612883788363,621.9778748778114,561.3395438189903,True,3.292212878835528,True
2,734,branch_primary,444.26354753615556,280.67417013182,1374.9113360898484,525.4979442857943,607.9052128502597,True,12.31914316939574,True
2,735,branch_primary,1070.829268662894,682.5959024525747,1424.5572988256422,1269.8868015182115,653.4462291717473,True,16.672401716350585,True
2,736,branch_primary,527.8879879483375,327.1670221377187,1008.3561013693146,621.0507130618292,555.7635469408482,True,6.150259088702594,True
2,737,branch_primary,529.8639839789427,339.57443084521645,1121.925063556199,629.3382521362339,560.772296642142,True,9.695103536965327,True
2,738,branch_primary,1018.7617703331377,659.9195366417149,1233.2930792766097,1213.8242622116782,627.15727011663,True,5.320254884981841,True
2,739,branch_primary,912.5699302113023,560.1054220988646,1404.2033808620736,1070.7483184158677,534.1592205806578,True,10.192449418100018,True
2,740,branch_primary,790.7993568400627,492.91479127427203,1015.0277176836306,931.8415177677028,504.9785485782421,True,14.719141889432695,True
2,741,branch_primary,1085.0487488386927,688.2325645179731,1404.833563367138,1284.9104444354862,660.7406674847498,True,26.815444082018846,True
2,742,branch_primary,997.4874514785811,616.19719089828,1250.3108307834118,1172.4675662585153,583.1409426354099,True,10.958835093239387,True
2,743,branch_primary,345.5829864182219,215.9776301825642,1107.835107125189,407.5217015583506,678.9738695362531,True,6.196936784438951,True
2,744,branch_primary,479.4840396130357,292.90202327169897,1249.5088729001923,561.8687920505018,581.2798146909116,True,8.449455795756863,True
2,745,branch_primary,1096.6826284405179,699.1551602370387,1325.713725989443,1300.5886073656352,673.1544190875863,True,22.13334360939143,True
2,746,branch_primary,1227.5294973104235,789.9464727559621,1495.4147126163314,1459.7411060139284,790.5039590501883,True,42.33032985990257,True
2,747,branch_primary,883.311888031701,544.6461806067817,1155.5285566495093,1037.727976681598,524.6043415058165,True,8.32240003405906,True
2,748,branch_primary,523.9330036411354,325.44634460521456,1141.9146552273833,616.7828755091357,558.2200838556914,True,6.957571803397299,True
2,749,branch_primary,1219.1936880937515,740.9661143194417,1458.6962483833986,1426.6968955097982,741.2270152914676,True,18.093611378736224,True
2,750,branch_primary,1046.7180886736712,635.798403149006,1460.8615800409946,1224.6870484346152,604.589168653766,True,7.483303835371268,True
2,751,branch_primary,756.9398053671064,470.72007448125055,1005.6113075422264,891.3670722372613,500.3594303565524,True,6.676089390268764,True
2,752,branch_primary,479.2711579039252,298.7073754172461,1265.379184404755,564.7361675395235,584.0875861572613,True,6.307606673490656,True
2,753,branch_primary,1210.8362900700859,761.4347012256549,1465.8209243626764,1430.3521683771767,758.4280299021794,True,8.060375034736884,True
2,754,branch_primary,526.9972482094253,324.64315179852315,1318.348494097618,618.9662960371796,555.1898678214152,True,10.324008910793161,True
2,755,branch_primary,1138.332246479588,723.7769151709491,1365.5418119672802,1348.9452643860836,704.5408436995092,True,16.101581163337986,True
2,756,branch_primary,1233.3261437847466,743.994020268099,1494.5587449842876,1440.3542894502177,748.4145053910789,True,40.49594403173292,True
2,757,branch_primary,1189.4416426106463,743.7754159718841,1466.983334750121,1402.8447136374225,735.6715052190043,True,38.5738757664422,True
2,758,branch_primary,500.61988510815786,310.8940786628721,1046.0877928891769,589.3007699921503,570.9876333836296,True,12.544383271843786,True
2,759,branch_primary,574.5916550513557,366.045566534938,1464.1723589921735,681.2818262911024,539.8028966623872,True,6.469140467920481,True
2,760,branch_primary,921.2668818825448,560.7179015005967,1420.0258011975288,1078.4884017535003,533.419583547509,True,16.34215519485904,True
2,761,branch_primary,809.094755286163,510.0612546209419,1395.1812210404364,956.4501066428219,513.5825365939963,True,13.523605699543118,True
2,762,branch_primary,1195.8748925572074,761.58223226717,1467.945213280729,1417.7885086125357,754.5374014693875,True,28.439750245367065,True
2,763,branch_primary,637.103318960445,404.41935459409865,1263.218491126471,754.622855074455,518.8503296460527,True,10.90179272837691,True
2,764,branch_primary,1182.6201825105009,742.8232308396233,1444.3062427375608,1396.5589312149298,733.017422552824,True,44.35559720415051,True
2,765,branch_primary,1090.9403841156432,668.995361893492,1332.290451224135,1279.7287665475803,642.4828501583445,True,13.314738662379375,True
2,766,branch_primary,1050.657489387663,643.7450135027009,1497.6792817915152,1232.1886229047807,612.8283454648571,True,20.97715362451183,True
2,767,branch_primary,509.59761281674815,318.6739922107586,1009.6803915851184,601.0348078939114,567.0399267496033,True,18.53030818439139,True
2,768,branch_primary,894.802294677316,560.2143255015252,1489.2327416416824,1055.7041427677166,537.4420851541822,True,14.509885041120022,True
2,769,branch_primary,1088.2909892408582,665.8298380211278,1440.0254425039302,1275.816072348239,638.9760107304663,True,7.184798916769833,True
2,770,branch_primary,519.1708247586703,314.4426992962765,1290.124903439066,606.9699798353511,556.6397451700695,True,6.8087798776649375,True
2,771,branch_primary,675.2413827848359,413.6893435164438,1044.0013283889011,791.8900163307045,499.99245168894953,True,8.526485121187594,True
2,772,branch_primary,1048.2563944261824,643.8093595617263,1459.908473553822,1230.1755809292674,612.6965390504971,True,25.063534662367235,True
2,773,branch_primary,1228.8258432408081,754.7609118412031,1445.2431133455593,1442.1085212493017,757.2744308169079,True,29.318028791899817,True
2,774,branch_primary,980.1542268900248,625.8149723460981,1250.6733750498133,1162.9044191604612,593.0695016456756,True,16.50306493416322,True
2,775,branch_primary,922.29601748798,568.4589537329789,1186.3710913007699,1083.4092144491763,540.9304646890859,True,15.033626920306668,True
2,776,branch_primary,1169.4691082446493,742.219435760219,1474.7099666206775,1385.1164882271646,729.2551495244732,True,3.780677668731668,True
2,777,branch_primary,273.10344819477143,166.61191912394742,1346.9879330154654,319.91409004612314,738.5258697278578,True,3.028310712171698,True
2,778,branch_primary,858.460513400456,527.1688124081311,1362.013092202829,1007.4033004926944,513.831626674405,True,3.958306144134024,True
2,779,branch_primary,1121.5719229890683,695.639878833932,1413.1949697657165,1319.787262956225,673.7400194654039,True,23.324729752416292,True
2,780,branch_primary,916.9968862095084,587.5959615992244,1408.5252646838544,1089.106194732934,560.6332957018454,True,10.353903645999486,True
2,781,branch_primary,575.3190928496211,346.5750395607507,1406.6264721291634,671.6444867962864,527.4294748205442,True,14.680436766263632,True
2,782,branch_primary,659.7705268515244,410.3518738483649,1106.8401533266217,776.9722057273365,507.67502542050966,True,12.830811788584153,True
2,783,branch_primary,421.3111110009272,266.9287372846165,1115.7326573339092,498.75244665183897,623.6531713097701,True,7.201942866632255,True
2,784,branch_primary,1236.247775511218,775.2075899825112,1493.3356455193205,1459.1968236063728,779.0091651856933,True,30.486272387232688,True
2,785,branch_primary,462.785196383585,286.934757264128,1230.740048621344,544.5196901104839,593.6879294145102,True,10.507068717609277,True
2,786,branch_primary,753.1358166199669,471.7350236101356,1201.548618061423,888.6773828427724,503.09890096599815,True,14.203324622543054,True
2,787,branch_primary,790.2800950722549,508.360245291432,1068.0072461405184,939.6663065472642,519.2920218111759,True,12.038471253722685,True
2,788,branch_primary,685.6533567402766,437.00778892105933,1176.6090559751983,813.0783069218378,511.5120981821593,True,9.128144681214435,True
2,789,branch_primary,1111.6749998715748,714.5991377419555,1461.346865653629,1321.5419906310249,690.7169350471787,True,11.971178358195948,True
2,790,branch_primary,683.7194683602929,438.69545038182633,1224.7889506974675,812.3583012443432,514.0314959913708,True,9.724628090406247,True
2,791,branch_primary,697.4959015748916,430.8741428030628,1228.821196057529,819.8494127887419,499.43444150006644,True,16.983523294694173,True
2,792,branch_primary,527.1296828008449,341.8029446380176,1281.2304920505112,628.2475272159367,564.2802090085185,True,5.23975251685404,True
2,793,branch_primary,1178.5772099058975,732.0776812015247,1405.3346431972727,1387.4371953436203,721.603544933648,True,31.452390047101183,True
2,794,branch_primary,999.5947170199705,609.5266097384969,1322.3395636403052,1170.774225149128,576.4670649378065,True,13.346988829924253,True
2,795,branch_primary,1260.4374256096048,767.308400122047,1481.798687112554,1475.6234901814296,779.252222614169,True,30.39361397318821,True
2,796,branch_primary,586.3729259912599,376.5297492709051,1359.684605760489,696.8556955507806,537.2217732470275,True,1.0670486454700816,True
2,797,branch_primary,1104.9857810910612,700.9145899349053,1433.3769106080888,1308.5392003287632,676.1415718303023,True,8.237005004577627,True
2,798,branch_primary,1136.4289547944472,693.6930003872546,1484.5279470152373,1331.420575205848,674.6842572199199,True,24.73420817970218,True
2,799,branch_primary,714.1702535879532,459.58672918564343,1077.3107667380305,849.2697526424919,513.1392484758308,True,5.195053801290804,True
2,800,branch_primary,899.8032836892538,568.0381705561256,1130.8062369216202,1064.1021156574748,544.1803504592227,True,19.657675866835724,True
2,801,branch_primary,665.9826218773699,400.64355398282197,1068.028821711203,777.2053203566238,496.30710228582984,True,6.458982903767739,True
2,802,branch_primary,1263.5439892986292,778.6000054160137,1488.8805321726,1484.1702669594588,790.932614555899,True,4.9543453482961395,True
2,803,branch_primary,628.0053988981967,398.4345808099748,1018.3404051163901,743.7344258742522,521.0302384498394,True,8.668979894751608,True
2,804,branch_primary,786.0051302684071,479.05217024956255,1266.0361853404797,920.4863098542376,494.4386344271059,True,3.5187814074502324,True
2,805,branch_primary,1238.7866897492997,786.8673369118512,1499.8733935020887,1467.566921335711,790.8897476342521,True,27.746909570061987,True
2,806,branch_primary,631.5039191962838,382.4797360830588,1471.0595804405762,738.3007168318563,507.4261188460479,True,4.431269488865832,True
2,807,branch_primary,632.1919148116431,384.02841343250407,1291.11870896766,739.6921247902387,507.99618188371176,True,6.437334280324887,True
2,808,branch_primary,140.9053024892428,89.70651888536062,1349.70947469839,167.0376119325063,860.4148329374451,True,19.294215591133323,True
2,809,branch_primary,1136.6260429767165,697.0626168843578,1410.5323852060717,1333.347311629861,678.0238899157603,True,15.627898537168692,True
2,810,branch_primary,392.234508043897,249.80787733206105,1329.3584318647825,465.0289075719788,644.7438208986558,True,12.413075072969708,True
2,811,branch_primary,578.770113554139,363.6703065395444,1404.2151689297439,683.542929304398,535.0494161742154,True,5.994983708578186,True
2,812,branch_primary,1100.4388961733616,705.3871945627578,1431.2265043548182,1307.1101171914952,679.8694868517863,True,11.990250339153146,True
2,813,branch_primary,683.1366449744792,418.00622333433824,1465.6299661413232,800.877567705092,498.2371031017349,True,15.180229435086318,True
2,814,branch_primary,1006.9032039114486,629.8519550535359,1297.2967568678084,1187.673165198196,596.8388895533922,True,10.292296040267594,True
2,815,branch_primary,989.9038826248461,633.8998584104468,1297.647177510171,1175.4738309841396,600.9161793475344,True,12.23482479783146,True
2,816,branch_primary,1108.450317598105,702.6739898061903,1421.1374704057496,1312.4072700703427,678.4274562898988,True,22.396316083885583,True
2,817,branch_primary,845.3727401306153,528.1470340565435,1196.0611864173059,996.7920341468769,518.509835447234,True,12.564389605337313,True
2,818,branch_primary,1147.378251056713,711.6271991523197,1455.9698084639433,1350.144481739394,694.5039989273215,True,24.198214662043295,True
2,819,branch_primary,1199.7708677379028,737.6009977947334,1416.259396089229,1408.3697550786678,732.465513968772,True,6.037424775671087,True
2,820,branch_primary,1023.2948139782155,637.8099201313468,1312.1355122369573,1205.7917608495532,605.2201329475541,True,14.19564879283341,True
2,821,branch_primary,1136.7907899459544,695.5832957717982,1386.4428955444168,1332.7150563652772,676.6086467918485,True,4.270726123096432,True
2,822,branch_primary,760.9387870434732,488.5063625903633,1155.4430178670266,904.2490276016114,514.1215816036649,True,6.688905050729103,True
2,823,branch_primary,1250.6762093799425,775.5166554661712,1474.8950532739925,1471.6035687692586,783.8082953150221,True,39.144443318452836,True
2,824,branch_primary,816.7763957075637,512.1306336292218,1313.1360774727475,964.0547009825256,512.7182202139687,True,8.538579972873015,True
2,825,branch_primary,947.6610356306024,603.7972451335274,1181.2615822381363,1123.6692358889707,573.082847483247,True,7.298008503223668,True
2,826,branch_primary,347.55959990659676,217.45363018908395,1487.7471111782252,409.9801907039467,677.4707943055936,True,4.668263025030989,True
2,827,branch_primary,507.1381873472477,321.5765206304785,1293.2271426010118,600.5002911628409,570.6279764350705,True,6.065544243804999,True
2,828,branch_primary,709.5748833341198,427.996128327083,1387.9531221730967,828.6598825342052,489.9024760634648,True,11.884775400243472,True
2,829,branch_primary,1136.2480550861737,683.6065669035213,1392.8661599443785,1326.038302991558,664.7737868323077,True,9.313154048108302,True
2,830,branch_primary,760.7875108649691,464.1715143411153,1202.222034465613,891.2086351768814,492.7665918037895,True,7.420351582375443,True
2,831,branch_primary,1103.6579813648968,697.7937867453086,1470.2033798734144,1305.7477201399956,672.8522777267196,True,23.529514286285213,True
2,832,branch_primary,903.9389023426666,556.7761461555772,1398.6212992913024,1061.652116324515,532.3552164260157,True,12.435798689307566,True
2,833,branch_primary,1207.5301433890108,725.8457497488718,1435.4851147102365,1408.8935728512595,723.3592743985134,True,13.254875490258966,True
2,834,branch_primary,295.9970571339891,187.49223151109686,1042.2859096498823,350.382069616858,720.2084782669015,True,12.770757718612261,True
2,835,branch_primary,1266.8618553185959,786.9791925788115,1495.342090926759,1491.4004190737219,799.9388102223774,True,41.62246190498358,True
2,836,branch_primary,374.89427049319244,231.038982584635,1084.2067081605308,440.3688516713758,655.1869475878686,True,7.480183451409222,True
2,837,branch_primary,1061.6657826676178,662.2751660841507,1306.242574415439,1251.296379639546,632.2836854622537,True,7.515024287955997,True
2,838,branch_primary,613.7042387063846,395.69954763871374,1381.1080846935376,730.2129994786902,529.4432562904194,True,11.837417271971768,True
2,839,branch_primary,708.3622151330844,458.428284353758,1473.6644368793905,843.761530127903,515.4343973992547,True,14.935435006884052,True
2,840,branch_primary,23.029727529328948,14.784031902233282,1405.2103735618095,27.366694162090223,976.5946705330598,True,12.536475443592684,True
2,841,branch_primary,854.6709528107721,522.1137345257586,1204.254812947597,1001.5314220527019,510.0352298751667,True,8.363263019985112,True
2,842,branch_primary,286.70585526068817,184.36950274971716,1168.447683904004,340.8700059919333,728.6314135613849,True,14.684311264686675,True
2,843,branch_primary,1196.9520049321852,723.5798972770415,1489.3594040542425,1398.6643521069063,718.2089102840894,True,17.717505336015016,True
2,844,branch_primary,1167.5950793047218,716.2295447155714,1390.7181659437758,1369.7675094482547,703.5572862626905,True,10.755738229166004,True
2,845,branch_primary,1102.5755034187368,685.5224023500195,1411.424279062195,1298.3118673349725,660.5618286995351,True,32.375963408977135,True
2,846,branch_primary,1206.0105686536276,751.5961383521635,1463.8069685240519,1421.0412544645321,747.6367314439054,True,14.371746552025936,True
2,847,branch_primary,289.7228816943348,188.0522935749289,1023.9318462629006,345.4026828153782,726.4572469748719,True,5.9540640874304795,True
2,848,branch_primary,822.4383651252091,499.28139397563166,1490.110513599665,962.12617405415,498.69541119321855,True,17.641837005747234,True
2,849,branch_primary,1125.6949430955865,711.9529854401253,1448.2043511460404,1331.940748827846,690.5311083822539,True,6.967990329473381,True
2,850,branch_primary,1198.5771721172728,755.72156314893,1456.4726559228025,1416.9341263901088,749.5936572591854,True,14.293837252739156,True
2,851,branch_primary,1151.1204979994693,730.8984180028499,1417.6359546643905,1363.5581756396077,714.130227940698,True,19.79305789653971,True
2,852,branch_primary,880.6653842435842,550.2325038660833,1205.072886073183,1038.4254076801276,530.6396521018775,True,19.46219025237399,True
2,853,branch_primary,916.4284764612812,567.0926454573262,1226.9734491586576,1077.6990400853726,540.448396467488,True,6.238100018039095,True
2,854,branch_primary,689.1286179847427,440.44479187803245,1031.1166671718165,817.8568742867207,512.1173550810258,True,7.141957778319444,True
2,855,branch_primary,1023.2895905436234,650.5788209879859,1415.3740490499863,1212.5899506564674,617.9791257331324,True,19.55082836163395,True
2,856,branch_primary,390.9251478377197,240.80257766630717,1129.307314420187,459.1387073888248,643.0114881054715,True,10.082209475635704,True
2,857,branch_primary,1126.684974814079,695.4177227171051,1358.0335934936097,1324.018444562177,674.4673533876312,True,27.445485852920093,True
2,858,branch_primary,778.3827025890741,503.2401225923727,1247.4682679688588,926.8927945974428,519.5594338487035,True,12.052601318827499,True
2,859,branch_primary,821.9973568301425,529.716195895845,1066.2257203243942,977.8951389745763,527.4072934559752,True,11.814653808365811,True
2,860,branch_primary,1090.7829533585657,664.6953341567188,1337.8538455950793,1277.351689468232,638.2043864463396,True,22.182631877420025,True
2,861,branch_primary,733.9118298044075,444.7163923963518,1358.3528607961912,858.1370773908324,489.8710672513901,True,15.306437932674596,True
2,862,branch_primary,402.51714537722296,251.54767524256383,1051.0231004556588,474.6538583458127,635.6649492414222,True,8.705076316987217,True
2,863,branch_primary,409.8042627598891,261.103806627916,1341.9111370131918,485.916383353931,632.2106158393218,True,6.904666029780745,True
2,864,branch_primary,1045.3816032717903,661.6206903973036,1488.9899504252714,1237.1599065686307,630.2368549720329,True,25.52495009442435,True
2,865,branch_primary,1221.1811755756676,740.7415810793835,1453.7278830994676,1428.279228134455,741.6043782409197,True,24.159938214508117,True
2,866,branch_primary,441.34004974427717,275.8311338809589,1088.0837117314165,520.4458222777242,608.62839986489,True,13.899242137156833,True
2,867,branch_primary,633.9149305529793,386.35903579485966,1011.6521006836848,742.3755408944467,508.3688410162904,True,8.897757888776912,True
2,868,branch_primary,752.0005348432853,472.58010092536927,1021.0747153074389,888.1648249031366,504.39192720094775,True,11.797552572355,True
2,869,branch_primary,1034.4788850176215,666.3427304843917,1483.1023304793243,1230.5117626486535,634.2510205728751,True,24.279731971664585,True
2,870,branch_primary,1182.2591787955505,741.8289578150507,1467.7308738767335,1395.7245317394452,731.9644903540828,True,9.734684230687295,True
2,871,branch_primary,1225.7015412360358,747.2376259917978,1455.647717845498,1435.5167494272755,749.1585519003659,True,19.719566317856188,True
2,872,branch_primary,531.3301914080478,335.52947124836703,1403.349469182003,628.4041680144406,557.339545243559,True,11.10844670233034,True
2,873,branch_primary,1024.575715412458,633.702597237412,1351.6596883695381,1204.7134009208962,601.1681854517485,True,12.349434511369376,True
2,874,branch_primary,1228.5656055790132,745.0089368694563,1460.9722023985353,1436.8060979920308,747.9066269289561,True,27.788910243409727,True
2,875,branch_primary,1151.8407331998183,692.4617248533954,1406.304203330879,1343.9644024471907,676.781439332496,True,18.631338665903446,True
2,876,branch_primary,824.9265950505405,520.0209211407622,1089.7230621047331,975.1541650661014,517.2919533327315,True,7.329255894386104,True
2,877,branch_primary,645.4891067413934,403.2266181502914,1082.576263498441,761.0833676455707,512.166338634902,True,9.864312317994004,True
2,878,branch_primary,1240.011833620973,788.3548525494346,1474.5705741781842,1469.3987617587977,792.6785879321566,True,19.813016005024284,True
2,879,branch_primary,1183.1247267046504,744.3180473098366,1480.1517914537242,1397.781626181673,734.5909032524418,True,17.046553282820945,True
2,880,branch_primary,531.7216668876426,340.8736187790997,1116.8065025523013,631.6033209359591,559.9307564261812,True,9.930367596483096,True
2,881,branch_primary,597.6889564239584,364.022391881698,1479.4290433848673,699.8173979135079,520.5295854860982,True,8.006028879516103,True
2,882,branch_primary,1093.4170090288899,675.048574506713,1377.424018869996,1285.0102464872523,648.8289874698949,True,14.231314579164318,True
2,883,branch_primary,572.321907938396,354.1057007697642,1195.5044802914372,673.0105598160341,534.3331548435062,True,8.608000019030964,True
2,884,branch_primary,380.0870080731674,242.14536771245088,1028.7256484200918,450.6667425166961,653.7060354883628,True,6.1313373206068,True
2,885,branch_primary,659.806767842165,398.7997868064487,1302.3989494337247,770.9644874098894,499.124969649073,True,16.081011205514532,True
2,886,branch_primary,1140.0296902865452,736.0434812499619,1428.4200424853323,1356.9921521605788,716.9017287175868,True,24.16981072576529,True
2,887,branch_primary,969.7028869800859,614.4622395797685,1195.6997049416989,1147.9928278900081,582.1633493961866,True,16.934970860362125,True
2,888,branch_primary,695.4723964144158,424.58584983577066,1072.9990657985702,814.8343377982876,495.6785998437848,True,10.550940869635943,True
2,889,branch_primary,1106.1246489187438,679.4295337951769,1446.0996504933078,1298.1279714799869,655.1128904153557,True,12.558933239703649,True
2,890,branch_primary,789.3680438211104,484.8712754735054,1219.3574724047546,926.3919593699367,498.26666973935573,True,9.120881947000983,True
2,891,branch_primary,1146.645696276699,715.4153533777609,1377.0646519332327,1351.5233925605958,698.0508597945656,True,13.978418949382451,True
2,892,branch_primary,924.3511397336888,590.789212859446,1315.653050789592,1097.021842789857,562.7634585619394,True,12.562150197002373,True
2,893,branch_primary,1000.4739698828448,628.9566743836226,1223.6624157347455,1181.750677031685,595.8979862306074,True,11.256735447815185,True
2,894,branch_primary,881.0531782061832,557.1616431683717,1432.7607718921718,1042.441269062817,537.3095941020391,True,12.121376265397373,True
2,895,branch_primary,1088.6275908413932,698.5869627380678,1448.8402460737232,1293.4967244058773,671.475063021264,True,10.86818255798686,True
2,896,branch_primary,597.3703014306466,361.2448839674709,1025.1176057725982,698.103963048494,519.0148458195885,True,1.7793893254908135,True
2,897,branch_primary,600.931167056045,369.59861950603795,1293.1362949300724,705.4937328425457,521.611439642349,True,7.867423344606642,True
2,898,branch_primary,722.8908005922825,463.99703960182427,1434.3530823190915,858.9903156265547,512.0487981000045,True,6.588941305698759,True
2,899,branch_primary,1023.1979315252502,629.7342166421986,1297.413373917057,1201.4571114640396,597.1469223843677,True,21.308246631430944,True
2,900,branch_primary,819.5163460051006,501.7641520183413,1478.9140248570384,960.9236731500774,502.05709831553884,True,9.420827919594451,True
2,901,branch_primary,1073.227271774429,693.4454134471005,1406.441031262494,1277.764969902996,664.4938368776822,True,20.14180354868179,True
2,902,branch_primary,888.4698066347956,554.5824147940924,1269.465774836521,1047.3491548192121,533.2011254111025,True,9.293309464258469,True
2,903,branch_primary,68.50373788557903,42.45459450349801,1224.6769509004193,80.59252259826937,930.9970509580099,True,21.89436012818795,True
2,904,branch_primary,1204.674561424997,765.3880830045447,1450.6131786277986,1427.2560094635721,760.5398046461496,True,33.55289268823187,True
2,905,branch_primary,925.6930651041043,576.2599808968652,1493.7748249827725,1090.4050698548162,548.1854426103594,True,6.483587015238937,True
2,906,branch_primary,475.15367147070003,306.07831802323483,1371.4190473542405,565.2034574169008,591.1255610057574,True,9.355141129592063,True
2,907,branch_primary,1036.7726352455338,637.575234243882,1242.2119404167047,1217.1276336174074,605.6665125323807,True,8.758642667983159,True
2,908,branch_primary,1277.3536711639179,783.7738538851345,1499.4922480118069,1498.6440055162848,800.5001673062079,True,6.4764111079089,True
2,909,branch_primary,812.5246294510741,491.6893294849959,1415.6978385433526,949.7129409426883,495.2611659674143,True,16.62767767526115,True
2,910,branch_primary,815.1813437630224,527.1315151977118,1157.123139890202,970.7668399435172,527.3170577171082,True,13.331161451037376,True
2,911,branch_primary,869.4011722663347,549.0273699154939,1436.1442976517822,1028.2458126607671,532.1055875146056,True,13.557836769051804,True
2,912,branch_primary,975.2184343726788,595.5581592017562,1189.3614265329816,1142.6900348441318,563.0204298783777,True,10.856801199808839,True
2,913,branch_primary,1137.068559032564,735.2428443711038,1379.5731518949112,1354.0705107708766,715.5412625849713,True,6.795625162588325,True
2,914,branch_primary,496.4416026517149,320.3624349388265,1391.5788802466623,590.8353024010473,579.278682653467,True,17.215042921128177,True
2,915,branch_primary,1013.3081725454181,648.195021465374,1326.175330370365,1202.8924467298941,615.2914663165415,True,5.711284535746496,True
2,916,branch_primary,1072.5206509882194,690.6433606133783,1342.50997039991,1275.6523030808728,661.6307713847466,True,16.291254801304795,True
2,917,branch_primary,793.0536442854212,495.08177842397794,1259.9789481230825,934.9010910475163,506.0290313900053,True,7.6956284029221305,True
2,918,branch_primary,963.4621124235898,616.1672012986905,1182.1025110555004,1143.6438527933367,584.2173315120718,True,12.802436477390895,True
2,919,branch_primary,961.4165464843584,595.4774008573991,1317.6957989678122,1130.8912904367926,563.7026044612554,True,10.885456041218315,True
2,920,branch_primary,1116.6762895014713,720.4660553654603,1386.9981175187588,1328.9233508628856,697.3298335010106,True,18.976808713048595,True
2,921,branch_primary,712.380782507465,454.6263470092228,1080.5750444447335,845.0866787974464,510.02865824442824,True,9.85420374002242,True
2,922,branch_primary,1216.454696697743,780.550579415385,1496.3496264972418,1445.344677280714,778.352356554006,True,10.241493545619845,True
2,923,branch_primary,208.20115012111546,134.04819045811777,1444.727824838931,247.6219624283175,797.6708591458926,True,2.733238736148201,True
2,924,branch_primary,361.00500169424464,229.40815512694678,1410.6514936552612,427.7297194339094,667.9589103546992,True,4.0829183412559695,True
2,925,branch_primary,1212.654939373645,750.4101306660256,1488.539265654737,1426.0600850572532,748.3627073186439,True,31.264504070155954,True
2,926,branch_primary,926.8366540518452,576.8510457925202,1456.7627324286714,1091.6882853296283,548.61859891157,True,5.834972138372414,True
2,927,branch_primary,1043.9795035301722,674.0065176510384,1389.477790658153,1242.6495844071185,642.4916926942104,True,3.181699604900262,True
2,928,branch_primary,1146.2899343111144,716.8874251584191,1352.8284916445286,1352.0015509803409,699.4151263577263,True,35.85118719666598,True
2,929,branch_primary,326.7559339414484,204.99315397888518,1444.3578677517967,385.73518577407367,694.3219846392045,True,10.597633666273348,True
2,930,branch_primary,421.44893678125186,254.67789923671396,1180.9026357683492,492.4226220165697,619.0345931492042,True,20.39291316148307,True
2,931,branch_primary,719.8751250401325,446.5533946247408,1147.8790819869137,847.1305270750346,499.14041310484237,True,3.38286056081461,True
2,932,branch_primary,1044.6182175317967,642.1373630212174,1416.1303532615375,1226.2004784647374,610.7500550929866,True,9.34849770485505,True
2,933,branch_primary,731.4074639492924,451.6947118188274,1351.7863869011076,859.6423622680708,497.0955677007453,True,12.36052754097839,True
2,934,branch_primary,1094.9678040564756,682.8043790426445,1417.7514694933461,1290.4171077446515,656.727745482156,True,19.850188247747298,True
2,935,branch_primary,1147.097885380351,694.9563899035659,1436.611975531942,1341.1927313074248,678.1639253324178,True,23.891900166176992,True
2,936,branch_primary,528.6895785760314,329.7149085526948,1327.0512185156617,623.0767139099436,556.43773630328,True,9.619559178521648,True
2,937,branch_primary,1095.555189116767,673.51017686696,1305.267308124062,1286.0237675657627,647.6206814231092,True,12.22091121190754,True
2,938,branch_primary,755.0716289758332,455.719695686688,1420.5319233150346,881.9374161021777,488.2253888706389,True,8.791757446621002,True
2,939,branch_primary,1252.5356873113049,766.8352907610343,1475.4675881304395,1468.6327012377749,776.1942234695763,True,4.222205213372367,True
2,940,branch_primary,1020.8562281261777,630.6598529541784,1208.780641359863,1199.9497025426494,597.9834356946324,True,11.498626336657543,True
2,941,branch_primary,1081.4798073945992,700.6405661919594,1407.5240547408753,1288.6022570196162,672.6014653882991,True,14.030736128433231,True
2,942,branch_primary,1185.3292052066756,742.6116307190101,1416.5944223581032,1398.7413480679825,733.4943484590432,True,26.261310342797653,True
2,943,branch_primary,1205.978047245975,770.5605710957176,1472.8473779476324,1431.1347400460145,765.8721662636884,True,42.3452172854214,True
2,944,branch_primary,1108.827988627783,718.8059686386764,1341.7546913504168,1321.431620975872,694.4140971637838,True,31.787950453490218,True
2,945,branch_primary,1116.3756200842072,707.4899050842483,1477.790063158698,1321.6794206291163,684.4903921618279,True,41.241905060571455,True
2,946,branch_primary,431.7538992816235,259.54972477739676,1316.2648729477437,503.76332655018535,611.2123181916777,True,6.870755006483874,True
2,947,branch_primary,1270.6965320653253,791.8276425634114,1499.2565422541186,1497.2176502200252,805.7926815586783,True,3.660793322414983,True
2,948,branch_primary,390.13889751258284,249.14837174945706,1353.2036863646617,462.90741028605197,646.4971122981348,True,6.97683742514982,True
2,949,branch_primary,383.7406450555734,237.46778317845053,1154.5432035219055,451.2735652742748,648.7564233554695,True,10.227703987487962,True
2,950,branch_primary,903.3919824369468,580.0793283500548,1159.4827354081622,1073.596339929681,555.3903288421485,True,14.260812633993002,True
2,951,branch_primary,1049.5420704148416,657.3326969215159,1310.0332381504409,1238.396072350355,626.2793493370583,True,10.64569067220073,True
2,952,branch_primary,1206.8575523204222,758.4797295720967,1458.6334458188678,1425.4110465983495,754.4871825768165,True,8.995856329940136,True
2,953,branch_primary,1254.6268662047685,814.5306101526731,1499.2780656492403,1495.8438047732404,822.0769460894226,True,14.002551152548643,True
2,954,branch_primary,1205.2833311904258,765.1688398579258,1466.562745590434,1427.652360322713,760.4932359974001,True,9.272725653058249,True
2,955,branch_primary,897.4886100884926,556.8203646752814,1200.4210578953196,1056.1887727843389,533.5936593126924,True,10.697139911292046,True
2,956,branch_primary,948.2377029433039,576.8707700780998,1165.5369655956554,1109.9255050018867,546.2176084733592,True,15.841515780143004,True
2,957,branch_primary,544.7046531799854,327.617288658463,1141.6181041780108,635.6384562185101,541.812386151318,True,9.329649762055354,True
2,958,branch_primary,1133.335460798146,729.7476332452775,1365.149490327005,1347.9543296898562,709.4354650849168,True,14.555709786542861,True
2,959,branch_primary,1083.2633029582844,686.299702404639,1422.9323003404954,1282.3676013752015,658.5945516837273,True,10.713321662857838,True
2,960,branch_primary,970.6503712064034,625.8343498293837,1353.118979770544,1154.9159175236507,593.4741463964399,True,5.486737405156182,True
2,961,branch_primary,343.29301899560767,209.3054348166292,1469.7246675125816,402.0682304471429,679.4181564380046,True,8.235595704998266,True
2,962,branch_primary,1254.7003379251782,773.5552484548937,1478.60251245937,1473.9947965992515,783.2527493262982,True,28.87275553218615,True
2,963,branch_primary,1194.24767063312,754.0434995604477,1493.460092974314,1412.37710900524,746.8350905144397,True,14.071647165161647,True
2,964,branch_primary,1042.9022689304506,637.3954429837627,1320.7870478327372,1222.2594214309618,605.8957522182627,True,20.766718816592274,True
2,965,branch_primary,991.5985005091593,623.4967063334329,1363.5341896337547,1171.3307513339912,590.4893906268535,True,7.960513367508012,True
2,966,branch_primary,1177.5012520144535,749.5308437763349,1427.9736284693386,1395.817210191818,738.2629213162228,True,26.592390831872144,True
2,967,branch_primary,1134.2798736490915,716.6561965468605,1417.5632797897997,1341.7104515559276,696.7657720472208,True,2.8007699600731004,True
2,968,branch_primary,1243.9229966698485,753.0546057761696,1483.5267178709748,1454.1099205097248,760.3671841627963,True,15.085600129761591,True
2,969,branch_primary,721.2148083115138,449.29451351128097,1266.3330712672353,849.7154580205965,500.6677934067049,True,9.464414707554946,True
2,970,branch_primary,277.64257987614843,167.16520715719383,1447.9446686016258,324.0827188299169,734.1628974137932,True,10.092146073738213,True
2,971,branch_primary,1181.9896019300413,761.3520602653448,1448.0600210698449,1405.97168490017,750.8191752778496,True,29.31433790093338,True
2,972,branch_primary,710.6612778894033,433.97693752405775,1458.9221107094197,832.6916801518793,494.1008217272426,True,10.135548886319075,True
2,973,branch_primary,947.7841342122956,573.4999023681432,1478.860723079234,1107.789196138336,542.904662588146,True,12.75943829991351,True
2,974,branch_primary,247.26609329595357,157.94717781899408,1212.2963396574391,293.4072798599724,762.4845150993369,True,12.815442886958833,True
2,975,branch_primary,983.9331448727085,629.9083590099901,1484.4499546086877,1168.2931885146627,597.0505540921771,True,26.280712009519952,True
2,976,branch_primary,1061.3740847931929,650.2819356029237,1403.111154824272,1244.741556967579,620.320587757753,True,31.283001301174608,True
2,977,branch_primary,1113.1124702516972,689.2491854556229,1398.140563863505,1309.2302360857218,665.9603665508117,True,17.45923805721589,True
2,978,branch_primary,923.99562585516,567.2348719150192,1316.9673676311263,1084.215530471648,539.4785767233454,True,5.750316318285984,True
2,979,branch_primary,655.5275934058564,419.47544510837565,1359.7279358859532,778.2519352788938,517.3027967845281,True,3.009220621747825,True
2,980,branch_primary,199.02261113452863,121.34632405818442,1294.9676208930632,233.09854161971865,805.2850261423501,True,7.591165787415704,True
2,981,branch_primary,671.9282467975245,431.71904881495374,1468.3226374838462,798.6669555916806,515.9477699869101,True,10.461961364530836,True
2,982,branch_primary,1094.6719040837766,707.2985922763503,1478.2139209048194,1303.2950073665238,680.9293917007091,True,23.87676716772873,True
2,983,branch_primary,498.9859613146316,301.3070903938577,1442.5513189854992,582.9004651831215,567.8242482228845,True,9.413627471773065,True
2,984,branch_primary,492.84233445845183,299.97464169426826,1495.906636515841,576.9561095040602,572.624147664422,True,8.182860185174416,True
2,985,branch_primary,1245.1030307754577,773.1079337191674,1496.8618733040105,1465.5979784462554,779.7533851239125,True,20.00676658214368,True
2,986,branch_primary,727.6709819747134,453.8441644165986,1308.237659569506,857.6010631890822,500.92450048252437,True,14.54333215205887,True
2,987,branch_primary,405.1808809838072,258.76318161284917,1007.1278190984841,480.75974298314384,635.6901217056817,True,6.045377296340519,True
2,988,branch_primary,998.0925596154668,639.5291498136354,1497.6756295455025,1185.40553863271,606.4711144240546,True,11.59267219504091,True
2,989,branch_primary,1121.7166634599753,718.1508861770656,1405.0600960740642,1331.9117720031925,695.9155350832327,True,15.948437639959343,True
2,990,branch_primary,1033.7354275246557,626.6660122610377,1428.08870388129,1208.8503733062805,594.595556827707,True,33.18413780743604,True
2,991,branch_primary,664.3813701199538,406.0088043540912,1468.6655458719554,778.6178486109253,501.3625347801136,True,11.113439810248687,True
2,992,branch_primary,187.62848748704118,114.88971132603515,1317.8022152452236,220.00930681508558,815.9386219235862,True,19.703995091844355,True
2,993,branch_primary,947.0516181602121,589.5659858410883,1223.09186821257,1115.5692802872668,558.9681069824135,True,21.82249382673567,True
2,994,branch_primary,902.1458124066921,543.6376488698235,1489.879500409008,1053.2848428187126,519.7679732456634,True,4.301738523672879,True
2,995,branch_primary,438.9041981867194,267.63647597539074,1079.024069882577,514.0682624500884,607.6526289083373,True,10.82315802507908,True
2,996,branch_primary,930.9969506148441,598.3702642164243,1352.490046704208,1106.7078635089622,569.4404912463324,True,8.783852979224854,True
2,997,branch_primary,886.6416140058136,560.8037547915444,1442.5790457956614,1049.1111490567284,539.6669604289428,True,17.949599155840477,True
2,998,branch_primary,954.643266300727,603.5447526369869,1142.9697721802347,1129.429074501344,572.242343046833,True,21.77025892249428,True
2,999,branch_primary,693.9956088447127,436.3631818754748,1139.8848076316383,819.7821244649289,505.92317763224395,True,13.432029507425135,True
2,0,branch_opposite,112.59467876959646,68.74341988955774,1224.1263888064589,131.9212623701754,889.1215593887018,True,2.19050758029115,True
2,1,branch_opposite,179.15093959941123,110.44298842387863,1443.0776645414624,210.45833994249045,825.4947328414613,True,18.87301754605246,True
2,2,branch_opposite,751.6164267171571,470.2108295685599,1008.2284734419457,886.5807786967981,501.588149188992,True,9.7100731649535,True
2,3,branch_opposite,590.579541544546,368.2899559220185,1031.6412672694055,696.0040851345691,529.9292625788759,True,14.220066452189334,True
2,4,branch_opposite,1222.3499993322462,782.3185988735765,1453.7831804920309,1451.2621785918138,761.3001909033887,True,21.79251606442156,True
2,5,branch_opposite,627.5640785441256,400.6555170717164,1381.8346882463957,744.5545755946583,508.87005546715056,True,4.348407757358879,True
2,6,branch_opposite,909.7921507940184,552.5943091807569,1349.1104297827424,1064.463352203994,552.2871942936574,True,16.49526722316594,True
2,7,branch_opposite,954.417686769566,580.4720174470127,1146.0133312763196,1117.0769373044877,573.3819781171137,True,24.334932107499277,True
2,8,branch_opposite,451.42873916830285,279.95091801136624,1027.9304541130605,531.1877474513981,604.0825828777541,True,8.995179319885754,True
2,9,branch_opposite,1208.3942706408432,781.4610641567974,1484.4700652193894,1439.0615372911227,747.5882670890771,True,2.2909858062434214,True
2,10,branch_opposite,1243.2472609049853,764.904099372222,1487.8432316368683,1459.7061461075577,784.4660376487275,True,20.570953541157124,True
2,11,branch_opposite,833.5648299022398,507.3201530920884,1467.8702175621884,975.8094400974659,524.8768441520383,True,6.840417405703749,True
2,12,branch_opposite,1168.3670211380754,737.6865905693683,1385.4113135016264,1381.760833859796,715.5996775348133,True,17.457993297298856,True
2,13,branch_opposite,467.12119905792173,303.2368487488056,1477.5438328544337,556.9154343779821,580.5739950443029,True,8.985115590326464,True
2,14,branch_opposite,1247.7408430097585,775.5525457794645,1472.228125036525,1469.1286405824749,787.3734034244338,True,24.495863985582346,True
2,15,branch_opposite,1145.7593496264863,737.140238850764,1404.8786762396849,1362.4023704432807,693.5990500343092,True,7.662556281600051,True
2,16,branch_opposite,705.252240369777,446.87412972224627,1264.4022732942626,834.911498520415,497.2679059155791,True,13.982274267845098,True
2,17,branch_opposite,873.2034379558968,562.6972402839945,1221.9792125125628,1038.8033636262548,517.1352879703005,True,12.28920584644862,True
2,18,branch_opposite,1221.4386284850711,746.6250900994814,1488.6320102629534,1431.5590621142917,765.9783071545551,True,6.833758390031696,True
2,19,branch_opposite,399.48645096084255,244.5829928422739,1320.64448311579,468.41249437752344,642.8721454807113,True,7.504120839469286,True
2,20,branch_opposite,1064.7818743437663,654.1666494915239,1483.7861935304577,1249.6777365537046,639.5854642541733,True,26.315931571929248,True
2,21,branch_opposite,1048.601658124971,658.3302039574837,1332.6797994981212,1238.1292722753712,622.9922193240152,True,25.065299219456133,True
2,22,branch_opposite,1103.4225887340172,713.6059238420888,1362.7917495674346,1314.068043851231,657.9727179394521,True,24.15937432719506,True
2,23,branch_opposite,487.54809990069487,312.30836702513704,1262.1085701223433,578.9988478664579,571.8415572871272,True,11.447405718856592,True
2,24,branch_opposite,988.5067148735178,597.7659903924687,1394.4716916105826,1155.1924967813472,594.0620732725116,True,7.368163149540176,True
2,25,branch_opposite,1020.9322849644241,659.3964824331149,1232.2678572565542,1215.362683122962,596.8809398483731,True,6.783900077273193,True
2,26,branch_opposite,1069.8520740325048,671.4046557998881,1464.4112106879181,1263.0786484385753,638.3795085493617,True,33.738070865376635,True
2,27,branch_opposite,962.7462002852471,622.9300350577279,1488.0229844213736,1146.7005165869175,559.4510685604318,True,23.72608706158866,True
2,28,branch_opposite,385.55212937601743,238.46559005787583,1039.4709673447692,453.3390366028853,650.5705754702454,True,4.414470812856132,True
2,29,branch_opposite,1020.8852394757482,616.547668636998,1303.2744098280764,1192.6180024975195,614.2333258508144,True,4.2779218567912425,True
2,30,branch_opposite,892.7524505838965,552.5418234823622,1156.3147761829587,1049.909236420352,538.7810152499401,True,15.732157459119279,True
2,31,branch_opposite,824.3196280604811,525.6954995898566,1192.2494280179,977.6802173997379,505.29224121010685,True,11.993308674230056,True
2,32,branch_opposite,388.56512633324655,244.81514434398392,1123.5166317075314,459.2573486647084,643.8946086302915,True,5.817265927171439,True
2,33,branch_opposite,488.11577118374987,308.70777686064525,1497.0752655964232,577.5443684882996,575.4597394709725,True,3.9298208480307264,True
2,34,branch_opposite,1259.2327202561426,812.9076902988803,1499.9808312675584,1498.8281945275598,794.5572981311831,True,22.65033657109193,True
2,35,branch_opposite,1204.031657975472,735.5864696347237,1497.3437946528072,1410.9499238870387,750.9598782886595,True,14.78843301499334,True
2,36,branch_opposite,1170.1651303010115,720.1328430293116,1467.4987940094536,1374.0006345638499,721.1404409473924,True,39.1029382029681,True
2,37,branch_opposite,1105.5598171416227,703.7691960773434,1384.8539045470352,1310.5546881475677,662.6421993668029,True,24.081070419270624,True
2,38,branch_opposite,647.046007740388,408.1698366964455,1236.0294803393344,765.0301639292252,508.27831440106104,True,10.73760150553307,True
2,39,branch_opposite,1029.9317538112973,639.4946178191178,1396.6044330088757,1212.3171135179252,612.8877714165195,True,10.61340096589698,True
2,40,branch_opposite,842.3521908640587,532.5276213923106,1151.1792567173445,996.5655427513193,513.4734889373732,True,14.427223863859968,True
2,41,branch_opposite,1116.9565437305566,717.4747415899977,1394.457540211602,1327.5398018146743,670.0843252460037,True,8.798859337321726,True
2,42,branch_opposite,688.9163486213131,432.8296636714376,1346.7337787691781,813.6014092611027,502.25097540893813,True,12.175885540416449,True
2,43,branch_opposite,1050.0434022968545,661.122251810458,1421.2075015813502,1240.83591926817,623.3335229546648,True,3.1632443550839215,True
2,44,branch_opposite,612.3454316122428,389.83490006502547,1147.8555728741053,725.9050743210797,514.6766805724942,True,9.790389908084927,True
2,45,branch_opposite,1194.8902709464198,731.5916116408032,1499.160913733117,1401.0671096794745,742.8088584383404,True,17.583809021937277,True
2,46,branch_opposite,1241.6020671480326,777.4494275728139,1466.286254461065,1464.9243344212573,781.0328073494974,True,25.055081211583175,True
2,47,branch_opposite,569.4267838310691,347.6585261583714,1054.6006955481932,667.168129450745,545.6900483260288,True,11.188981953263271,True
2,48,branch_opposite,1046.4886355454978,636.0069373748917,1314.3718098356037,1224.5992359604293,629.4717661574275,True,19.877786577773243,True
2,49,branch_opposite,813.7877278995634,498.57591018245813,1174.8539747257648,954.3733044748268,517.7661585521137,True,18.026069079785387,True
2,50,branch_opposite,482.5485446235243,304.85121992545794,1370.71833191507,570.7778588981193,579.1458449615774,True,9.302519736399745,True
2,51,branch_opposite,1102.2589021232402,683.3047079038441,1418.115374996561,1296.873166949447,665.344417924349,True,12.22692317503668,True
2,52,branch_opposite,671.9206877313433,429.0498571056429,1407.3740689297833,797.2209169883427,498.45152539660137,True,11.608615770347994,True
2,53,branch_opposite,984.1383913504129,627.0756203919753,1406.2100080459866,1166.9413897106226,576.6032752804662,True,3.3937004019116426,True
2,54,branch_opposite,1089.8437888016501,664.5190683884779,1330.0652488238675,1276.4580197724586,659.5231992386668,True,14.599259137051012,True
2,55,branch_opposite,833.1054098484601,538.6815250075026,1377.7730707094051,992.0899199685376,502.5225463685899,True,5.451462876634711,True
2,56,branch_opposite,1186.2150937821777,764.9656030608007,1460.6477660169257,1411.481003266723,728.1341202860206,True,12.76059386271842,True
2,57,branch_opposite,328.80791700343406,208.0654181993864,1384.0962804653443,389.1090650892404,689.900466512256,True,4.892315691052811,True
2,58,branch_opposite,1160.9871996746385,704.0776357097167,1399.6392197452642,1357.7984367773236,716.0653654550734,True,12.689396983985402,True
2,59,branch_opposite,592.3040568439475,361.75333452436854,1460.6998882731714,694.038594599247,536.6875840011876,True,11.746712352933818,True
2,60,branch_opposite,701.8698360077974,429.92414273065697,1177.1217653987792,823.0771745105696,510.6664548569543,True,9.690822036738433,True
2,61,branch_opposite,986.4189685278399,594.1266747655832,1411.9684156569879,1151.524592503146,593.9994476783249,True,10.505112571264256,True
2,62,branch_opposite,1211.3495626192123,772.8889621914356,1447.415664046366,1436.9151369287997,751.732802667922,True,9.982799977440962,True
2,63,branch_opposite,955.2435293030638,576.8737151600571,1261.7781987602891,1115.9182243865096,575.9923553018834,True,16.348493394725384,True
2,64,branch_opposite,1021.6993774201449,624.71344039564,1211.342209808579,1197.5543830789768,611.4618631538323,True,24.210410962848986,True
2,65,branch_opposite,432.8616305299299,273.20721204679774,1015.8900270842183,511.87046398421296,611.6045276845641,True,7.391008697285204,True
2,66,branch_opposite,676.3959342954944,412.54227621509517,1065.4511920379264,792.2768389876146,515.3513554387257,True,5.729367889716648,True
2,67,branch_opposite,1191.2940979061088,751.0400638071175,1460.7527835478181,1408.27653717206,735.5312204576622,True,34.913600847230995,True
2,68,branch_opposite,1065.3689539039299,668.8168834042262,1270.2717316513672,1257.9058118431985,635.0250149170051,True,12.259567149241938,True
2,69,branch_opposite,994.7264582036652,628.2470647520314,1287.3810591171477,1176.5097114006119,585.5906486734409,True,17.220020220642773,True
2,70,branch_opposite,1110.0342852954182,684.4195985364825,1467.320259922731,1304.0729662837696,672.4309841690005,True,19.595200238369845,True
2,71,branch_opposite,649.4570896371073,419.9642779787694,1384.5547602609154,773.4109554810628,498.13258594859246,True,10.477086157437407,True
2,72,branch_opposite,686.1636886325077,433.787459684512,1313.8353694596049,811.7833256339471,500.1835409725561,True,1.6553579220888417,True
2,73,branch_opposite,1075.1892899285638,666.466980426181,1328.4713879533838,1264.9941680401062,645.061954570519,True,17.980264701411677,True
2,74,branch_opposite,1095.7843668292803,696.069656379562,1406.055372233365,1298.1742352703693,655.4037698471299,True,6.410278199898548,True
2,75,branch_opposite,1050.2391419577752,662.559907363823,1489.1473524960052,1241.7680484479224,623.0043393552976,True,21.415506038135756,True
2,76,branch_opposite,785.3915069696552,494.65306507027253,1040.2597511047168,928.1818108557618,502.2738716350121,True,11.666367724409477,True
2,77,branch_opposite,718.7719448167621,437.2779781828876,1341.5586270677632,841.3353308041833,512.2064000849813,True,8.278228009095725,True
2,78,branch_opposite,1220.75911002787,792.4225993969143,1473.5212179413622,1455.3990451937914,758.4398388326194,True,29.033243209564485,True
2,79,branch_opposite,1230.7627411864048,757.0727621474839,1486.499904726643,1444.969235754967,773.3728110039847,True,27.273648451991296,True
2,80,branch_opposite,755.5672207433382,468.42328234909485,1080.707508008934,888.9894242950882,505.30226185481666,True,11.543831539584842,True
2,81,branch_opposite,740.3431021299375,450.2211143460662,1007.776710377277,866.491177493685,512.1081273064653,True,10.708853033456943,True
2,82,branch_opposite,395.2772354409196,247.32674558949878,1215.771055210198,466.2773980601128,640.6071738524907,True,15.519475041005236,True
2,83,branch_opposite,556.3616836285404,359.7077416951057,1138.535878816972,662.5164016425382,531.5249241601427,True,13.496921143943098,True
2,84,branch_opposite,385.2773519668314,232.0158298439042,1495.5209159494998,449.7443532016041,657.0035095985635,True,9.979189486582138,True
2,85,branch_opposite,561.0555959112031,338.27847623825625,1276.0330494671957,655.1455633592826,553.437654583071,True,12.62461881790274,True
2,86,branch_opposite,882.9183023021917,548.7914360133839,1464.7109815973154,1039.575282883263,533.4072821789606,True,8.132127169385793,True
2,87,branch_opposite,975.9304399322382,623.0534389423885,1461.999374973961,1157.858286390985,571.0908293124022,True,28.522627141711208,True
2,88,branch_opposite,886.047186335323,543.4557530312752,1388.029067133309,1039.4343519027707,539.1976713646158,True,12.382942233351642,True
2,89,branch_opposite,1069.6279225566423,645.8369249601435,1376.2870586440783,1249.4835838676763,647.1272981479023,True,9.43130760629787,True
2,90,branch_opposite,918.3983431733545,585.6484334722204,1145.598143866972,1089.238084337868,540.2764397722298,True,5.1756471015909264,True
2,91,branch_opposite,1262.3662564090687,780.9397772091872,1491.931566505036,1484.3973527825297,801.1529016195628,True,39.73521323892278,True
2,92,branch_opposite,901.3904859251377,555.5958072279443,1251.6039694810102,1058.863309934586,543.7704238143006,True,1.6495805674830692,True
2,93,branch_opposite,831.8887697762675,511.4913815185258,1340.5735510109107,976.5563776083806,520.7198097919415,True,15.08115637691521,True
2,94,branch_opposite,1078.6267102647103,663.1100817004476,1350.2544419771025,1266.1558200115992,649.4325237637975,True,22.171031498140177,True
2,95,branch_opposite,1120.1392367649914,688.4994937188865,1346.624289363728,1314.816893180043,680.9065830073745,True,13.309510358687973,True
2,96,branch_opposite,1061.7360516595709,656.2031551330133,1409.9805503726568,1248.1530451832325,636.0120460962661,True,8.675789574233514,True
2,97,branch_opposite,382.7557616763628,238.28518824255502,1491.3539375779249,450.8678343286894,651.1090633344489,True,11.134476801845324,True
2,98,branch_opposite,589.4926371190004,364.9617623694683,1248.8907755761252,693.3243520960026,532.9183655080774,True,11.667235902190102,True
2,99,branch_opposite,557.9481653377533,345.6801535557658,1415.2614255956155,656.3542669672397,545.621376753473,True,10.891179806769323,True
2,100,branch_opposite,1083.6164492209627,680.1601514957549,1426.3047706845437,1279.3914337312783,648.573491484844,True,16.349935123555436,True
2,101,branch_opposite,899.6577770575439,555.5823528864956,1493.5070473093672,1057.3816088144413,542.3980943875816,True,14.05524289208059,True
2,102,branch_opposite,995.898931754071,632.1547320858333,1467.3344818587132,1179.5907288409026,584.9540562888631,True,17.364615003424653,True
2,103,branch_opposite,674.6557130560425,408.57858205892137,1301.59667879072,788.7311258448192,518.2816179792434,True,9.342346568626718,True
2,104,branch_opposite,1069.142786195306,687.3184739204041,1451.9087802237289,1271.012581316855,632.5881637356495,True,9.937374313007847,True
2,105,branch_opposite,466.11327299711195,302.0620083717571,1109.9884466300305,555.4304998518354,581.7509621606013,True,9.963800692023707,True
2,106,branch_opposite,541.6191949735755,335.90277018189244,1460.202856690474,637.3241117200049,552.8520193836109,True,5.212382695868721,True
2,107,branch_opposite,786.6245144522987,473.3809689775037,1236.004949234885,918.0782474971264,519.6850223116273,True,8.811161954308531,True
2,108,branch_opposite,1228.899676212613,775.9528253199671,1466.525787447592,1453.3744188327744,768.6592704238943,True,23.06634834958281,True
2,109,branch_opposite,710.9250383052093,444.99349102639485,1131.767818526533,838.7094950846339,501.64534264315046,True,6.336406550923239,True
2,110,branch_opposite,667.4385634282532,404.7874576038744,1214.488065632547,780.5940825964407,518.9416704835027,True,8.4961315482687,True
2,111,branch_opposite,712.16198852859,433.6508724818631,1000.3518927607831,833.8032004671586,512.1857626333465,True,3.1175074386988193,True
2,112,branch_opposite,1245.0549715901332,771.6423099784917,1497.6597389743797,1464.7845359745745,785.2621276928071,True,20.580449488309352,True
2,113,branch_opposite,897.7028523769445,567.6838150448432,1279.498167926731,1062.1371498208553,533.5855691783102,True,8.678021280669178,True
2,114,branch_opposite,772.9720288710274,498.66462435258177,1249.9943386121495,919.865297202636,491.36504307923644,True,14.972449848902183,True
2,115,branch_opposite,364.55724615692793,229.1202945446827,1394.8285663374822,430.5787908127444,662.7877024990385,True,1.985682804040047,True
2,116,branch_opposite,1079.2304608737804,695.0070525627184,1438.5427244440173,1283.6561809105076,639.8738631764672,True,18.896547097445957,True
2,117,branch_opposite,681.883620689663,417.90579743185697,1333.6274306093421,799.7565427628588,512.7177682643804,True,7.259291900011811,True
2,118,branch_opposite,1097.1313678603376,712.272665053595,1381.4303155973182,1308.0632965287446,652.2470338196771,True,19.706325996283976,True
2,119,branch_opposite,1197.2325395064563,771.3641408952288,1469.286544471315,1424.2079874485023,738.0040365697182,True,7.085458283596129,True
2,120,branch_opposite,985.7302636168718,605.1949134586114,1496.9942486276777,1156.6870950634677,588.0743647597575,True,31.16360093249987,True
2,121,branch_opposite,453.1228424232727,281.98179060672476,1357.8300915052068,533.6984547096991,602.0086506652706,True,14.301448276319864,True
2,122,branch_opposite,1244.6213016309969,807.136137100631,1499.447884454277,1483.4254036814139,780.5510585306683,True,21.390593607392983,True
2,123,branch_opposite,1160.4901602872758,705.6288745520824,1450.6741453489306,1358.1787513892364,715.1962013609979,True,9.80905066649853,True
2,124,branch_opposite,937.2949188846059,588.5875587059925,1253.1429808229536,1106.7777912618142,554.5624405759582,True,8.753181721841747,True
2,125,branch_opposite,273.64873597834435,171.48218753934668,1240.1045291401992,322.93926881973533,738.3249708210228,True,11.559226415158212,True
2,126,branch_opposite,414.2002845287862,264.28062811597374,1187.565556543286,491.3309740908882,621.8479817833021,True,4.1260108841225565,True
2,127,branch_opposite,1130.0713694503365,703.9889850378145,1380.9834341787753,1331.413456108181,686.2063494567255,True,15.08344613835436,True
2,128,branch_opposite,1129.9200350263352,728.9457002043163,1390.8992873195587,1344.6490692371283,679.9456419987972,True,12.238658251523193,True
2,129,branch_opposite,1123.0390959478,688.527702686925,1480.1608572621578,1317.3030055361546,683.6770341770332,True,31.31161245522647,True
2,130,branch_opposite,938.1806155594813,598.1041219433358,1142.081820160796,1112.6146718865323,550.312108171426,True,15.317713880497834,True
2,131,branch_opposite,1089.0550859559162,692.0734863179381,1415.9900547258449,1290.3513826515293,650.1266682314663,True,36.598361116587846,True
2,132,branch_opposite,1079.8397952755797,698.4619682794963,1303.8491237814594,1286.0416418583318,639.4461238626566,True,12.60245432843581,True
2,133,branch_opposite,229.1506966989373,139.2477605251416,1174.9673344811306,268.1417173974903,781.8878492373453,True,17.498346706131095,True
2,134,branch_opposite,743.5719654940547,471.8004952130184,1292.2318335921773,880.6219252051023,495.7593867293019,True,12.30077896843217,True
2,135,branch_opposite,1090.8329625437075,678.0695832964361,1456.0843803057066,1284.4044970194102,656.08151457236,True,18.209989540972067,True
2,136,branch_opposite,918.4675284547384,580.2450139387788,1099.6890581685648,1086.4008822835929,543.3344869324595,True,16.830091175948162,True
2,137,branch_opposite,1236.3128076908388,744.6091377705777,1456.2685191922408,1443.2297552752466,780.9733387780127,True,16.881150619017486,True
2,138,branch_opposite,1259.6143467369764,787.6568940137769,1491.0656440108198,1485.6081869702555,797.5862188837998,True,3.7009304514661423,True
2,139,branch_opposite,734.2248832138283,452.6749203615031,1487.1088255939903,862.5547882045829,506.7897956748334,True,4.027059533043813,True
2,140,branch_opposite,642.5734956513659,390.34479491870763,1489.8331185489726,751.8442366832002,523.486629177269,True,6.634436986135918,True
2,141,branch_opposite,632.3545118772632,383.84516699345136,1169.3564885020955,739.7359940652898,526.334987753087,True,16.10190846495242,True
2,142,branch_opposite,259.81997703199875,166.08087410396894,1083.5689315869645,308.36549289446566,747.2684798892532,True,4.727206892780297,True
2,143,branch_opposite,488.01754314474164,314.0408525690739,1426.4297966182785,580.32988851113,570.1265203939116,True,9.864019174624023,True
2,144,branch_opposite,852.8068772871355,512.8776180352284,1384.4827695956008,995.1497480428385,534.5900926654075,True,2.1119678791759275,True
2,145,branch_opposite,958.1650990673747,590.8232192037274,1335.9852843144672,1125.6786545995476,571.1873815443196,True,19.773608207968465,True
2,146,branch_opposite,1260.8492863893503,778.2650867433623,1487.6069299726569,1481.700870024779,799.9969949908717,True,52.83798662718819,True
2,147,branch_opposite,499.73477828996715,312.9650293465652,1198.9919227768871,589.6456208829326,571.735401690706,True,7.5504874646187785,True
2,148,branch_opposite,989.8130754664876,600.8390044904459,1276.4369112572945,1157.9021693051172,593.736644599373,True,12.808997272175322,True
2,149,branch_opposite,260.1870255759704,166.50398720459947,1175.716117072187,308.90268052106654,746.7599497192381,True,9.3243624610536,True
2,150,branch_opposite,442.97454279823097,279.91155224379503,1046.8602312459489,524.0008803874593,604.4107558149431,True,13.19888907266842,True
2,151,branch_opposite,571.5601135567617,348.60726820168736,1203.9154321877402,669.4833760834257,545.1597510542003,True,2.9167868535897017,True
2,152,branch_opposite,1116.6600008148112,717.179535195082,1344.0926143556653,1327.1307558497647,669.8704397247722,True,10.231055734742712,True
2,153,branch_opposite,1099.189553714864,676.9432996495148,1316.698654845953,1290.9182413833396,664.3715879871069,True,10.291840101643913,True
2,154,branch_opposite,838.8463929602297,541.4506901935024,1194.1136251769747,998.4148040235623,504.8286875248806,True,10.308826258706526,True
2,155,branch_opposite,920.8225115113249,567.4971912315123,1171.391744050547,1081.6502021271385,552.4874916808302,True,21.851502366767996,True
2,156,branch_opposite,970.9347463993965,610.7604774654228,1455.383057247941,1147.0582559745828,572.4118131939473,True,10.551590815597512,True
2,157,branch_opposite,1071.2890932434375,685.7753140567133,1331.473195845463,1271.9858893368,635.1081388087017,True,2.4223086462879624,True
2,158,branch_opposite,905.4058989810447,568.0098015733847,1147.2471460233571,1068.8287873149327,539.6196094477509,True,6.665667202606551,True
2,159,branch_opposite,1003.2016783150359,650.2482905656625,1249.4239912987898,1195.5067740325317,584.0871051021152,True,8.265598266306915,True
2,160,branch_opposite,753.4789551058722,477.78922863032653,1407.9231997132388,892.1956527480951,496.42702502005955,True,9.683973233967457,True
2,161,branch_opposite,412.2647143080984,253.33350061679573,1049.5172443796262,483.88020955428425,632.9220397201234,True,7.402345898789219,True
2,162,branch_opposite,163.5498858672271,99.48704245878031,1273.6190752464286,191.43206832810998,841.2840149853779,True,6.7208954529012646,True
2,163,branch_opposite,1006.5433380638049,623.1587961841917,1451.2526744468155,1183.8312281158821,598.4437067867192,True,4.237607988675885,True
2,164,branch_opposite,1140.1505318916297,703.5501209207591,1474.4232141073028,1339.7484868513122,696.0518224023483,True,34.22947109332051,True
2,165,branch_opposite,850.4098324893112,537.9450877184739,1173.9745648535504,1006.2712360963792,515.7309942424051,True,10.986701008039022,True
2,166,branch_opposite,420.321042854467,264.7769974226511,1001.4862558113075,496.7661798375784,620.8549713836364,True,9.505928481698573,True
2,167,branch_opposite,793.3835482753204,507.3404043064028,1328.6515368511577,941.7280608093411,497.6995346243323,True,12.745346106619465,True
2,168,branch_opposite,843.1968973142357,540.8261728458542,1262.6693377501106,1001.7354725053154,508.4555279110343,True,17.129348339094648,True
2,169,branch_opposite,1046.2050234496473,635.9003227401877,1378.103875995289,1224.3015035326682,629.2530608765067,True,12.041161453207168,True
2,170,branch_opposite,726.5662272474842,437.8391993151025,1316.038075380042,848.2933732109034,515.5839816076998,True,14.534197590446452,True
2,171,branch_opposite,981.3809352920728,615.5956443626399,1200.9499012832996,1158.4759546546477,579.3600239100529,True,29.04227413530626,True
2,172,branch_opposite,999.6605565181508,609.0932445632018,1289.7493737210225,1170.6048901447095,598.5791653933363,True,8.389946977351867,True
2,173,branch_opposite,1193.0833014044265,765.5296240167387,1463.5484547859724,1417.5624745799723,734.8200813166698,True,47.99538746022408,True
2,174,branch_opposite,679.4640717108418,431.60053133406507,1216.2106440297234,804.9536902168493,499.27575383719096,True,9.400544016384229,True
2,175,branch_opposite,930.5353200475693,559.634817156479,1416.7052936321659,1085.8577763362005,564.9529998388573,True,18.25340389120315,True
2,176,branch_opposite,1105.125789957946,693.5131357346398,1406.6190620552288,1304.7081976697575,665.0860962134547,True,18.2394955580596,True
2,177,branch_opposite,878.2120178965308,560.6993382474062,1440.1316225865305,1041.9405435479396,522.304151270199,True,7.552077830563488,True
2,178,branch_opposite,1193.5233348373133,755.3188134338094,1429.5791705148088,1412.4462682623503,736.9659077570792,True,9.928979300658362,True
2,179,branch_opposite,866.284555612304,559.3639356593325,1059.635751877638,1031.1823038671216,513.8281549238403,True,10.201904395751804,True
2,180,branch_opposite,575.9719876794791,362.8706082901565,1133.0975317863122,680.7487120460223,532.0428996330285,True,9.028989288189356,True
2,181,branch_opposite,592.9747139681158,374.6007061761739,1103.0153118049775,701.3876962659502,524.3585451047611,True,15.355529866776132,True
2,182,branch_opposite,111.33087434348492,69.48375151476199,1089.6369473872905,131.23473361366655,888.9490353626412,True,22.258663062656538,True
2,183,branch_opposite,1284.3717697354864,771.7379581533964,1498.7509023688756,1498.3959152868238,824.1818767940243,True,26.00704101383892,True
2,184,branch_opposite,670.8426925747845,414.3022275893023,1150.5972522094817,788.4644912527417,511.5133165080103,True,5.774703431848531,True
2,185,branch_opposite,918.2378269536079,595.6078227154808,1101.2999830914648,1094.490468358843,534.7094373653048,True,10.836926632017144,True
2,186,branch_opposite,1014.4337802580703,651.2789366180434,1444.9712429131985,1205.5041052650997,593.9948523615114,True,9.602588108480305,True
2,187,branch_opposite,542.86498052448,327.72699351931624,1280.3444540730552,634.1193652310691,561.120935572924,True,9.19354341878356,True
2,188,branch_opposite,45.27670289971298,28.668757772251574,1135.2221182636654,53.58990107914842,953.8508286940702,True,27.354859980507054,True
2,189,branch_opposite,828.347139143706,532.4173335008932,1273.0546112585691,984.6965014357285,503.42694025385924,True,8.921502655217928,True
2,190,branch_opposite,685.3912995977796,430.06077468960865,1477.948087131866,809.1436853185963,503.2047230807979,True,12.98814945960827,True
2,191,branch_opposite,72.20842263818061,43.62743011646626,1241.300486709782,84.36473764826903,928.6742807282438,True,17.09994984371383,True
2,192,branch_opposite,957.4583143742984,619.7835361442828,1188.9943586718523,1140.5516452313698,556.2653327724254,True,9.641621528335731,True
2,193,branch_opposite,588.5555197011697,360.29821002146423,1479.0649575521547,690.0814444073867,537.2485187996908,True,14.228311346172678,True
2,194,branch_opposite,539.6919453508694,329.40001390240866,1015.6367719142033,632.2750707053955,559.0463427692754,True,7.347036609124936,True
2,195,branch_opposite,1193.806472476198,774.2475692910655,1447.0077302730897,1422.896058143105,734.1823269879173,True,10.781700123576226,True
2,196,branch_opposite,858.1939801783886,520.1641313950317,1179.8195887737697,1003.5275936437286,533.4891974038171,True,4.905964674877614,True
2,197,branch_opposite,524.3617938062657,340.08661354511344,1177.7231502626917,624.9913563532764,546.6531494233656,True,8.906447611590483,True
2,198,branch_opposite,450.8335424809953,277.86636690332415,1100.8258227150886,529.5853102966661,606.1827781641045,True,10.452218619537721,True
2,199,branch_opposite,1080.6627537017512,680.5477197101635,1468.793975757933,1277.0971717300743,645.6477293989259,True,25.17226743651037,True
2,200,branch_opposite,773.5943648769623,483.8166062918307,1426.053732225681,912.4290382781201,503.46553197241803,True,1.2478161569840802,True
2,201,branch_opposite,622.8649886946018,375.92578507089235,1068.4856345740893,727.5170032533214,531.0159032205461,True,3.1929713828889534,True
2,202,branch_opposite,1235.7677757114827,765.3481697569191,1483.922511207873,1453.5748403288947,777.0059736426929,True,22.604664890846166,True
2,203,branch_opposite,1031.583220203902,636.4442837114985,1435.1823393574994,1212.116028470581,615.6220233295526,True,3.1647799363521765,True
2,204,branch_opposite,504.40337834499326,306.221310177517,1238.466723560913,590.079875010729,578.7448864018177,True,14.713688674909308,True
2,205,branch_opposite,1208.8323639430957,745.6913882418586,1496.8768652685396,1420.3278954573566,753.7497876912375,True,18.358980010073946,True
2,206,branch_opposite,892.9789914306679,552.674279362725,1053.4339321539676,1050.1715756035487,538.8782905139194,True,14.345129227839136,True
2,207,branch_opposite,473.3449336259474,300.98958490430243,1426.0195243537673,560.9368559920241,582.846755062425,True,6.508725034269198,True
2,208,branch_opposite,1150.0515023801483,735.1831824225497,1460.0660134434866,1364.9588894335918,698.2087080599099,True,4.377492661872292,True
2,209,branch_opposite,1194.6076385350011,718.6526992967655,1475.9539114572574,1394.11230259714,745.2923006851202,True,27.195869985332322,True
2,210,branch_opposite,836.954940432297,537.1025317623634,1349.7182913515205,994.4710664164998,506.40724148062617,True,10.142411689707366,True
2,211,branch_opposite,1099.4323595703047,676.2845032646335,1424.080073046608,1290.7797033677823,664.8076824604244,True,22.180398405302256,True
2,212,branch_opposite,751.071391172273,478.6668787491029,1246.9182698136221,890.6347261637972,494.32611301685245,True,11.42760389081093,True
2,213,branch_opposite,869.2101926299706,547.8221306947634,1117.8735146475938,1027.4412128442098,523.4328212282877,True,16.53138206378834,True
2,214,branch_opposite,1165.713306095618,701.9296423955562,1444.6041179200852,1360.7324258949404,721.1798750601195,True,32.639499083755034,True
2,215,branch_opposite,321.1320460724273,193.01983025022238,1367.4160130670823,374.67645493744095,706.1985335115014,True,4.931740716846051,True
2,216,branch_opposite,621.0667671233937,398.4123865459242,1065.5448774191957,737.8728609850905,509.0069284169851,True,9.280612915976459,True
2,217,branch_opposite,753.1218087516893,487.6705762098306,1067.969366296989,897.2263090872025,488.16950048639865,True,14.956404650967448,True
2,218,branch_opposite,379.3801236124368,229.0363851720041,1174.3055605268416,443.1556655678075,660.723150303576,True,7.084241060707273,True
2,219,branch_opposite,476.76123286280665,293.88084353169984,1453.6452701077828,560.0600176371876,589.9969211801117,True,13.778291088415799,True
2,220,branch_opposite,997.8103084505778,625.464326634695,1354.2788110102033,1177.637905106162,589.5809008174771,True,5.384499159614107,True
2,221,branch_opposite,1212.4314684251783,777.2633086949184,1453.1079034065365,1440.1834316055042,752.1707902669916,True,9.753858134790882,True
2,222,branch_opposite,562.0764889899809,362.65718060073175,1373.227281277932,668.9171922716413,529.6038084483636,True,2.6013682449185564,True
2,223,branch_opposite,729.0498870316769,471.39351296805296,1084.48165853074,868.1737048824174,488.1757242525079,True,8.766907727255166,True
2,224,branch_opposite,588.5464498642751,372.8181020452,1329.2362611966341,696.692371754153,525.0541849145415,True,12.123629883271926,True
2,225,branch_opposite,910.8235438238307,558.1257451892554,1486.7548400850187,1068.2246371559042,549.8183757184963,True,4.069961632910726,True
2,226,branch_opposite,1220.1182651182194,779.3779096452865,1454.2624981792642,1447.7978128586014,759.4872036709498,True,34.175122396855166,True
2,227,branch_opposite,1196.568956340534,748.1196057003103,1476.8090923645743,1411.1910613772548,741.2490878324166,True,25.503126346739325,True
2,228,branch_opposite,142.5660215393807,87.05961076392211,1283.9927381727612,167.04624007720972,860.5918852972251,True,9.421628231919518,True
2,229,branch_opposite,645.0056096217346,399.18220172319604,1419.2828606771757,758.5371886836425,515.9944489606888,True,14.296109367747912,True
2,230,branch_opposite,345.75936858263515,209.62050380060583,1349.3215156791152,404.33933345184505,685.1547062136617,True,7.496338740597803,True
2,231,branch_opposite,1094.738822547528,671.03120054808,1395.3842425641071,1284.0311373567797,662.0200291024076,True,5.891477382041792,True
2,232,branch_opposite,970.9185953365052,585.3677800912577,1240.08124815781,1133.7276378121774,584.936552178998,True,26.372170817511325,True
2,233,branch_opposite,760.6280890089288,471.97067658137564,1491.71912142313,895.1599909189733,505.30558516563065,True,7.0315412901413215,True
2,234,branch_opposite,544.3254786998777,327.94074297152116,1268.4884618756814,635.4804148536479,561.1063093195443,True,10.983907475986637,True
2,235,branch_opposite,1033.4025970412426,653.5228649350065,1266.7928714935333,1222.7072677319145,610.645103873388,True,7.471478797119803,True
2,236,branch_opposite,1119.9183251304828,702.549209632422,1420.2789656109685,1322.0410155960392,676.7975281921514,True,28.684071285766958,True
2,237,branch_opposite,1129.5897391492335,679.0921098335672,1331.7794241364622,1318.005717904683,692.6870334791901,True,20.881216872469185,True
2,238,branch_opposite,1257.3788052723216,775.7977190584304,1489.872368148828,1477.451711848585,796.88766542987,True,17.354571430064137,True
2,239,branch_opposite,1001.38500845618,623.819442424776,1194.6370401963711,1179.797708044876,593.5149143535531,True,9.756840261818931,True
2,240,branch_opposite,1192.8592461869903,764.1693428880151,1459.254619686123,1416.6396739551294,734.8191994858739,True,10.549717838521493,True
2,241,branch_opposite,577.7305210485682,373.70012410480126,1196.82469936779,688.0583824843601,521.8115134311464,True,11.238385495499791,True
2,242,branch_opposite,1278.4138817092296,778.0517486241089,1499.5010100198326,1496.5649255825467,817.4389125138825,True,14.932067690426404,True
2,243,branch_opposite,1109.5992956457342,707.4640805002651,1391.5555672592156,1315.946815830942,665.5420794958335,True,7.042728648803248,True
2,244,branch_opposite,623.0587560506917,376.4980282220746,1157.4588865011176,727.9786938822767,530.5252708680625,True,12.162713212109765,True
2,245,branch_opposite,984.3505646561979,632.2230971724225,1273.430355643416,1169.8940459448736,574.5205769023496,True,25.06685159329049,True
2,246,branch_opposite,1212.2766576038146,777.4734924877584,1445.8694329168702,1440.166561926845,751.987790413014,True,21.38371462224361,True
2,247,branch_opposite,756.1521062810709,467.23800207003774,1486.1730230049093,888.8629581728,506.60970375493093,True,3.495830367949207,True
2,248,branch_opposite,1008.2799954972738,609.4772152881005,1249.3806563100686,1178.1727484861124,606.0762259439445,True,11.160260867423112,True
2,249,branch_opposite,273.08349417420334,164.55996800502584,1475.005949209219,318.83315050384465,745.1532188603479,True,19.724885114997797,True
2,250,branch_opposite,488.30873995676484,298.70252389989344,1138.4351036035096,572.4234650172282,585.4656023347385,True,15.187815114977148,True
2,251,branch_opposite,785.1051395527459,479.7238186627976,1021.3383430671004,920.0679444174508,513.7507060776285,True,10.907445979974238,True
2,252,branch_opposite,1161.5960950904748,750.7462309295777,1457.0398236894846,1383.0854606221578,706.3966927330415,True,39.23434248155678,True
2,253,branch_opposite,980.0805855756089,615.4455660522074,1240.0047439875282,1157.2947761895196,578.2773601306494,True,9.646588407377456,True
2,254,branch_opposite,351.42239953354897,218.95162909633152,1401.8859754706573,414.0501404152097,674.9751537785664,True,10.0723919329136,True
2,255,branch_opposite,1155.3453290142947,720.5196008955826,1424.5014191624043,1361.6061561809563,706.6259426089046,True,33.76317549393101,True
2,256,branch_opposite,1036.4651795748173,631.7823859207297,1321.2079188459174,1213.8406203578575,621.9700354990592,True,32.047893447733166,True
2,257,branch_opposite,666.0977947579732,430.46118757451467,1102.8669632678805,793.0845517279331,494.8025541557723,True,10.476542854020648,True
2,258,branch_opposite,1124.2886080049877,677.5443985805501,1396.5693003216513,1312.6657175906105,688.086858493025,True,7.44609783810038,True
2,259,branch_opposite,504.66245567583667,312.9289595792769,1315.0556910943974,593.80866271227,572.0674049912207,True,9.57966272942661,True
2,260,branch_opposite,803.166782026057,490.56366175343254,1175.3450175373036,941.1320768006093,516.8012305756018,True,16.616520390714914,True
2,261,branch_opposite,964.1386912998603,580.163920813232,1151.5407360263887,1125.2349048420022,581.8147009230726,True,13.287610934449386,True
2,262,branch_opposite,715.8787990227224,461.3941775760169,1207.5292838671787,851.6848255025238,489.8531343576204,True,8.349973305830524,True
2,263,branch_opposite,510.75272386276447,310.4101259821908,1365.0525392971438,597.681178594,575.0034048226405,True,12.437016121475091,True
2,264,branch_opposite,778.5990916998531,485.9811082955158,1058.3133191809122,917.8203436490031,504.81291683130405,True,4.783847077009423,True
2,265,branch_opposite,598.0620297005563,365.8923125477845,1215.645665656196,701.1101024454823,534.0370245050985,True,11.587788535355394,True
2,266,branch_opposite,347.31075188227373,224.38013211881767,1280.9262654949985,413.4866407306146,670.3557536774497,True,3.9521917194945857,True
2,267,branch_opposite,1229.1140010050037,744.4806462105297,1463.260791997617,1437.0012735027676,773.9139932778239,True,32.49942777934851,True
2,268,branch_opposite,1194.858383598605,762.1741068127204,1480.6533201099046,1417.2494226323183,737.1183506601792,True,42.86113319605034,True
2,269,branch_opposite,262.40927533768917,160.69826048520952,1216.40215025754,307.7053114689823,751.7280760662574,True,1.140658490608275,True
2,270,branch_opposite,531.3697301053832,331.01795439789214,1472.3163474385108,626.0404748944214,556.4304424215584,True,8.950761758579553,True
2,271,branch_opposite,761.4739318934443,463.5561614956088,1336.9654157596583,891.4745446807805,512.6708626933826,True,14.67543941664199,True
2,272,branch_opposite,867.1404116954177,561.991721666906,1254.4339682461066,1033.3282096301405,512.8390314782064,True,9.918306297057248,True
2,273,branch_opposite,903.8796984305657,577.8599772640207,1413.8863399957286,1072.8097047279657,532.6647022101436,True,20.410777824649955,True
2,274,branch_opposite,1220.9949000312406,740.3199367076777,1477.7122868962124,1427.9013112218781,766.6967366533696,True,7.124264867123698,True
2,275,branch_opposite,570.1980642639016,366.8558204108962,1173.494507688795,678.0184551025527,526.9896822748841,True,11.44321118190814,True
2,276,branch_opposite,581.5263969281029,356.69185580416956,1430.4369375603126,682.2038040946444,539.2377505514561,True,4.067264653777793,True
2,277,branch_opposite,1224.8388744333615,777.1572241679972,1494.9242978309746,1450.5873360124478,764.4698983021987,True,14.18612351226264,True
2,278,branch_opposite,800.2990585825244,489.7255446927166,1470.066952685867,938.2482039911681,515.5854856666496,True,7.749672516181998,True
2,279,branch_opposite,1254.5429539529423,775.8387145645861,1493.2190963379537,1475.0605866642236,794.0725026761571,True,24.788298027539373,True
2,280,branch_opposite,905.8767109264477,558.3668360814547,1244.8815730627136,1064.1363347966899,545.6968547583406,True,10.560454615820227,True
2,281,branch_opposite,552.2489395624625,351.0118798616842,1318.3112747297341,654.3609333173075,539.4425227846351,True,4.780813563493322,True
2,282,branch_opposite,440.4798306822483,265.035927081352,1383.00292545586,514.0685984202242,619.379290656613,True,7.643325122535497,True
2,283,branch_opposite,765.6377594620731,492.9526120768287,1475.5513813676132,910.6060929224401,491.3757982006849,True,7.050702468697263,True
2,284,branch_opposite,520.0038823598352,312.9867322971152,1111.2445118697633,606.9305827385265,573.2016855626388,True,9.44697193379769,True
2,285,branch_opposite,1131.6509852122763,712.092044731786,1408.5023609761308,1337.0523671502965,685.6567852744648,True,18.881903155618684,True
2,286,branch_opposite,1062.311063614194,669.4106032686291,1442.3656106727833,1255.6334463710298,631.9468784246221,True,15.5907374542845,True
2,287,branch_opposite,592.4501200042952,374.6121204959878,1325.4372252955714,700.9503445434664,524.2225198140105,True,15.301832711897932,True
2,288,branch_opposite,1249.894859157725,753.0107641924811,1471.8845923936851,1459.1992221553073,792.9124245017259,True,40.504579171228656,True
2,289,branch_opposite,1131.977639278338,707.566957524074,1485.0633093273436,1334.924857512974,687.1197573799711,True,3.562551553480985,True
2,290,branch_opposite,628.1436755824077,378.9450118432095,1033.5535094391068,733.5964825263459,529.7024007067591,True,5.130261947705196,True
2,291,branch_opposite,366.5374618228534,223.00300279383575,1432.3832141842336,429.04551061001354,668.5279924320415,True,7.8329503716128475,True
2,292,branch_opposite,521.7244871297935,332.18225855331457,1061.2882669768576,618.4993883331068,554.2531629789411,True,3.4795274416276283,True
2,293,branch_opposite,593.5325356383294,369.10416476554576,1170.1534990774455,698.9411672727082,529.8299642789707,True,16.164678483216996,True
2,294,branch_opposite,970.3124993452029,603.7336888394844,1319.4785225128883,1142.8038823110753,575.2532338089957,True,14.149771919288835,True
2,295,branch_opposite,643.1735714558071,396.7470819680427,1248.9301032670635,755.6986767683102,517.6588489152483,True,8.211921312237045,True
2,296,branch_opposite,327.5935565182712,202.3136982619279,1331.7358069584882,385.0303504617632,695.7789054336649,True,18.511694728406535,True
2,297,branch_opposite,542.386768742306,334.57858917551715,1225.6652153188443,637.2803458772279,554.2670922611363,True,9.893562687515708,True
2,298,branch_opposite,570.7757429690636,366.4202519595294,1088.280837706611,678.2689361956446,527.5293744695957,True,7.355494555727754,True
2,299,branch_opposite,347.6568739360275,223.47600509152352,1198.3588908602524,413.28782566951764,671.1830986183493,True,9.600301741830542,True
2,300,branch_opposite,1083.448349288306,666.0026660361787,1408.8185361452574,1271.7782341048508,652.9987480576178,True,15.967844906208317,True
2,301,branch_opposite,1110.4238326700784,679.4378140572067,1341.512853712718,1301.7975385337543,674.2962022824041,True,13.324583860389419,True
2,302,branch_opposite,755.914211081596,487.145005553027,1058.8720024361837,899.2866900774026,490.2317285191435,True,12.64465299506289,True
2,303,branch_opposite,1232.749374527835,785.4692121005062,1469.6604575201138,1461.7225809149143,771.199900762295,True,14.047979261623253,True
2,304,branch_opposite,652.4769778548101,422.9572348470846,1048.4535945881298,777.5725233957526,496.4619851516086,True,7.879936868608183,True
2,305,branch_opposite,1088.7297573171486,702.7986710477144,1479.045522822121,1295.8620514909335,646.7324006171664,True,22.97926450672519,True
2,306,branch_opposite,1110.9680373767753,685.973451046911,1383.2173183543032,1305.6835587591706,672.8642936891937,True,4.503562606611482,True
2,307,branch_opposite,1237.017728720264,792.2709034818644,1491.888565775213,1468.981295208421,774.6003869174211,True,20.272094425007374,True
2,308,branch_opposite,1261.7259424937838,798.8847451714777,1495.168380984311,1493.37510024425,798.4102317551827,True,10.333747912666087,True
2,309,branch_opposite,445.1747492894221,278.12034272859995,1457.857774694525,524.910928105306,606.1141710437741,True,9.563960429922435,True
2,310,branch_opposite,1031.446808070462,638.8438550817036,1477.2378616822477,1213.261714987495,614.5366591997984,True,7.4780735823810165,True
2,311,branch_opposite,1018.9485971373877,660.9455311119361,1321.7112277419267,1214.539105465563,594.46078995879,True,20.87729865264047,True
2,312,branch_opposite,1241.9714523519262,764.7436683692237,1487.728562914634,1458.535555537804,783.2293668910722,True,27.927660966936713,True
2,313,branch_opposite,1144.1095662129985,726.5244091313127,1418.9123844251897,1355.2949555590098,694.3142572002494,True,4.499315428169227,True
2,314,branch_opposite,1065.6508776251371,661.8831289999596,1267.621657411978,1254.4724267348415,637.6701832329146,True,12.293505898380467,True
2,315,branch_opposite,549.2488987513024,349.14198645571196,1145.0172768166383,650.8259978563848,540.8297847183226,True,11.74175176151376,True
2,316,branch_opposite,149.78695204578415,96.87454465121095,1304.4049240520158,178.3838793292306,848.7809597959637,True,12.168051881326436,True
2,317,branch_opposite,889.4303067916474,542.4630366952013,1133.0657130760987,1041.8024845526445,542.4499663345488,True,14.822016662770373,True
2,318,branch_opposite,178.36212925643463,112.27268858766202,1121.913670804664,210.75627097572027,824.0575909362027,True,8.678365894749927,True
2,319,branch_opposite,579.0686032261381,367.62374848388527,1048.9954447627404,685.9064569543091,528.0334104568117,True,12.770369001768358,True
2,320,branch_opposite,299.27152414591006,187.15366123145293,1354.1989952084139,352.97299907635073,716.7619594309464,True,15.812851514727015,True
2,321,branch_opposite,1148.8555846925053,704.4275349544762,1374.8245139634637,1347.6228353961646,704.2394956310361,True,19.73334890360265,True
2,322,branch_opposite,997.7288418605663,617.561048074949,1311.9966333568668,1173.3901695428747,593.0137603890236,True,22.040170203935862,True
2,323,branch_opposite,300.98943779093213,183.96237444083752,1431.979328654715,352.7560018931107,719.4637688021808,True,0.5553486658509207,True
2,324,branch_opposite,279.2379189085742,170.34055144978737,1181.620307235123,327.0928290632632,737.9782816428714,True,16.292542573891687,True
2,325,branch_opposite,1186.0432059292257,752.3448892361217,1408.1243992489076,1404.5359798490701,730.1311273604946,True,34.99127576622605,True
2,326,branch_opposite,635.072418761192,405.9074625422843,1288.7378694231825,753.709390427575,506.31623689604703,True,6.4743230460155665,True
2,327,branch_opposite,1088.1759179895491,704.2998430392298,1480.1676969390282,1296.2118258207188,645.7818194328704,True,32.78822220417816,True
2,328,branch_opposite,981.3584555712476,618.9639948695271,1274.2719491453286,1160.2503373264014,577.7883805981461,True,15.50619036178088,True
2,329,branch_opposite,178.00923264324229,115.59636789239481,1169.7352852255367,212.2493985295361,821.0710760937576,True,13.017449855151412,True
2,330,branch_opposite,1224.1363103298677,787.2226569062644,1480.2694462665727,1455.4137617236481,762.4338255136325,True,16.319373967146813,True
2,331,branch_opposite,697.8131501208135,422.1404407730011,1242.4628391575322,815.5646781326154,515.7755064457104,True,7.775185886417679,True
2,332,branch_opposite,233.19664020911603,150.1986740476679,1084.1954351696138,277.3811721990112,770.2247266218759,True,23.0146159439998,True
2,333,branch_opposite,1032.81643981855,635.0802195940511,1256.65898560575,1212.4506932981203,617.2998695826491,True,9.176009061219974,True
2,334,branch_opposite,315.14496212669394,200.2462974838986,1405.7667597669974,373.3830831864847,700.4122027128919,True,8.965620497703247,True
2,335,branch_opposite,1002.2328015818932,612.7212385703538,1314.9246968782322,1174.690557024223,599.2156291536975,True,8.793780615429917,True
2,336,branch_opposite,328.8007071294319,199.0804990011055,1287.8990455115336,384.3734513352133,698.7048127670873,True,14.422242266232459,True
2,337,branch_opposite,185.58171027915898,117.4244449892528,1185.6381343004814,219.61118248206705,816.713005671032,True,15.237052518931067,True
2,338,branch_opposite,1118.7444787709503,672.8520913105012,1351.3837680883253,1305.495747048377,684.2318271728648,True,36.64464247792642,True
2,339,branch_opposite,564.4700011076311,353.38684649634064,1038.979799654641,665.9644475698964,539.1525552772946,True,8.98046643486762,True
2,340,branch_opposite,1128.0127861251624,686.3884042952118,1331.6214423658566,1320.4324621928902,689.0548594986145,True,6.155570447235253,True
2,341,branch_opposite,730.5572780433116,458.71321082686353,1448.3508087064827,862.6307125816603,499.72514077132473,True,7.912788968385982,True
2,342,branch_opposite,729.4974909856182,443.88639646343876,1393.7447629482149,853.9330900718213,511.8544815642528,True,15.985006440471382,True
2,343,branch_opposite,1055.9399407183173,662.0727271772038,1359.4748633159795,1246.334407162084,628.5085056016869,True,33.572007056995936,True
2,344,branch_opposite,676.1284444289377,436.2971650943998,1383.3291218254305,804.6768852373635,493.6091287725963,True,2.6688848892335457,True
2,345,branch_opposite,581.6942533923112,362.66616474491275,1246.5311262046966,685.4888412515718,533.4349992440569,True,10.86417304182379,True
2,346,branch_opposite,1171.4028818013292,746.3345832448813,1459.956454856337,1388.9564505915114,716.8632508906072,True,27.710332151055507,True
2,347,branch_opposite,891.6074707189617,551.9979835208175,1381.6352914790245,1048.6494436430664,538.213603468372,True,10.419083768851248,True
2,348,branch_opposite,799.8567390037706,497.63301531465606,1206.2521761423893,942.0241084287082,509.2784959266697,True,17.505843494827396,True
2,349,branch_opposite,1222.7757056735568,740.1309794055369,1451.7234673849985,1429.3265173015102,768.4814547873578,True,14.384178538919919,True
2,350,branch_opposite,1012.9361430272623,641.1406547593093,1361.3375274924492,1198.7914618632142,596.6679717898933,True,10.859622257397643,True
2,351,branch_opposite,426.5128798668973,264.9529734187971,1112.067872361432,502.10886749371014,620.2361411694284,True,8.732009464868458,True
2,352,branch_opposite,1169.093871445012,707.6053388624944,1462.031172251761,1366.5598398302914,723.0475994927735,True,23.579636033042483,True
2,353,branch_opposite,365.38511543137315,236.37796980424167,1408.6563101768343,435.17907485031134,655.4897585773514,True,12.78055031671422,True
2,354,branch_opposite,466.78482038896533,293.5576251013457,1244.6596338697764,551.4201191475523,590.2537197728386,True,11.396355872822342,True
2,355,branch_opposite,929.239148344336,580.7991291118747,1392.8655046834529,1095.8161447947455,551.9965060309287,True,3.359525309032697,True
2,356,branch_opposite,1003.2550109438508,606.2859239196413,1295.6596001525343,1172.2214972124677,603.0617118526554,True,17.346460023397697,True
2,357,branch_opposite,473.0850920568499,306.66712215576234,1189.9490665779053,563.7856225000203,577.1670555897634,True,13.1384939385889,True
2,358,branch_opposite,1172.152060371735,739.0289238883593,1479.2296446051341,1385.6782465555593,719.0338920018384,True,8.455716336852385,True
2,359,branch_opposite,234.6796522862704,141.959033600398,1170.8713852475964,274.2752384338836,777.6307868053018,True,4.279042781741023,True
2,360,branch_opposite,293.72830924433697,188.72161683462215,1449.1748064560174,349.1305891958062,716.5648048017403,True,9.628265666177228,True
2,361,branch_opposite,1043.4036763450101,633.061380995578,1468.2170719097644,1220.433506553434,627.8077359912526,True,10.070612326552771,True
2,362,branch_opposite,1090.2595428459608,706.5091794361027,1355.0698756780441,1299.161687933476,647.1748259411293,True,8.603942140605177,True
2,363,branch_opposite,1254.0037491884875,805.9774138929938,1492.847841393398,1490.6793735355775,790.0019856291426,True,8.649168869944065,True
2,364,branch_opposite,989.3215547377545,625.4306871412261,1422.5413101067315,1170.4361080753933,581.9773143808138,True,15.677918130757032,True
2,365,branch_opposite,811.8483666381228,527.162197601893,1094.2776956938205,967.9864425669634,495.51596321938723,True,14.119069857468476,True
2,366,branch_opposite,602.9539416453824,391.16588080817877,1235.3704738114259,718.7240096547085,510.83556025720753,True,12.4014590496112,True
2,367,branch_opposite,480.27905245573595,302.78259134053326,1064.7790805002019,567.7545824092201,581.1608250552748,True,3.0905685189485537,True
2,368,branch_opposite,601.1705762324568,380.40366898350965,1429.4875580693397,711.4162024467672,520.7628712810085,True,12.058829569374128,True
2,369,branch_opposite,692.5218985753663,431.00316143702736,1281.9613220634744,815.6900791202148,505.4839054800751,True,13.485523858986236,True
2,370,branch_opposite,520.9892908626568,318.2274403163727,1102.5923645669998,610.4904134905679,568.0742585354454,True,5.485732235651416,True
2,371,branch_opposite,839.1780502618307,526.6848312685452,1114.3320546925493,990.7657197994001,515.1957928077402,True,13.23235723811799,True
2,372,branch_opposite,943.4387551478682,570.7101153666562,1261.1467320471443,1102.6271901675475,569.4040329991682,True,4.907991048570476,True
2,373,branch_opposite,170.1285529479558,103.68413653095845,1354.688928073813,199.2338442542728,835.0043201077847,True,14.989682993178238,True
2,374,branch_opposite,671.6035690484289,433.82113694402767,1136.764020211027,799.532446382257,493.97143342568137,True,4.152269149130375,True
2,375,branch_opposite,809.0580154986135,522.4630057212696,1468.6554125519947,963.0900605809709,496.98900990686843,True,8.587959692102933,True
2,376,branch_opposite,399.1850860889496,251.45372520200326,1128.720551846749,471.78142065347026,636.0732460584177,True,9.696410666935567,True
2,377,branch_opposite,1186.5091674107118,743.5822166832937,1459.9887270463448,1400.2565898139173,732.2170089229506,True,15.46853556053953,True
2,378,branch_opposite,1235.908370475798,749.6130741807489,1480.632264998868,1445.4719856139914,779.6985678020794,True,18.343571963340928,True
2,379,branch_opposite,405.21946306785327,261.6587087036011,1127.4122331137248,482.3568109702975,625.2956966499911,True,8.202677117248436,True
2,380,branch_opposite,134.09033756906632,85.06700518994177,1400.6359270641951,158.79739922735428,865.669306920434,True,7.5878705207023724,True
2,381,branch_opposite,1190.0278266866,765.4001282728467,1460.695289631951,1414.9217591967843,731.8255566282485,True,37.339007839103516,True
2,382,branch_opposite,811.8931502692011,489.8495491563412,1249.9470252263145,948.2210018042831,523.043109480241,True,17.821742242628996,True
2,383,branch_opposite,592.8870351025421,357.4920118418147,1198.441670281163,692.3262055732046,540.9680972669776,True,8.020362691676707,True
2,384,branch_opposite,601.2034264339899,371.2661037598286,1381.0837299312843,706.6003677871769,529.6093346471272,True,6.205320747519631,True
2,385,branch_opposite,877.3994973641308,568.8884996761597,1339.8228521823198,1045.6882915279396,516.6337861571674,True,5.534870435366962,True
2,386,branch_opposite,735.1659687454446,454.92975212100146,1282.4725264667647,864.5403871227207,505.3701247710945,True,10.141130359126914,True
2,387,branch_opposite,939.7125323240897,569.2661951564662,1168.177604748888,1098.6917876979298,567.0950285671481,True,0.21467861827076246,True
2,388,branch_opposite,983.613874931011,614.2789273577287,1202.9650202242478,1159.6701494617166,581.9488561916852,True,24.060628352885686,True
2,389,branch_opposite,620.304693963152,375.0237196090393,1428.4432451366386,724.8590922531902,531.1381705903067,True,11.477024913882655,True
2,390,branch_opposite,1061.5432306824057,669.851861938922,1425.0045141239075,1255.2193224893726,631.0748997220358,True,21.446997862236966,True
2,391,branch_opposite,992.9506368455407,636.5437146662448,1293.1230838501822,1179.4655009338198,580.4105986957438,True,7.26357815941402,True
2,392,branch_opposite,586.069192279741,374.30588655529186,1278.435847349173,695.4006002653226,523.040857597691,True,11.396638712202721,True
2,393,branch_opposite,855.211142694305,516.9362770889337,1284.1340202587671,999.3043646252455,533.525014258126,True,5.852409085025574,True
2,394,branch_opposite,725.1443924580726,467.72453648950034,1035.7634584834675,862.9024463678992,489.2139421607819,True,5.823954670826256,True
2,395,branch_opposite,1203.8938789495744,736.6346580637031,1485.9290553743992,1411.3791451034274,750.6185856954766,True,13.967647859689537,True
2,396,branch_opposite,1225.9433744938508,772.5142660351186,1460.3988930778398,1449.0394917645094,766.224232035066,True,43.132082691655704,True
2,397,branch_opposite,873.0310839936981,534.7400374702592,1370.228770224627,1023.7822919414584,534.8136701856217,True,13.097839907784461,True
2,398,branch_opposite,140.96376455574594,89.19857540031663,1010.2146104142588,166.8147738396505,859.2202591995974,True,7.787694433170724,True
2,399,branch_opposite,70.37134948568279,43.585616105126256,1493.0182205444862,82.77579815199336,929.4962005025793,True,29.083346631469297,True
2,400,branch_opposite,739.9602041052583,480.24354529526624,1281.131724233513,882.1422597615772,486.736829243063,True,6.986558006974656,True
2,401,branch_opposite,1152.4955479233104,732.7963662912488,1435.6726858900959,1365.7366153225553,701.107158814131,True,18.777184780006067,True
2,402,branch_opposite,997.6809250428612,639.7415960923709,1317.5921378443231,1185.1736319903482,583.3484427165156,True,9.171363978648223,True
2,403,branch_opposite,529.442456122025,326.051712297743,1408.798044063469,621.7869678891738,561.1496763346071,True,2.8573269075974217,True
2,404,branch_opposite,1037.7676971029437,646.5777532108918,1347.4870307267638,1222.7119792075287,617.3256073386905,True,5.870391259862079,True
2,405,branch_opposite,675.9403939587452,437.47627309575097,1329.9115631189547,805.1589319549599,492.4608911500191,True,8.436556227805939,True
2,406,branch_opposite,1079.2636905652153,667.2103870730398,1497.1889617989261,1268.8497997756094,648.650950304525,True,7.785329683482821,True
2,407,branch_opposite,1058.816438852864,645.3132135345483,1358.6533685675781,1239.96830392851,637.2815974779703,True,14.125801162070514,True
2,408,branch_opposite,1093.1923680690181,657.5483243728848,1469.779965958294,1275.7113123626114,665.0214467892307,True,15.00424082130869,True
2,409,branch_opposite,1092.8767524027546,658.4660529150439,1483.2159802821918,1275.914236453183,664.4128487069903,True,19.183433455888153,True
2,410,branch_opposite,823.356991565335,514.5921966430327,1102.9356614184167,970.9386512058425,512.5530849123552,True,9.566739608505557,True
2,411,branch_opposite,281.90186228611464,170.78728428694774,1087.7316403536715,329.60120818117497,736.8696634792492,True,11.229609962052669,True
2,412,branch_opposite,845.4954960287357,508.80860301305177,1333.5119071227398,986.7871241078144,532.2086434458945,True,20.025750619974467,True
2,413,branch_opposite,1041.1416629324042,664.110837551599,1272.1377222874019,1234.9166639280313,613.9516724165137,True,11.604680122252514,True
2,414,branch_opposite,760.1149096441198,477.9591864072432,1297.0028261711157,897.8973547874848,500.1367287305563,True,16.23568142997288,True
2,415,branch_opposite,1123.998264878409,703.6613827622455,1497.1738979921574,1326.0887757011403,680.4339989866493,True,31.672433736100505,True
2,416,branch_opposite,1238.483029528062,796.1508635297874,1494.614595714728,1472.3098899104878,775.6073488304921,True,19.314744219775495,True
2,417,branch_opposite,253.83309747194278,155.02298242155194,1439.0813687993518,297.4279180760838,759.5605939882777,True,22.201123055852126,True
2,418,branch_opposite,546.9573875033201,329.1422175480227,1320.7383218373118,638.3549037305869,560.2816365402067,True,10.698369272971375,True
2,419,branch_opposite,973.6037727137616,605.5481616184721,1457.5767383190082,1146.5569686160304,577.2534441258575,True,16.27625662552318,True
2,420,branch_opposite,44.603858701593666,27.713050169174238,1394.9198255733697,52.512068715209665,955.0057307832278,True,3.6900133749622825,True
2,421,branch_opposite,1256.0895891437171,793.3182523162568,1490.8337315202596,1485.636195511321,793.4216687604469,True,26.76091432414885,True
2,422,branch_opposite,1020.8752121321306,622.0626407998137,1294.1071722050106,1195.46983559798,611.8447593943825,True,9.374632497861665,True
2,423,branch_opposite,677.8079169725634,425.9767212916526,1379.1510237068946,800.5496482998863,503.68242592729086,True,14.253017663500925,True
2,424,branch_opposite,1065.6639263626555,680.054017968577,1446.1203108268005,1264.1649699726206,631.5883262514442,True,16.896503644050558,True
2,425,branch_opposite,874.1399390028641,541.3705897756249,1306.8516475019055,1028.2036512451893,531.3571132135586,True,8.290135594227475,True
2,426,branch_opposite,1035.6441150223795,627.2206190624548,1383.3623827524707,1210.7701837911177,623.0841416872828,True,21.272556040923646,True
2,427,branch_opposite,395.79915248876375,251.71527902043215,1130.202045206879,469.0602848282486,636.1877665508764,True,2.898891413739762,True
2,428,branch_opposite,1109.8890984616382,682.7539860354277,1481.8803167588162,1303.0759058210128,672.7882019108822,True,10.609001421866306,True
2,429,branch_opposite,98.23135326905836,59.91687691658218,1211.5833638442543,115.06272595635565,903.0033041069945,True,25.382688074177054,True
2,430,branch_opposite,460.17326682501414,279.9373399708258,1454.5624049603134,538.6319242398721,603.9217853671237,True,5.585618723433023,True
2,431,branch_opposite,92.4637761316717,59.142392417411905,1264.1221696399775,109.76052331044637,906.0841964128703,True,20.067338673950655,True
2,432,branch_opposite,1198.2639818412986,743.9031151638183,1481.0642202858062,1410.4000903745707,743.6972169077943,True,23.962236565229773,True
2,433,branch_opposite,417.09794406473026,268.4947265143399,1063.5532172960188,496.04446686666614,617.40477724184,True,3.347566436968822,True
2,434,branch_opposite,676.444718040153,418.3007861628967,1367.3012541448486,795.3320088295953,510.11069961885215,True,7.905848702193987,True
2,435,branch_opposite,800.1094801355466,504.68863112262136,1275.5837837873262,945.9840350593661,504.11587904648593,True,6.3125159810986595,True
2,436,branch_opposite,829.6630358280353,528.2083883467261,1095.6202058107551,983.5369106135456,507.31142865764804,True,9.115704588397815,True
2,437,branch_opposite,482.0053427687574,305.9836172194947,1467.441559133964,570.9247975559947,578.0002507167392,True,2.7571380419526483,True
2,438,branch_opposite,912.1199575908312,590.3304620811396,1351.9609981617334,1086.4864801259293,532.4570154740148,True,5.710909806272463,True
2,439,branch_opposite,1038.8251725146365,650.887577703251,1490.4676620770692,1225.8924821771566,616.6612474944242,True,26.599048081083627,True
2,440,branch_opposite,622.9485508729504,378.35553016665676,1423.9075200301418,728.8469004135235,528.7169823465921,True,9.59079337266659,True
2,441,branch_opposite,1222.271980939008,781.1567311231298,1493.0913691662643,1450.5704512251518,761.3786484280314,True,10.602422704334696,True
2,442,branch_opposite,722.3089595949386,434.96800562049526,1246.12386299619,843.1651078078326,515.9566461876217,True,14.568045534242938,True
2,443,branch_opposite,432.9809438608369,262.87355626302116,1310.6223290089322,506.53233295515196,621.9148455410509,True,17.495936893837197,True
2,444,branch_opposite,957.6614527731176,593.2591080613835,1188.2821017118752,1126.5308817006778,569.5085145390044,True,14.82927957996347,True
2,445,branch_opposite,696.8080923718217,426.53594134414504,1454.9649842551307,816.9910812568232,511.3940755732892,True,13.49445135352207,True
2,446,branch_opposite,1221.9809993305696,761.9248483543249,1471.834055830546,1440.0579978822723,763.9219816331005,True,34.42371923005051,True
2,447,branch_opposite,897.4129970057377,580.4864126291063,1446.982726211973,1068.7911687705082,525.8648822522659,True,4.903248783912722,True
2,448,branch_opposite,592.1223931450128,361.68634532864604,1144.8687250454616,693.8486440578879,536.7106533184914,True,7.00526646584387,True
2,449,branch_opposite,717.8352544608026,454.47320876341155,1221.4726559382507,849.6077624589577,496.81527027881356,True,4.647343614642312,True
2,450,branch_opposite,575.8100447218271,367.7944972746136,1493.2762032437024,683.2495882384696,527.1895275014205,True,11.34493205721806,True
2,451,branch_opposite,504.4974064063581,308.29794846029097,1255.748432981696,591.2404401726646,576.6783788059074,True,6.613198604675646,True
2,452,branch_opposite,1049.6380609147382,656.4728646506474,1257.985243953455,1238.021276450239,624.6320602618932,True,5.0359477144586275,True
2,453,branch_opposite,935.8312530271439,601.8238078021491,1461.0183644208091,1112.641914444999,546.3765371171943,True,21.24176807022281,True
2,454,branch_opposite,1084.4710846161065,696.7958463350258,1412.9868968158348,1289.0314134411851,644.3615784505809,True,8.06383109315265,True
2,455,branch_opposite,638.7001902367696,398.1945109195975,1313.151705651454,752.659817935688,514.795289660229,True,13.12910166355133,True
2,456,branch_opposite,664.2720649145992,419.91582773702964,1318.7364716312877,785.8668326185934,503.76746160107393,True,5.194906343440579,True
2,457,branch_opposite,1209.7452987667136,740.2795425230474,1468.0485339421434,1418.2727131854076,755.6565141027709,True,27.115918343385438,True
2,458,branch_opposite,858.6255928531443,522.2976272660203,1245.5166861176947,1005.0038408633711,532.353966037597,True,6.593513067260505,True
2,459,branch_opposite,1181.6694803926694,730.0782441821568,1417.7472175555968,1389.0129601697683,730.1907874802807,True,39.39888414134178,True
2,460,branch_opposite,1068.870225024652,683.7593459406004,1306.1143665549755,1268.8618526480209,633.4440982718722,True,24.196269612045626,True
2,461,branch_opposite,905.9966609327636,571.1712141391765,1143.061621512982,1071.0119072552545,538.2563542293447,True,8.921936723032257,True
2,462,branch_opposite,1156.5012850527737,740.0317769592002,1378.4625572946331,1373.0048263710178,703.5050862498151,True,27.713276113357477,True
2,463,branch_opposite,592.7843902137087,360.41569613829614,1260.621822221951,693.7526989525094,538.1001703784224,True,6.567751292929273,True
2,464,branch_opposite,1208.6989079413506,752.2623585175199,1453.5376767923526,1423.6754216115958,752.4420295370028,True,21.465617375922832,True
2,465,branch_opposite,1150.895216210042,704.9580071315346,1479.145713420984,1349.639059346618,706.0774842073255,True,12.850783025739721,True
2,466,branch_opposite,995.9827599720493,645.7496010410339,1464.5153234975264,1187.0021926711827,579.3117948129983,True,3.4826266421596657,True
2,467,branch_opposite,633.7459672129933,388.03169384409784,1419.7024537898155,743.1033214743775,522.7997335032459,True,12.278039574722161,True
2,468,branch_opposite,949.4229709882374,600.501188966521,1483.1251830755268,1123.3902508880592,558.7317720761803,True,12.317012052913238,True
2,469,branch_opposite,789.6259100654443,509.72728601724555,1456.4352420726677,939.8568954671706,493.4378937216901,True,17.00822767889075,True
2,470,branch_opposite,555.3209563308765,343.3105017840574,1107.8711472542004,652.8732382135605,547.5327647577307,True,7.514819780061505,True
2,471,branch_opposite,545.8060615292031,334.84185526838826,1266.008019747578,640.3306371255374,554.4766367279212,True,7.135341738350944,True
2,472,branch_opposite,674.3695160569357,432.0841378131174,1027.3196116580382,800.9188138235802,496.69797252682883,True,13.70829707514799,True
2,473,branch_opposite,392.8776772595131,249.8681889856628,1412.3824950909843,465.60388868200516,638.3595038020285,True,9.772352538526402,True
2,474,branch_opposite,247.4679991675066,151.32901322967297,1380.8047841652858,290.0704756727847,764.9150993754473,True,18.18419076711966,True
2,475,branch_opposite,719.6700443172458,453.67183290200296,1113.6983043656294,850.7309237686435,498.4324433155075,True,13.467126941421524,True
2,476,branch_opposite,1150.8826160633303,697.8012091504157,1396.211357267452,1345.9039057260206,707.9120293789106,True,23.440730128055687,True
2,477,branch_opposite,1082.9154130499167,671.3181984728385,1328.4489517059958,1274.1169159154465,650.7412860864322,True,21.912068734513227,True
2,478,branch_opposite,1161.125483657905,719.2745906910374,1459.5161397610357,1365.8580913160647,712.5373630923941,True,9.215970240889337,True
2,479,branch_opposite,1265.7924466956429,774.4750942059512,1496.6904039464391,1483.927959726165,805.4029517767484,True,35.91068366991658,True
2,480,branch_opposite,810.9167099368316,507.5828642876154,1075.7270594126562,956.6745917882398,509.16124189583184,True,7.9416414866538085,True
2,481,branch_opposite,1242.0721552385387,795.4640817309412,1480.9644196853014,1474.9597771271453,779.2511473394735,True,45.235544909125544,True
2,482,branch_opposite,1040.7158272081413,675.3985871552246,1351.9361470347617,1240.6662260788755,609.6032836127978,True,19.483877817284185,True
2,483,branch_opposite,1016.3301801394782,642.2316140274675,1255.3880957834217,1202.2431040012957,599.329633833797,True,9.201084385640968,True
2,484,branch_opposite,627.7773097726654,399.03965125127735,1174.8307721414858,743.8662473429926,510.4712830483818,True,12.07385013919021,True
2,485,branch_opposite,1229.9778241452643,757.3419157897481,1487.4720852595524,1444.441838670289,772.5544095340671,True,44.401429762654395,True
2,486,branch_opposite,955.403438163136,594.3625691756321,1155.9466748610625,1125.1944690990083,567.0035415035405,True,18.583972249633792,True
2,487,branch_opposite,1243.6104735914755,791.5646654503164,1489.2673266737572,1474.1579391693026,781.230398447264,True,8.006415291010331,True
2,488,branch_opposite,211.39337648577734,129.54387105616365,1499.0076795050286,247.92896996977493,796.6715479718193,True,16.994176209997146,True
2,489,branch_opposite,809.9878125855826,512.9948960967846,1405.0688560578092,958.7721418348198,504.5449991562205,True,12.693489173547485,True
2,490,branch_opposite,877.502773522356,531.251098941286,1120.0413741020889,1025.7869406781076,540.4787978444388,True,2.995241951305447,True
2,491,branch_opposite,982.8780509491723,634.5889555339642,1489.379747574472,1169.9369237370584,572.1626488886933,True,29.41961933603998,True
2,492,branch_opposite,1008.8779338578913,607.8067470220997,1239.1761442132613,1177.821602430077,607.3667448069485,True,19.902350272894438,True
2,493,branch_opposite,834.1660048268329,533.4551787403786,1043.6399703223963,990.1552157786622,506.89215939325163,True,7.003220230364256,True
2,494,branch_opposite,869.8927327669976,550.7421731702186,1034.8133555983786,1029.5777327764476,522.0886957265972,True,5.158821880483229,True
2,495,branch_opposite,1043.9816625772298,651.6911629732867,1485.2456907438636,1230.6904906169511,621.1380579784807,True,9.120211680790616,True
2,496,branch_opposite,1114.3120632533457,674.204658326922,1453.5286000490173,1302.3990539084593,679.5983277028499,True,20.59363439412437,True
2,497,branch_opposite,880.9998177973723,564.5937455644498,1286.701799995483,1046.3874886912104,522.1072240063158,True,14.51255754610598,True
2,498,branch_opposite,218.095324982365,132.6174310170681,1167.5924063698885,255.25076648020124,791.6223195421964,True,23.023665116815486,True
2,499,branch_opposite,861.0983796778683,527.9331979977477,1056.4766456153916,1010.0514249442843,530.3740103670299,True,9.993351792972284,True
2,500,branch_opposite,635.6812315178115,409.0267655889335,1060.6680954448702,755.905763354233,503.57561931692544,True,12.478859641193035,True
2,501,branch_opposite,969.4279881466359,620.4764112855635,1201.7189314975844,1150.991573020344,566.5068537182151,True,3.291522363702351,True
2,502,branch_opposite,849.2302859331542,525.3125776157583,1119.9499373064282,998.5716713122894,523.4264213163879,True,1.7131219459431979,True
2,503,branch_opposite,1182.841821828126,740.6329204568086,1459.7183643992041,1395.5829958587422,729.1912417183582,True,10.164951697394141,True
2,504,branch_opposite,292.4257529860292,184.99979551214852,1240.8478891364844,346.031422487876,720.4916757290871,True,17.724463749843224,True
2,505,branch_opposite,502.525462644279,302.20653022879543,1497.9021028953584,586.3963058536219,582.6369097272087,True,10.54726296132292,True
2,506,branch_opposite,932.293009308157,594.7551794334609,1483.3266843610984,1105.8498897534816,547.0508429317991,True,12.735112575817125,True
2,507,branch_opposite,1027.3512804202421,655.2185189522328,1243.866558413778,1218.5080881795855,604.4015450276853,True,8.002597601964133,True
2,508,branch_opposite,438.9585807301946,270.14150783520535,1330.3856577400513,515.423194910886,614.3483866471393,True,18.91733388240484,True
2,509,branch_opposite,848.183561745172,520.5339018074844,1451.4702295298964,995.1738025820664,525.9534482429011,True,17.274845980905827,True
2,510,branch_opposite,911.8271041286819,554.1535976698714,1424.625750432348,1067.012126282621,552.9859646766133,True,10.259670505545282,True
2,511,branch_opposite,1269.750166179431,788.565609102601,1495.4930523519297,1494.6910063193827,807.5413561052978,True,34.12875126242493,True
2,512,branch_opposite,943.3380603721189,611.7487101811265,1151.4939196305202,1124.3323265631489,547.8238392385999,True,23.029886320812327,True
2,513,branch_opposite,1047.7352952838157,639.9328283212028,1230.772692967213,1227.706509613205,629.0856184011719,True,20.63212150437516,True
2,514,branch_opposite,938.6845544131565,567.0620391567063,1469.8841264979083,1096.67134956029,567.4673181494412,True,12.132528086044752,True
2,515,branch_opposite,624.1923233017604,375.944485373383,1479.3466751100123,728.6633739605053,531.3870364816653,True,4.416293255293853,True
2,516,branch_opposite,1143.5917012269783,708.417373567735,1476.8056867664318,1345.234981067554,698.1374930816406,True,6.715700524960969,True
2,517,branch_opposite,1153.9081501890275,723.105985222753,1495.273908525635,1361.7585266623564,704.6333735171921,True,5.774266457728331,True
2,518,branch_opposite,1181.0277849926074,734.2163341371485,1429.2822053094098,1390.6474226914374,728.7027455237894,True,3.0012529017258505,True
2,519,branch_opposite,677.4569690089724,419.396933538549,1160.152881473508,796.7695606135828,509.52617969114334,True,12.872841784681386,True
2,520,branch_opposite,946.3006485078957,599.5834930597189,1174.8141191459385,1120.2612563666378,556.5109934030714,True,9.095080644053317,True
2,521,branch_opposite,1000.3317730294237,619.8434182938527,1311.6349119252368,1176.804792365496,594.3235198876403,True,8.932222370659112,True
2,522,branch_opposite,1155.6386747554545,749.0702397446855,1483.1249917484831,1377.1735441336739,700.8670953942132,True,37.45401967089193,True
2,523,branch_opposite,999.4289621539407,610.4822205577198,1497.124631769023,1171.130561470064,597.7369975473673,True,15.214291131469487,True
2,524,branch_opposite,1047.8157647121516,656.0565430151553,1471.7658022134292,1236.2556630455965,623.0871514046818,True,26.47340135865482,True
2,525,branch_opposite,1248.890001855137,757.7351984065756,1466.393944406594,1460.7836484702232,791.1547497014712,True,31.677046609808794,True
2,526,branch_opposite,464.4181245405009,298.4399604769091,1488.6693701280958,552.0422125265197,585.3804640695759,True,13.516547512059732,True
2,527,branch_opposite,554.3924603369774,347.86809803616995,1074.7704438912397,654.4946246607296,542.8854023275464,True,7.736505947542201,True
2,528,branch_opposite,1198.3143488859498,740.3497317360119,1473.1749492318797,1408.571973321755,744.4232975742552,True,15.169781751300393,True
2,529,branch_opposite,1016.7490813110709,612.4620166924618,1225.4730160179197,1186.9660552172097,612.3114748640688,True,27.53505783032615,True
2,530,branch_opposite,498.6902941210341,322.78901580440805,1136.464820215037,594.0410408166274,561.8686686287067,True,10.378595445783336,True
2,531,branch_opposite,1040.354530921729,672.8256996793855,1305.1040863346145,1238.964072182251,610.1486719713016,True,10.099909390561184,True
2,532,branch_opposite,1087.4934922995624,704.9546192832694,1354.685331002069,1295.9950273989164,644.9444279241651,True,14.715409689492517,True
2,533,branch_opposite,815.9550384114727,523.9914401513314,1035.978007410849,969.7162750314827,500.64967169682296,True,17.906688779295884,True
2,534,branch_opposite,1171.0328927063813,755.844084357301,1497.5595647533783,1393.7784313362731,714.7364674968451,True,25.699565942871406,True
2,535,branch_opposite,337.2437256433542,203.13867761493736,1151.2492504089264,393.6986827879354,693.0878334057566,True,15.995825974063536,True
2,536,branch_opposite,977.1816257345837,589.8525143675394,1156.8707430262466,1141.406990682549,588.0771751924,True,12.525326274922584,True
2,537,branch_opposite,774.6687675411719,484.57046027521835,1042.738216374363,913.7396950855835,503.5207900392889,True,9.293192817331741,True
2,538,branch_opposite,665.1920438230723,426.2516331051274,1290.6123343013624,790.0448784026793,498.30288965966514,True,5.2016186466851595,True
2,539,branch_opposite,1048.41609521313,666.4910821378253,1450.4194111292356,1242.3311439673387,619.9114237624283,True,18.3353358160506,True
2,540,branch_opposite,1104.758015836492,710.3093850180799,1419.8768748930404,1313.4038586816112,660.1215446679496,True,10.721532763990082,True
2,541,branch_opposite,1012.858657193033,637.7938961919992,1284.2653239945055,1196.9393106881587,597.9663165763793,True,2.108650940769156,True
2,542,branch_opposite,488.5818016074304,306.9811244331929,1026.326212505843,577.0178399497107,577.2018782588357,True,12.618013313555945,True
2,543,branch_opposite,520.2829292355356,331.7891052269596,1068.447471518968,617.0723918643708,554.5062760344873,True,3.874471649768591,True
2,544,branch_opposite,716.0368052210707,447.04680884321556,1151.132414029978,844.132427838251,502.3559188959539,True,14.479113614496388,True
2,545,branch_opposite,954.2224549867262,602.7615999489349,1357.690516461601,1128.6549694100029,561.7394379655275,True,18.51017681563751,True
2,546,branch_opposite,1093.9545615163781,693.6919653913569,1299.2496524220696,1295.3552120986021,654.3377334589887,True,11.759819209997717,True
2,547,branch_opposite,479.0444547008705,289.948228447438,1108.263118177777,559.9585384289287,593.96775293098,True,12.359326466945362,True
2,548,branch_opposite,559.0469768195846,357.9250430339922,1123.5244515354195,663.8101074268171,533.7350963591578,True,7.624311730739411,True
2,549,branch_opposite,716.2967603348213,460.04918961282067,1000.1347922589756,851.3085843156837,491.22469727888284,True,5.752041328806452,True
2,550,branch_opposite,772.2846470799444,481.64983072596004,1039.6728622313894,910.1703881986824,504.39712093355445,True,11.966985283593209,True
2,551,branch_opposite,875.3338882875208,528.9319410182575,1398.498951861646,1022.7308610841326,540.3570066011105,True,17.3986475168304,True
2,552,branch_opposite,32.55059368328198,19.870009485274764,1207.5641478384837,38.13605152711835,967.4060339464053,True,8.635724429461293,True
2,553,branch_opposite,956.9310131159593,610.4470833602988,1306.1786458042397,1135.060617520594,560.2966796599507,True,11.279681290303028,True
2,554,branch_opposite,880.6665787831905,531.0255781423339,1181.3064722732668,1028.3782317936768,543.0272217127492,True,13.940777747955465,True
2,555,branch_opposite,935.2090699907483,605.5642739285147,1466.8916807595815,1114.1472498963185,543.9207939470923,True,4.144181817323772,True
2,556,branch_opposite,1251.4916980853682,769.0709503329398,1473.5682918712578,1468.9117049784204,792.0018144738299,True,35.77639605504012,True
2,557,branch_opposite,685.5295869618072,425.5969159447576,1167.3737624533792,806.8974838613113,507.2928686881484,True,7.974063626782834,True
2,558,branch_opposite,825.3863024220566,499.16642198522294,1201.9520021209967,964.587821332762,525.1538617108813,True,17.624544530702046,True
2,559,branch_opposite,604.7765587451236,376.736893877909,1415.5879153900478,712.5204370517163,525.2368155694091,True,7.398469932800619,True
2,560,branch_opposite,704.1407468381101,454.94613135041584,1376.4835527169794,838.3258160097668,489.65305043231956,True,4.264041101545696,True
2,561,branch_opposite,982.676587464345,604.5602421984138,1253.9836870936554,1153.753163374894,585.6892849946531,True,8.840525794588428,True
2,562,branch_opposite,595.4784303969944,370.4679392900067,1109.1271182664764,701.3138064446273,528.9713596806805,True,10.886059107898648,True
2,563,branch_opposite,986.9661614282504,639.4497141113469,1248.9630915139342,1176.0094135173829,573.7583531448935,True,23.792166203967554,True
2,564,branch_opposite,1256.8122647666132,785.0975410904891,1499.3046118060738,1481.87557436315,795.1183284465717,True,16.451910213361863,True
2,565,branch_opposite,254.48161896027645,156.70713449689418,1264.660555223496,298.8612058981075,757.7619627916222,True,12.07415160153191,True
2,566,branch_opposite,899.4952773592165,573.0164378080107,1454.4544200342611,1066.508130297053,531.8971861996774,True,16.58772767744734,True
2,567,branch_opposite,782.6007973603058,494.32738571144205,1078.9009781540615,925.6476501851529,500.7674695558264,True,13.22704022114127,True
2,568,branch_opposite,1032.342435972502,641.1908328948276,1238.0479001035621,1215.2598854969262,614.4276266877788,True,17.687324058539936,True
2,569,branch_opposite,868.4389566782612,530.5864052689542,1030.1558337616723,1017.697477118155,534.0809789672169,True,10.552992669437833,True
2,570,branch_opposite,1003.1033094869508,650.8738021076821,1463.010980489271,1195.7645904498859,583.7470607554213,True,28.061436910903456,True
2,571,branch_opposite,705.0100904909793,424.116716207098,1381.99385980145,822.7479666704689,517.2672723384645,True,3.38708633228044,True
2,572,branch_opposite,873.8709945882675,551.4521890494565,1307.5549323838588,1033.3199078649968,524.7083662775984,True,17.90115694427951,True
2,573,branch_opposite,1110.3694887615943,719.2591265299802,1440.6738051252996,1322.9716900483375,663.2605063125843,True,21.890981936727453,True
2,574,branch_opposite,851.8629852854394,544.0251458499918,1308.9072523409668,1010.7590736750898,512.7607867357493,True,12.433499604039152,True
2,575,branch_opposite,660.0086701248915,416.16140935374204,1318.8004885748128,780.2574980577378,505.59108587706726,True,4.205893787003164,True
2,576,branch_opposite,964.448955127201,620.9374385664736,1240.4299647892437,1147.0506046637363,561.8873698796376,True,11.178447608267463,True
2,577,branch_opposite,1254.1116202711887,789.466399355972,1491.199732453222,1481.908617901694,791.9062905070313,True,37.87821490534616,True
2,578,branch_opposite,108.12621791033888,68.82402300465078,1425.086546004788,128.1718578399283,890.8426201077632,True,7.654082885376719,True
2,579,branch_opposite,647.818975312515,397.0402650774142,1052.0968210087765,759.8094477352201,518.975619580408,True,13.627046175037835,True
2,580,branch_opposite,1118.2220212603445,721.4877642590695,1446.2662856682762,1330.776120467722,670.327205721258,True,27.708584073266735,True
2,581,branch_opposite,207.8770263316568,133.2664335782953,1311.9563906323906,246.92671057455595,794.2919603237108,True,2.203426586147833,True
2,582,branch_opposite,683.1849293016166,412.95463564288775,1310.7931020917413,798.2939175039511,517.760866878806,True,10.126939864892664,True
2,583,branch_opposite,908.9768379926921,547.6970579555257,1065.7914432908403,1061.230869933744,554.5892530632716,True,12.913597738953985,True
2,584,branch_opposite,442.8573718808862,286.29450092227046,1125.5457433305496,527.3397321343969,598.0381552643724,True,1.6734725526346272,True
2,585,branch_opposite,733.7816356267676,469.2660187175616,1285.6318735226184,871.0029191145833,492.5131386337695,True,10.208147045878507,True
2,586,branch_opposite,274.82457474525484,167.9002367879275,1079.658123225584,322.05439974847775,741.4744344828396,True,11.368957468521527,True
2,587,branch_opposite,1236.0042706350234,800.6876381527596,1473.8214551385347,1472.6870852012864,772.6432893944537,True,16.360121978381066,True
2,588,branch_opposite,705.7813960974916,425.1447462985756,1238.6267321879864,823.9389749141646,516.7086007108329,True,6.540901605428422,True
2,589,branch_opposite,872.7096230825387,543.0427220434128,1156.1362553926008,1027.8703635114625,529.1859359618262,True,21.079485822730344,True
2,590,branch_opposite,1033.343130518888,659.8274049594982,1328.773789227447,1226.0384291392181,608.2402620046298,True,10.249454331208863,True
2,591,branch_opposite,1129.9806604380296,726.4203608709636,1352.4685140632416,1343.3327337826122,680.584238720719,True,5.244664276473942,True
2,592,branch_opposite,922.725702115157,594.7683102533626,1305.8157417947784,1097.8032903145943,538.9448382789342,True,11.793661212550234,True
2,593,branch_opposite,802.0552969934706,495.0966062187009,1231.5176799615122,942.5568146931832,512.6351080735384,True,11.798463644266254,True
2,594,branch_opposite,967.4401580004869,619.7335834502904,1157.570044496951,1148.9169568633517,565.0943458146121,True,5.958708756827711,True
2,595,branch_opposite,494.86862214514207,311.72451824281006,1385.4699397133359,584.865051492687,572.7237634276327,True,1.547966572545199,True
2,596,branch_opposite,1187.369304007749,723.0472061403389,1421.2878346342416,1390.1953554832485,737.2649774859736,True,31.217958149981182,True
2,597,branch_opposite,1018.461912176138,635.4534119438636,1437.302389617315,1200.4439617510568,604.036326382644,True,19.689069059263392,True
2,598,branch_opposite,878.1270060656074,542.4233679695488,1101.0348783004872,1032.1483172980402,533.7379588641011,True,11.937215100023483,True
2,599,branch_opposite,1197.8189639717382,765.4877991336713,1476.725599165619,1421.5279951773164,739.5010747605597,True,28.4711032042304,True
2,600,branch_opposite,722.4465063632294,440.58592905190255,1416.2913832671566,846.1943721361918,511.1454956507039,True,6.425805112392714,True
2,601,branch_opposite,1090.6770054461085,689.5656579827437,1481.9574296195763,1290.3786757684989,652.4188805516746,True,14.984025640670549,True
2,602,branch_opposite,445.4381891133495,280.72311395656607,1266.3295584452728,526.5174707738113,603.503390428008,True,5.383539776421767,True
2,603,branch_opposite,1254.8694385133367,805.9030587837818,1493.940846528299,1491.3675093255292,790.8707889544683,True,29.878139226411726,True
2,604,branch_opposite,967.1148962798894,611.8931183316045,1453.4959732988755,1144.4319162222084,568.5148812359217,True,12.758409805577584,True
2,605,branch_opposite,731.7692424205469,446.0402810520688,1165.9577236385844,856.9936735319285,511.173685735298,True,10.463742637178933,True
2,606,branch_opposite,1131.7921306371989,734.4788666221208,1398.2898282446479,1349.2266794304082,680.5331344370724,True,30.81097135778061,True
2,607,branch_opposite,1242.2476147384423,797.4312796841525,1477.6446999991676,1476.169293184916,779.2049491934904,True,44.36684808210217,True
2,608,branch_opposite,901.5334730897962,573.7207952386029,1207.8984887156619,1068.6057055764607,533.1425901360965,True,8.370486944618529,True
2,609,branch_opposite,731.2416887750826,464.7902250264415,1224.430804425515,866.455054046524,494.92987126167293,True,8.175047486606228,True
2,610,branch_opposite,411.5775453974984,266.6742571542515,1269.3985895520132,490.4194483339764,619.6959459056447,True,5.39811979214802,True
2,611,branch_opposite,1152.6825516799518,728.5629939401063,1377.8872901541038,1363.6279188570377,702.2135473680459,True,7.962059420765617,True
2,612,branch_opposite,977.6958757549846,628.6499968803403,1334.2193289572783,1162.3639894826226,570.1354876678279,True,1.3265324094191722,True
2,613,branch_opposite,1070.3100242108899,651.7166199122623,1278.9368202868,1253.1153580561447,645.6247417727219,True,29.007285479863356,True
2,614,branch_opposite,688.4509158125005,416.15523301304927,1345.1086321025352,804.4562396098472,517.0765918773108,True,9.537731817232451,True
2,615,branch_opposite,1014.4347836037028,658.1964402252265,1235.6517961505247,1209.256169763153,591.3220433544132,True,16.27732354732064,True
2,616,branch_opposite,144.55363686446094,92.8805592910356,1371.163234095453,171.82127989558808,854.4515647521658,True,9.162378804817035,True
2,617,branch_opposite,781.9004980957739,498.6313789890738,1469.864841788652,927.3627343359042,496.98446929515524,True,3.7194561032890556,True
2,618,branch_opposite,465.48672529076885,290.2463791495111,1035.1278531718604,548.5625324712994,593.5686989640284,True,9.5047301263058,True
2,619,branch_opposite,1051.6834508378645,663.1877946315504,1470.4703393175275,1243.3246284516763,624.1324856968965,True,2.4650015146364863,True
2,620,branch_opposite,848.6738959045122,536.9341797752261,1333.8149218155186,1004.2637576855184,515.1247947218837,True,6.96595417150627,True
2,621,branch_opposite,1117.2003249954178,709.2908072375791,1373.9877582146578,1323.3404759930845,672.3980083109824,True,3.865788672048947,True
2,622,branch_opposite,871.1636443479342,554.3959926477962,1066.6038167933068,1032.6088377975027,520.7490404173647,True,7.536097061896434,True
2,623,branch_opposite,1177.390919028262,721.7786330566402,1474.6770800133904,1381.0191060761351,727.8113274847668,True,45.91009064421305,True
2,624,branch_opposite,798.6282154029101,507.34977716513146,1290.0823763319622,946.1558131867845,501.1386595237554,True,3.5240202395645235,True
2,625,branch_opposite,817.6046541913631,524.554230874518,1357.2793869616528,971.4085194621961,501.394675834476,True,5.025889244056245,True
2,626,branch_opposite,242.62898667778563,154.2420013551287,1020.4155238923421,287.50551326596263,763.5393954104873,True,16.081313871769527,True
2,627,branch_opposite,1061.563851636049,650.7236402721151,1277.0308383887366,1245.1341562696593,637.8332038840032,True,4.34958885349089,True
2,628,branch_opposite,923.6122927170877,583.2270528936044,1424.6131295241732,1092.343106576443,545.961472018674,True,10.833656131989512,True
2,629,branch_opposite,407.6872496848756,249.37636037423894,1350.4990097388184,477.9094712067552,637.2797874240416,True,18.980787730791995,True
2,630,branch_opposite,1061.1507432060116,679.1208439609923,1299.9964802348934,1259.859524117257,627.6218635109997,True,20.296392077446253,True
2,631,branch_opposite,661.8869720666631,422.6805348940211,1332.3719799997264,785.33636002026,500.2928443195111,True,13.135101091067597,True
2,632,branch_opposite,1090.1812627209665,698.1510646542004,1483.4403733072809,1294.569463051587,649.4393597427936,True,10.481694385656695,True
2,633,branch_opposite,1036.6803024857918,656.7908490932888,1228.932868749725,1227.2246204402502,612.4632027141495,True,10.349940357423112,True
2,634,branch_opposite,1159.8006105992583,713.0361581839844,1479.1521656857617,1361.454376475462,712.7173644201953,True,28.01784130270502,True
2,635,branch_opposite,1106.6875086576815,697.4808645127307,1399.954366035371,1308.142499187444,665.4608232207222,True,13.951110196646637,True
2,636,branch_opposite,1128.840974560345,709.0147053968876,1449.1028873167893,1333.035557783582,683.7169460550576,True,12.570347323150525,True
2,637,branch_opposite,581.0792830700751,364.6274910114726,1167.515268498185,686.007536703901,531.3876439882026,True,14.318577047521387,True
2,638,branch_opposite,1200.2238296629027,749.1536680387607,1495.571371872423,1414.8386691162402,744.6548178193325,True,18.295484266386154,True
2,639,branch_opposite,322.5076141499745,194.96692503708866,1323.61151966531,376.85973921755897,704.0087745607359,True,6.306218670480161,True
2,640,branch_opposite,957.1750225266439,583.9768790938556,1250.8566757562442,1121.2551088245177,573.8847870399501,True,19.9314059982417,True
2,641,branch_opposite,60.43280114415616,38.53873771001027,1416.7357972214797,71.67536367825481,938.3331414957045,True,23.24377263009825,True
2,642,branch_opposite,1145.5510147989191,735.5678653780207,1418.7701379071857,1361.3769544412053,693.7297256559782,True,21.86176508226382,True
2,643,branch_opposite,474.13796330119925,289.7900675415955,1023.5760462033217,555.6843451899394,594.053654376931,True,9.681149006466558,True
2,644,branch_opposite,1277.3817170788302,773.334501958765,1495.684145008409,1493.2348452427273,817.0398963168308,True,26.057054474053942,True
2,645,branch_opposite,1227.4327223103603,782.9861678618721,1475.3875663675935,1455.9046764336056,766.2497190602274,True,24.948444048592357,True
2,646,branch_opposite,467.7846685411845,291.80920383008396,1490.7240437913895,551.339376030892,592.0011915546211,True,11.40120768338553,True
2,647,branch_opposite,1066.2107982219231,683.0556668540171,1482.3908651214467,1266.242674318954,631.1448114669645,True,22.17907902881507,True
2,648,branch_opposite,1141.5510714040593,716.0826415999625,1362.8961439106206,1347.5582355596125,694.2709226836527,True,16.564169274843557,True
2,649,branch_opposite,268.1496107226257,173.40895657402214,1283.1377984053508,319.3350590692898,737.9353315552565,True,14.500606308625844,True
2,650,branch_opposite,1240.357280074391,799.2382700150667,1485.080059028649,1475.5568421752575,777.1275698152797,True,43.81157825402845,True
2,651,branch_opposite,527.1000905555373,318.4365960911523,1468.0848289338323,615.8217040619593,568.4704600609773,True,9.137995761168213,True
2,652,branch_opposite,808.1980463399034,521.6433052468092,1272.8756917937533,961.9229802933561,496.99599171998307,True,15.02828463868907,True
2,653,branch_opposite,758.6655842357469,488.77250050486003,1080.2730312370932,902.4810391102633,490.54194005238014,True,9.871304276887312,True
2,654,branch_opposite,771.0941663578072,468.3901460346886,1404.5717426081976,902.2059312005429,514.3285702125675,True,9.896158052174062,True
2,655,branch_opposite,1188.094878915747,732.5825634922405,1483.7795815326838,1395.7960644874615,735.9547301617708,True,9.782482278110042,True
2,656,branch_opposite,969.1465628700998,608.1837569248567,1257.4763398205082,1144.173300907761,572.0778224741551,True,21.202350285756946,True
2,657,branch_opposite,825.1646726440508,514.2902846687693,1214.6876129568736,972.312312934711,514.0255539875193,True,3.2702995270364337,True
2,658,branch_opposite,1036.9336456403653,635.6414923253249,1341.0819548749673,1216.253054354473,620.845705231385,True,27.98806262697956,True
2,659,branch_opposite,382.30191777973687,236.87765008369493,1251.911954023193,449.73967742154804,652.5638948874301,True,11.453296881295138,True
2,660,branch_opposite,963.6247828259217,609.2959913258483,1469.1622445554203,1140.0939992483309,566.7058215799451,True,11.653038009116514,True
2,661,branch_opposite,1246.8713042469717,788.4012966541229,1497.8900903814706,1475.2168159021394,784.8467798507997,True,50.447054614279,True
2,662,branch_opposite,523.4085113027787,315.71892348247735,1314.6974684435131,611.256826832327,570.8022349656582,True,9.55764681193101,True
2,663,branch_opposite,167.6232901084414,102.86045029818598,1405.1282728682343,196.66682389850178,836.6696152817756,True,11.102649943246801,True
2,664,branch_opposite,705.0108552614561,433.9802719923507,1451.0998245870453,827.8763087050169,508.52203008609973,True,10.923670892473744,True
2,665,branch_opposite,1157.385671379834,741.4506440496193,1490.4364769698236,1374.5146961298537,704.0825748094935,True,15.179970547086695,True
2,666,branch_opposite,1259.3362750711262,797.1180890510218,1492.0110770626077,1490.41105122123,796.2245769828447,True,21.6930694752074,True
2,667,branch_opposite,982.3532272087227,608.8795713031583,1162.456073370023,1155.7474617569835,583.3570100244635,True,10.806519533701147,True
2,668,branch_opposite,1117.923269038718,704.875407178701,1423.1975558395036,1321.5906231142658,674.2545085544857,True,17.53064462888511,True
2,669,branch_opposite,959.4282959604495,607.5784016119351,1320.1877407571621,1135.6294154322024,563.8776379401756,True,6.688291818683893,True
2,670,branch_opposite,861.4860538316398,524.7981984228646,1497.1008330027976,1008.7474262739386,532.769018647034,True,8.582655647016923,True
2,671,branch_opposite,516.5981836432074,314.2124123163676,1336.1190216573934,604.6512411275876,571.6805978994723,True,9.31262925225683,True
2,672,branch_opposite,979.2140291312329,626.6194618058255,1163.8972239679736,1162.5455108344127,572.4029955220628,True,6.454611031994853,True
2,673,branch_opposite,907.661303842624,557.8981536146124,1093.439926700296,1065.410433729596,547.4092954475476,True,17.59833687745285,True
2,674,branch_opposite,863.262427138606,523.2363920019791,1442.3225158310197,1009.4544764497732,535.133948704381,True,14.05218516026893,True
2,675,branch_opposite,1204.190077810905,781.0695451555591,1465.3472663812133,1435.3199566186438,743.4778862711952,True,28.177139236108225,True
2,676,branch_opposite,628.1806272166347,394.97991522387645,1383.829100061456,742.0377576919824,514.4537532098805,True,6.848234701216344,True
2,677,branch_opposite,613.9518565250497,370.3674379989588,1262.2939892093534,717.0138919577973,533.8265672091554,True,4.730349786862537,True
2,678,branch_opposite,1250.392593026878,765.3707995449276,1477.9493418608636,1466.040278264046,791.4595758659234,True,14.16401173468572,True
2,679,branch_opposite,306.64429676090725,198.39351588880052,1293.0968338932275,365.2269320336482,704.1179205879233,True,12.369964317847364,True
2,680,branch_opposite,950.9741592066365,572.1537638250492,1428.3693197446562,1109.82511277135,574.929025204651,True,7.133612821825304,True
2,681,branch_opposite,586.759817278536,363.8635275739871,1370.626977025955,690.422877569484,533.3717402007741,True,8.333844762075426,True
2,682,branch_opposite,1145.5015853042912,734.0291440973235,1417.5141586439431,1360.5045631378432,694.0118968153827,True,7.130889103486926,True
2,683,branch_opposite,605.0026670726648,378.159630633844,1179.8530538786922,713.4654395317009,523.9225573865065,True,10.71020069576014,True
2,684,branch_opposite,945.8445773403892,579.1132508568107,1169.5028367863508,1109.0510005415274,566.8542071101242,True,26.747425942824606,True
2,685,branch_opposite,997.8471084100515,613.0037015843552,1381.8149599778042,1171.0987959683087,595.1791490287213,True,7.806490383340055,True
2,686,branch_opposite,1084.3830807407658,695.3899204169265,1308.9290444780854,1288.1978913250455,644.6868654054546,True,14.851673101110796,True
2,687,branch_opposite,1027.4165593898488,635.8046582531381,1480.1476963749155,1208.2352212896562,612.067708186439,True,6.594135433116576,True
2,688,branch_opposite,1142.8195715235752,724.0580696846142,1373.3276291549291,1352.8845705871354,693.6217421613009,True,40.981000649656686,True
2,689,branch_opposite,760.0173624318314,490.0809152736134,1188.2254232511214,904.3260997633876,490.29321483941726,True,6.540730894157901,True
2,690,branch_opposite,686.7496179260714,432.98708209143507,1131.5686553723988,811.8514956441604,501.1594291658622,True,0.8269613797076603,True
2,691,branch_opposite,1151.1527910033017,697.5460080431387,1475.097087200911,1346.0026677431251,708.2397885687983,True,22.25894152663685,True
2,692,branch_opposite,388.86724547136066,238.31287621295976,1187.8321006268932,456.081968037958,650.3111336658189,True,7.535831112808316,True
2,693,branch_opposite,1235.4339919298263,757.2150440953773,1450.6877885902973,1449.024420574074,777.9581212023069,True,26.598193297684542,True
2,694,branch_opposite,681.8254666076015,411.1936881063021,1217.845927473601,796.2199545685453,518.8006133679496,True,12.632093575233162,True
2,695,branch_opposite,621.2544601076993,373.8571356797592,1413.1900472437503,725.0698325695139,532.5285959969525,True,11.916827153479684,True
2,696,branch_opposite,1077.8646645245167,669.1005341628128,1452.8453897270629,1268.6558870897618,646.7023990361669,True,15.532798622266263,True
2,697,branch_opposite,556.3571460389126,347.86208661485415,1390.5967685405294,656.1564640027592,543.2080077805998,True,10.210738227501782,True
2,698,branch_opposite,1207.4714213921204,727.6755499447381,1492.4655428625363,1409.7868418545,755.9265457530993,True,31.21747293276853,True
2,699,branch_opposite,538.0315185129983,327.2505110731292,1332.8272279832095,629.7386854172349,560.9679240200695,True,6.422188219173656,True
2,700,branch_opposite,1143.7106511522468,729.4433157592666,1370.1490438672704,1356.5255635132607,693.2699450231261,True,10.283588622474078,True
2,701,branch_opposite,708.2406723647946,439.17448248440445,1119.2507800890774,833.3541120419222,505.4612200089586,True,12.173695757411217,True
2,702,branch_opposite,884.2412435199622,546.1677909526823,1462.6463582059896,1039.3179651174428,536.0859431949558,True,18.535517563706133,True
2,703,branch_opposite,724.0169811772048,448.2486188873346,1114.8551542594012,851.5441347149048,505.30981331414,True,10.784013148788247,True
2,704,branch_opposite,518.4658310741414,330.7274920686147,1402.4582718495708,614.9695049361356,555.3945771985605,True,8.11310591976405,True
2,705,branch_opposite,955.6868610213758,583.5846793544333,1146.5098091931777,1119.7805384565795,572.8218772627804,True,6.953363469029046,True
2,706,branch_opposite,1037.5329073696605,662.436686594097,1355.655030906453,1230.9739630149397,611.187638339653,True,17.908368137261846,True
2,707,branch_opposite,1271.007452550471,782.6619082074986,1494.461739436734,1492.6552204035067,809.5063421044719,True,12.348359030430975,True
2,708,branch_opposite,889.391292426319,572.5964681502794,1224.0138222371029,1057.7729370625493,523.9801152333387,True,17.527417962253285,True
2,709,branch_opposite,1058.001835445204,659.2156025561865,1447.198607596871,1246.568527782944,631.4488095622077,True,29.46448693902533,True
2,710,branch_opposite,1146.1837521518337,691.9930629322193,1474.4065184817782,1338.8769894367333,704.937581036652,True,10.437813757664129,True
2,711,branch_opposite,631.4294294647207,379.8843319323927,1066.0634535315708,736.8956710701067,529.8124703017503,True,13.663583979833021,True
2,712,branch_opposite,912.088996850075,556.3399397181391,1377.2805420396837,1068.3728125989348,551.8961786519143,True,8.832656275967203,True
2,713,branch_opposite,892.8336193647948,537.3560293515343,1084.256258336067,1042.0668760441847,548.3117072413525,True,11.48905011904899,True
2,714,branch_opposite,52.20039509035925,32.23321348848411,1249.2601743024793,61.35031621258195,947.5992549591244,True,25.82479296818859,True
2,715,branch_opposite,491.30005342769766,306.25885937649747,1105.960233421136,578.9388840323751,578.02759478976,True,8.979460764238002,True
2,716,branch_opposite,1235.1838091143113,790.6153458178351,1492.1535446732405,1466.5441238983553,772.977205627956,True,12.03673430234424,True
2,717,branch_opposite,1185.211045103078,740.1253198473098,1445.747715541357,1397.3226937659795,731.6140135313577,True,12.776051904116034,True
2,718,branch_opposite,589.2681246025478,359.40343940877887,1435.6847810652284,690.2229747925402,538.2807477937215,True,10.720175342300706,True
2,719,branch_opposite,1015.6619180953767,634.9768641907665,1268.3190453532054,1197.816659563023,601.6819856549464,True,6.5089406444409414,True
2,720,branch_opposite,848.8503522029606,538.1588640045875,1457.1390478060375,1005.0680988578825,514.4315860182182,True,8.344175808633386,True
2,721,branch_opposite,840.3824434613371,528.8352240888744,1477.7138456903801,992.9296780312176,514.5787797420571,True,9.13245180009053,True
2,722,branch_opposite,1099.6576794333007,668.7790064851303,1417.3692857483488,1287.0556986594906,667.4019972465588,True,26.2697627910014,True
2,723,branch_opposite,829.6518117613543,499.23480417366375,1314.9163189542971,968.2755384998704,528.0173874080448,True,5.3906456371792695,True
2,724,branch_opposite,1050.67694250398,636.4204609432607,1457.1509027861825,1228.394497145255,633.162336444979,True,9.95143948959057,True
2,725,branch_opposite,1089.650945424975,654.9769840507895,1392.709177617885,1271.3512624376513,662.5760597233292,True,22.50023166252711,True
2,726,branch_opposite,677.7107089554374,408.91681462866836,1249.3385022389643,791.5205406803657,519.1988206216273,True,5.076668562715401,True
2,727,branch_opposite,810.6550013432982,523.2489566984134,1044.6247398512392,964.8580216222907,497.5168994698248,True,5.983792292951103,True
2,728,branch_opposite,649.2312059366582,413.71022365097895,1313.181937425461,769.8423916070811,503.8799744952128,True,10.669029839653955,True
2,729,branch_opposite,1193.3140163375792,738.0510728397852,1455.052811314027,1403.1100198158667,739.9666821482278,True,32.02270767851767,True
2,730,branch_opposite,1079.950688562773,673.0445463495611,1481.7566342137204,1272.5102950853066,647.3756971979636,True,7.434520660404432,True
2,731,branch_opposite,1140.8893332514285,736.5920856010305,1369.315645960957,1358.0119186873749,688.9568562550761,True,8.460867110306792,True
2,732,branch_opposite,384.21896145485266,242.21595993320383,1065.6838659042903,454.1946516503788,647.02146332289,True,9.290640210906915,True
2,733,branch_opposite,525.1460322993539,333.2838453897282,1107.9612883788363,621.9778748778114,553.500548284287,True,11.974155454609354,True
2,734,branch_opposite,444.26354753615556,280.67417013182,1374.9113360898484,525.4979442857943,603.5970508499149,True,10.939777230024422,True
2,735,branch_opposite,1070.829268662894,682.5959024525747,1424.5572988256422,1269.8868015182115,635.670497598758,True,19.62169586829075,True
2,736,branch_opposite,527.8879879483375,327.1670221377187,1008.3561013693146,621.0507130618292,559.8722803445401,True,5.855581559999983,True
2,737,branch_opposite,529.8639839789427,339.57443084521645,1121.925063556199,629.3382521362339,547.7582527216209,True,12.87319463543389,True
2,738,branch_opposite,1018.7617703331377,659.9195366417149,1233.2930792766097,1213.8242622116782,594.6731142807513,True,10.009521559235335,True
2,739,branch_opposite,912.5699302113023,560.1054220988646,1404.2033808620736,1070.7483184158677,550.0590304596575,True,20.881303738346666,True
2,740,branch_opposite,790.7993568400627,492.91479127427203,1015.0277176836306,931.8415177677028,507.0490285527733,True,4.837108334892259,True
2,741,branch_opposite,1085.0487488386927,688.2325645179731,1404.833563367138,1284.9104444354862,647.4494799964884,True,10.078979550940222,True
2,742,branch_opposite,997.4874514785811,616.19719089828,1250.3108307834118,1172.4675662585153,593.4118914762214,True,13.987900853290071,True
2,743,branch_opposite,345.5829864182219,215.9776301825642,1107.835107125189,407.5217015583506,678.9320013881576,True,7.961442874892352,True
2,744,branch_opposite,479.4840396130357,292.90202327169897,1249.5088729001923,561.8687920505018,591.0229789779374,True,5.32760592862652,True
2,745,branch_opposite,1096.6826284405179,699.1551602370387,1325.713725989443,1300.5886073656352,655.3884240583881,True,17.281487372766104,True
2,746,branch_opposite,1227.5294973104235,789.9464727559621,1495.4147126163314,1459.7411060139284,765.4610183653339,True,6.29537286646474,True
2,747,branch_opposite,883.311888031701,544.6461806067817,1155.5285566495093,1037.727976681598,536.3253477721092,True,15.19003743104065,True
2,748,branch_opposite,523.9330036411354,325.44634460521456,1141.9146552273833,616.7828755091357,561.1739875874616,True,10.489267268971576,True
2,749,branch_opposite,1219.1936880937515,740.9661143194417,1458.6962483833986,1426.6968955097982,764.8064742355838,True,11.783759243547737,True
2,750,branch_opposite,1046.7180886736712,635.798403149006,1460.8615800409946,1224.6870484346152,629.7647930708454,True,4.681005365965606,True
2,751,branch_opposite,756.9398053671064,470.72007448125055,1005.6113075422264,891.3670722372613,504.20161131791394,True,9.623375154388214,True
2,752,branch_opposite,479.2711579039252,298.7073754172461,1265.379184404755,564.7361675395235,585.2145686936018,True,5.2613313851363985,True
2,753,branch_opposite,1210.8362900700859,761.4347012256549,1465.8209243626764,1430.3521683771767,753.00164373659,True,7.43078832604174,True
2,754,branch_opposite,526.9972482094253,324.64315179852315,1318.348494097618,618.9662960371796,562.2872576701683,True,9.565570823162611,True
2,755,branch_opposite,1138.332246479588,723.7769151709491,1365.5418119672802,1348.9452643860836,689.3210487662241,True,39.688502177069374,True
2,756,branch_opposite,1233.3261437847466,743.994020268099,1494.5587449842876,1440.3542894502177,778.1449711421936,True,16.785551847472096,True
2,757,branch_opposite,1189.4416426106463,743.7754159718841,1466.983334750121,1402.8447136374225,735.0585888733534,True,4.0528181895143085,True
2,758,branch_opposite,500.61988510815786,310.8940786628721,1046.0877928891769,589.3007699921503,573.8530110060176,True,7.876002342272643,True
2,759,branch_opposite,574.5916550513557,366.045566534938,1464.1723589921735,681.2818262911024,528.6541467845585,True,6.965825831548589,True
2,760,branch_opposite,921.2668818825448,560.7179015005967,1420.0258011975288,1078.4884017535003,556.7584051499724,True,15.08798391733973,True
2,761,branch_opposite,809.094755286163,510.0612546209419,1395.1812210404364,956.4501066428219,506.10239439684295,True,3.0758302966270925,True
2,762,branch_opposite,1195.8748925572074,761.58223226717,1467.945213280729,1417.7885086125357,738.21871015824,True,9.169579004493944,True
2,763,branch_opposite,637.103318960445,404.41935459409865,1263.218491126471,754.622855074455,508.39360380334546,True,14.245456090711146,True
2,764,branch_opposite,1182.6201825105009,742.8232308396233,1444.3062427375608,1396.5589312149298,728.5468857097936,True,35.289263757486324,True
2,765,branch_opposite,1090.9403841156432,668.995361893492,1332.290451224135,1279.7287665475803,659.0849920440023,True,11.806512366185757,True
2,766,branch_opposite,1050.657489387663,643.7450135027009,1497.6792817915152,1232.1886229047807,630.3185518820098,True,16.21934648178777,True
2,767,branch_opposite,509.59761281674815,318.6739922107586,1009.6803915851184,601.0348078939114,566.6766356299281,True,7.515436537049421,True
2,768,branch_opposite,894.802294677316,560.2143255015252,1489.2327416416824,1055.7041427677166,535.7300822163729,True,4.621683372871661,True
2,769,branch_opposite,1088.2909892408582,665.8298380211278,1440.0254425039302,1275.816072348239,657.6233121987665,True,19.863159926389162,True
2,770,branch_opposite,519.1708247586703,314.4426992962765,1290.124903439066,606.9699798353511,571.6763796643877,True,13.303937153988278,True
2,771,branch_opposite,675.2413827848359,413.6893435164438,1044.0013283889011,791.8900163307045,513.8355289668473,True,6.092705732688465,True
2,772,branch_opposite,1048.2563944261824,643.8093595617263,1459.908473553822,1230.1755809292674,628.0744993417535,True,15.585535021444942,True
2,773,branch_opposite,1228.8258432408081,754.7609118412031,1445.2431133455593,1442.1085212493017,771.8453286073787,True,18.61875189626502,True
2,774,branch_opposite,980.1542268900248,625.8149723460981,1250.6733750498133,1162.9044191604612,573.6044898517348,True,24.29618901290838,True
2,775,branch_opposite,922.29601748798,568.4589537329789,1186.3710913007699,1083.4092144491763,553.1473742905408,True,7.248035223875127,True
2,776,branch_opposite,1169.4691082446493,742.219435760219,1474.7099666206775,1385.1164882271646,715.7681318834015,True,32.246109887894136,True
2,777,branch_opposite,273.10344819477143,166.61191912394742,1346.9879330154654,319.91409004612314,743.1675615182827,True,8.292762409136992,True
2,778,branch_opposite,858.460513400456,527.1688124081311,1362.013092202829,1007.4033004926944,528.9361871027407,True,17.127606424829757,True
2,779,branch_opposite,1121.5719229890683,695.639878833932,1413.1949697657165,1319.787262956225,680.2695697925346,True,10.617409351223445,True
2,780,branch_opposite,916.9968862095084,587.5959615992244,1408.5252646838544,1089.106194732934,538.0336134625362,True,11.813854120452683,True
2,781,branch_opposite,575.3190928496211,346.5750395607507,1406.6264721291634,671.6444867962864,547.8799578659438,True,10.299161753468633,True
2,782,branch_opposite,659.7705268515244,410.3518738483649,1106.8401533266217,776.9722057273365,510.87990313647236,True,12.923692560455004,True
2,783,branch_opposite,421.3111110009272,266.9287372846165,1115.7326573339092,498.75244665183897,618.6343052353495,True,8.77742329617874,True
2,784,branch_opposite,1236.247775511218,775.2075899825112,1493.3356455193205,1459.1968236063728,776.0392962229209,True,38.310655775248875,True
2,785,branch_opposite,462.785196383585,286.934757264128,1230.740048621344,544.5196901104839,596.8970832213166,True,6.621947855861631,True
2,786,branch_opposite,753.1358166199669,471.7350236101356,1201.548618061423,888.6773828427724,501.1953802882778,True,12.90300973679259,True
2,787,branch_opposite,790.2800950722549,508.360245291432,1068.0072461405184,939.6663065472642,494.90103409685247,True,3.962133433417088,True
2,788,branch_opposite,685.6533567402766,437.00778892105933,1176.6090559751983,813.0783069218378,497.064313640431,True,13.580117565416232,True
2,789,branch_opposite,1111.6749998715748,714.5991377419555,1461.346865653629,1321.5419906310249,665.6945081829934,True,9.16348400671748,True
2,790,branch_opposite,683.7194683602929,438.69545038182633,1224.7889506974675,812.3583012443432,494.70090344594183,True,2.0851465674561034,True
2,791,branch_opposite,697.4959015748916,430.8741428030628,1228.821196057529,819.8494127887419,507.8293627847114,True,2.905154801976344,True
2,792,branch_opposite,527.1296828008449,341.8029446380176,1281.2304920505112,628.2475272159367,545.2400532670192,True,10.502327719063388,True
2,793,branch_opposite,1178.5772099058975,732.0776812015247,1405.3346431972727,1387.4371953436203,726.7480412029927,True,22.362121163759436,True
2,794,branch_opposite,999.5947170199705,609.5266097384969,1322.3395636403052,1170.774225149128,598.3218822585335,True,15.392163030821159,True
2,795,branch_opposite,1260.4374256096048,767.308400122047,1481.798687112554,1475.6234901814296,801.1086379319958,True,25.392506554689472,True
2,796,branch_opposite,586.3729259912599,376.5297492709051,1359.684605760489,696.8556955507806,520.9438142199575,True,12.036073659253146,True
2,797,branch_opposite,1104.9857810910612,700.9145899349053,1433.3769106080888,1308.5392003287632,662.8717174512926,True,24.698075076953707,True
2,798,branch_opposite,1136.4289547944472,693.6930003872546,1484.5279470152373,1331.420575205848,695.0890411280683,True,20.65676076806162,True
2,799,branch_opposite,714.1702535879532,459.58672918564343,1077.3107667380305,849.2697526424919,490.5524611312708,True,10.231302172952077,True
2,800,branch_opposite,899.8032836892538,568.0381705561256,1130.8062369216202,1064.1021156574748,535.0699274903072,True,13.602404179412321,True
2,801,branch_opposite,665.9826218773699,400.64355398282197,1068.028821711203,777.2053203566238,522.2150959679653,True,9.627427678513499,True
2,802,branch_opposite,1263.5439892986292,778.6000054160137,1488.8805321726,1484.1702669594588,802.6242507531545,True,17.21518584206617,True
2,803,branch_opposite,628.0053988981967,398.4345808099748,1018.3404051163901,743.7344258742522,511.11735185333424,True,6.273845485820861,True
2,804,branch_opposite,786.0051302684071,479.05217024956255,1266.0361853404797,920.4863098542376,514.8348465168988,True,13.86710673430845,True
2,805,branch_opposite,1238.7866897492997,786.8673369118512,1499.8733935020887,1467.566921335711,777.0126375046775,True,39.66931875915432,True
2,806,branch_opposite,631.5039191962838,382.4797360830588,1471.0595804405762,738.3007168318563,527.3675970919865,True,3.766660525861427,True
2,807,branch_opposite,632.1919148116431,384.02841343250407,1291.11870896766,739.6921247902387,526.1101103510534,True,11.358980179538092,True
2,808,branch_opposite,140.9053024892428,89.70651888536062,1349.70947469839,167.0376119325063,858.7727870561685,True,9.214202569432185,True
2,809,branch_opposite,1136.6260429767165,697.0626168843578,1410.5323852060717,1333.347311629861,694.3647908297546,True,10.433810951324597,True
2,810,branch_opposite,392.234508043897,249.80787733206105,1329.3584318647825,465.0289075719788,638.4952429664594,True,3.091339956029632,True
2,811,branch_opposite,578.770113554139,363.6703065395444,1404.2151689297439,683.542929304398,531.8364703354883,True,6.638843134895035,True
2,812,branch_opposite,1100.4388961733616,705.3871945627578,1431.2265043548182,1307.1101171914952,657.2743275883937,True,15.741091756087972,True
2,813,branch_opposite,683.1366449744792,418.00622333433824,1465.6299661413232,800.877567705092,513.1509551677128,True,9.950381424108045,True
2,814,branch_opposite,1006.9032039114486,629.8519550535359,1297.2967568678084,1187.673165198196,595.8845115169116,True,15.984119135017774,True
2,815,branch_opposite,989.9038826248461,633.8998584104468,1297.647177510171,1175.4738309841396,578.7922570705143,True,13.182478487432276,True
2,816,branch_opposite,1108.450317598105,702.6739898061903,1421.1374704057496,1312.4072700703427,665.7215872743018,True,20.484806658128917,True
2,817,branch_opposite,845.3727401306153,528.1470340565435,1196.0611864173059,996.7920341468769,518.6746765264356,True,10.299766399898187,True
2,818,branch_opposite,1147.378251056713,711.6271991523197,1455.9698084639433,1350.144481739394,701.0079409726575,True,22.59466764330847,True
2,819,branch_opposite,1199.7708677379028,737.6009977947334,1416.259396089229,1408.3697550786678,746.3861449130035,True,26.832714790420805,True
2,820,branch_opposite,1023.2948139782155,637.8099201313468,1312.1355122369573,1205.7917608495532,607.4869838387889,True,9.586629190454802,True
2,821,branch_opposite,1136.7907899459544,695.5832957717982,1386.4428955444168,1332.7150563652772,694.922698825811,True,15.118545423881836,True
2,822,branch_opposite,760.9387870434732,488.5063625903633,1155.4430178670266,904.2490276016114,492.1067866752098,True,4.718240439261769,True
2,823,branch_opposite,1250.6762093799425,775.5166554661712,1474.8950532739925,1471.6035687692586,790.2859124477292,True,13.354664388394784,True
2,824,branch_opposite,816.7763957075637,512.1306336292218,1313.1360774727475,964.0547009825256,509.80268544295143,True,13.9645867446193,True
2,825,branch_opposite,947.6610356306024,603.7972451335274,1181.2615822381363,1123.6692358889707,555.5452617523043,True,24.17357672482815,True
2,826,branch_opposite,347.55959990659676,217.45363018908395,1487.7471111782252,409.9801907039467,677.1262623999945,True,6.584809680517321,True
2,827,branch_opposite,507.1381873472477,321.5765206304785,1293.2271426010118,600.5002911628409,563.6052344559463,True,4.093180499040342,True
2,828,branch_opposite,709.5748833341198,427.996128327083,1387.9531221730967,828.6598825342052,515.945590521271,True,13.734793299609928,True
2,829,branch_opposite,1136.2480550861737,683.6065669035213,1392.8661599443785,1326.038302991558,697.7419749641923,True,10.92110855599233,True
2,830,branch_opposite,760.7875108649691,464.1715143411153,1202.222034465613,891.2086351768814,511.77333677029,True,6.0320966341252396,True
2,831,branch_opposite,1103.6579813648968,697.7937867453086,1470.2033798734144,1305.7477201399956,662.4650857655255,True,9.810811403431583,True
2,832,branch_opposite,903.9389023426666,556.7761461555772,1398.6212992913024,1061.652116324515,545.0954595887985,True,11.872528499082774,True
2,833,branch_opposite,1207.5301433890108,725.8457497488718,1435.4851147102365,1408.8935728512595,756.3640327060295,True,6.819562281828333,True
2,834,branch_opposite,295.9970571339891,187.49223151109686,1042.2859096498823,350.382069616858,717.2104203226453,True,11.11509630377886,True
2,835,branch_opposite,1266.8618553185959,786.9791925788115,1495.342090926759,1491.4004190737219,804.8625941072128,True,9.45958301955306,True
2,836,branch_opposite,374.89427049319244,231.038982584635,1084.2067081605308,440.3688516713758,659.3560497964912,True,13.818433124488896,True
2,837,branch_opposite,1061.6657826676178,662.2751660841507,1306.242574415439,1251.296379639546,633.7986001461079,True,14.307212697666714,True
2,838,branch_opposite,613.7042387063846,395.69954763871374,1381.1080846935376,730.2129994786902,509.4379622059364,True,13.010415036453297,True
2,839,branch_opposite,708.3622151330844,458.428284353758,1473.6644368793905,843.761530127903,488.669972288503,True,5.165568462544964,True
2,840,branch_opposite,23.029727529328948,14.784031902233282,1405.2103735618095,27.366694162090223,976.2518506984048,True,13.103173827738779,True
2,841,branch_opposite,854.6709528107721,522.1137345257586,1204.254812947597,1001.5314220527019,529.5834081796083,True,13.995310788811581,True
2,842,branch_opposite,286.70585526068817,184.36950274971716,1168.447683904004,340.8700059919333,722.5157736229709,True,8.556772649195567,True
2,843,branch_opposite,1196.9520049321852,723.5798972770415,1489.3594040542425,1398.6643521069063,746.5054936660764,True,13.67589128354042,True
2,844,branch_opposite,1167.5950793047218,716.2295447155714,1390.7181659437758,1369.7675094482547,719.5367574532801,True,37.621015868383545,True
2,845,branch_opposite,1102.5755034187368,685.5224023500195,1411.424279062195,1298.3118673349725,664.9816572978355,True,17.376208096226144,True
2,846,branch_opposite,1206.0105686536276,751.5961383521635,1463.8069685240519,1421.0412544645321,749.9124127647726,True,41.34963404793526,True
2,847,branch_opposite,289.7228816943348,188.0522935749289,1023.9318462629006,345.4026828153782,718.1969888437137,True,13.246330927341896,True
2,848,branch_opposite,822.4383651252091,499.28139397563166,1490.110513599665,962.12617405415,523.0667436655013,True,9.714141857386705,True
2,849,branch_opposite,1125.6949430955865,711.9529854401253,1448.2043511460404,1331.940748827846,679.9273265275147,True,29.354148505281913,True
2,850,branch_opposite,1198.5771721172728,755.72156314893,1456.4726559228025,1416.9341263901088,741.8732173104623,True,46.993949448737325,True
2,851,branch_opposite,1151.1204979994693,730.8984180028499,1417.6359546643905,1363.5581756396077,700.1764906732866,True,32.51896025001938,True
2,852,branch_opposite,880.6653842435842,550.2325038660833,1205.072886073183,1038.4254076801276,530.7491496103157,True,10.620790825756208,True
2,853,branch_opposite,916.4284764612812,567.0926454573262,1226.9734491586576,1077.6990400853726,549.1238750888248,True,10.888477032784882,True
2,854,branch_opposite,689.1286179847427,440.44479187803245,1031.1166671718165,817.8568742867207,495.5193019832924,True,6.368515197857506,True
2,855,branch_opposite,1023.2895905436234,650.5788209879859,1415.3740490499863,1212.5899506564674,602.424573205584,True,19.60976623616475,True
2,856,branch_opposite,390.9251478377197,240.80257766630717,1129.307314420187,459.1387073888248,647.5922743805933,True,4.529742684227814,True
2,857,branch_opposite,1126.684974814079,695.4177227171051,1358.0335934936097,1324.018444562177,685.2456225900867,True,43.0402260116152,True
2,858,branch_opposite,778.3827025890741,503.2401225923727,1247.4682679688588,926.8927945974428,491.18960830742947,True,2.2461119549216177,True
2,859,branch_opposite,821.9973568301425,529.716195895845,1066.2257203243942,977.8951389745763,500.80575595178954,True,11.3692820040531,True
2,860,branch_opposite,1090.7829533585657,664.6953341567188,1337.8538455950793,1277.351689468232,660.3504934997467,True,9.266383509824134,True
2,861,branch_opposite,733.9118298044075,444.7163923963518,1358.3528607961912,858.1370773908324,513.4149963662004,True,12.815449562019202,True
2,862,branch_opposite,402.51714537722296,251.54767524256383,1051.0231004556588,474.6538583458127,635.6287488501874,True,0.6606318067683452,True
2,863,branch_opposite,409.8042627598891,261.103806627916,1341.9111370131918,485.916383353931,625.4056680064293,True,6.311355801658473,True
2,864,branch_opposite,1045.3816032717903,661.6206903973036,1488.9899504252714,1237.1599065686307,618.8024624171902,True,8.653742549282775,True
2,865,branch_opposite,1221.1811755756676,740.7415810793835,1453.7278830994676,1428.279228134455,766.8009398199135,True,12.64589742546322,True
2,866,branch_opposite,441.34004974427717,275.8311338809589,1088.0837117314165,520.4458222777242,608.5567393422635,True,9.086346725317021,True
2,867,branch_opposite,633.9149305529793,386.35903579485966,1011.6521006836848,742.3755408944467,524.4396880670263,True,7.561311290846493,True
2,868,branch_opposite,752.0005348432853,472.58010092536927,1021.0747153074389,888.1648249031366,499.85454966217316,True,2.3328600403592996,True
2,869,branch_opposite,1034.4788850176215,666.3427304843917,1483.1023304793243,1230.5117626486535,606.9314994896301,True,23.536282814915616,True
2,870,branch_opposite,1182.2591787955505,741.8289578150507,1467.7308738767335,1395.7245317394452,728.3858663102517,True,9.080350211570938,True
2,871,branch_opposite,1225.7015412360358,747.2376259917978,1455.647717845498,1435.5167494272755,770.0638014761054,True,5.415650835085019,True
2,872,branch_opposite,531.3301914080478,335.52947124836703,1403.349469182003,628.4041680144406,551.9441135251417,True,6.395559573079214,True
2,873,branch_opposite,1024.575715412458,633.702597237412,1351.6596883695381,1204.7134009208962,610.3299970816856,True,5.310250251985134,True
2,874,branch_opposite,1228.5656055790132,745.0089368694563,1460.9722023985353,1436.8060979920308,773.2795633053858,True,7.620075600984971,True
2,875,branch_opposite,1151.8407331998183,692.4617248533954,1406.304203330879,1343.9644024471907,710.2563728894984,True,5.3539091937256,True
2,876,branch_opposite,824.9265950505405,520.0209211407622,1089.7230621047331,975.1541650661014,509.75470250473717,True,5.234457711201683,True
2,877,branch_opposite,645.4891067413934,403.2266181502914,1082.576263498441,761.0833676455707,512.3652008443809,True,8.460048118237582,True
2,878,branch_opposite,1240.011833620973,788.3548525494346,1474.5705741781842,1469.3987617587977,778.0443253622685,True,37.15115898434402,True
2,879,branch_opposite,1183.1247267046504,744.3180473098366,1480.1517914537242,1397.781626181673,728.7542966786896,True,19.375441835089436,True
2,880,branch_opposite,531.7216668876426,340.8736187790997,1116.8065025523013,631.6033209359591,546.681383390376,True,14.126846120657179,True
2,881,branch_opposite,597.6889564239584,364.022391881698,1479.4290433848673,699.8173979135079,535.7601608734645,True,3.1048248636034463,True
2,882,branch_opposite,1093.4170090288899,675.048574506713,1377.424018869996,1285.0102464872523,659.4857886923498,True,23.26793031201288,True
2,883,branch_opposite,572.321907938396,354.1057007697642,1195.5044802914372,673.0105598160341,539.909649353635,True,4.644758675167463,True
2,884,branch_opposite,380.0870080731674,242.14536771245088,1028.7256484200918,450.6667425166961,647.6384138826015,True,18.858263610630143,True
2,885,branch_opposite,659.806767842165,398.7997868064487,1302.3989494337247,770.9644874098894,521.6172031403087,True,9.247314393881398,True
2,886,branch_opposite,1140.0296902865452,736.0434812499619,1428.4200424853323,1356.9921521605788,688.2346719989056,True,15.224148883246054,True
2,887,branch_opposite,969.7028869800859,614.4622395797685,1195.6997049416989,1147.9928278900081,569.5695758268636,True,11.239172236417767,True
2,888,branch_opposite,695.4723964144158,424.58584983577066,1072.9990657985702,814.8343377982876,512.5439415986569,True,9.71485464106731,True
2,889,branch_opposite,1106.1246489187438,679.4295337951769,1446.0996504933078,1298.1279714799869,670.203035871267,True,14.737347284922107,True
2,890,branch_opposite,789.3680438211104,484.8712754735054,1219.3574724047546,926.3919593699367,512.3761482047366,True,6.122730721403928,True
2,891,branch_opposite,1146.645696276699,715.4153533777609,1377.0646519332327,1351.5233925605958,699.3760910968289,True,22.398258813952268,True
2,892,branch_opposite,924.3511397336888,590.789212859446,1315.653050789592,1097.021842789857,542.4564744896502,True,6.525672518161861,True
2,893,branch_opposite,1000.4739698828448,628.9566743836226,1223.6624157347455,1181.750677031685,590.4606307740028,True,10.562196257054277,True
2,894,branch_opposite,881.0531782061832,557.1616431683717,1432.7607718921718,1042.441269062817,526.7259117934944,True,5.1138195967817035,True
2,895,branch_opposite,1088.6275908413932,698.5869627380678,1448.8402460737232,1293.4967244058773,647.8259155920466,True,3.2342819419998254,True
2,896,branch_opposite,597.3703014306466,361.2448839674709,1025.1176057725982,698.103963048494,538.378534079684,True,2.3887444133676983,True
2,897,branch_opposite,600.931167056045,369.59861950603795,1293.1362949300724,705.4937328425457,531.1549726908562,True,4.019628132589753,True
2,898,branch_opposite,722.8908005922825,463.99703960182427,1434.3530823190915,858.9903156265547,491.2142884018821,True,10.09946800018892,True
2,899,branch_opposite,1023.1979315252502,629.7342166421986,1297.413373917057,1201.4571114640396,610.7137537498813,True,20.61348871926026,True
2,900,branch_opposite,819.5163460051006,501.7641520183413,1478.9140248570384,960.9236731500774,519.2608978533596,True,7.400745077266002,True
2,901,branch_opposite,1073.227271774429,693.4454134471005,1406.441031262494,1277.764969902996,634.6071235240556,True,18.354503452779838,True
2,902,branch_opposite,888.4698066347956,554.5824147940924,1269.465774836521,1047.3491548192121,534.1498549386129,True,17.71750749030786,True
2,903,branch_opposite,68.50373788557903,42.45459450349801,1224.6769509004193,80.59252259826937,931.3180082338074,True,24.280346387532237,True
2,904,branch_opposite,1204.674561424997,765.3880830045447,1450.6131786277986,1427.2560094635721,746.2849708783216,True,46.216273275170884,True
2,905,branch_opposite,925.6930651041043,576.2599808968652,1493.7748249827725,1090.4050698548162,551.5540454632272,True,11.994439560160552,True
2,906,branch_opposite,475.15367147070003,306.07831802323483,1371.4190473542405,565.2034574169008,577.7782987077743,True,6.5580655835301185,True
2,907,branch_opposite,1036.7726352455338,637.575234243882,1242.2119404167047,1217.1276336174074,619.9275017989696,True,5.320533543528919,True
2,908,branch_opposite,1277.3536711639179,783.7738538851345,1499.4922480118069,1498.6440055162848,815.6660905362423,True,8.98227156881809,True
2,909,branch_opposite,812.5246294510741,491.6893294849959,1415.6978385433526,949.7129409426883,522.0754670253428,True,10.814891306310303,True
2,910,branch_opposite,815.1813437630224,527.1315151977118,1157.123139890202,970.7668399435172,497.8575841334921,True,12.63914154225834,True
2,911,branch_opposite,869.4011722663347,549.0273699154939,1436.1442976517822,1028.2458126607671,522.806675559071,True,9.206004411904273,True
2,912,branch_opposite,975.2184343726788,595.5581592017562,1189.3614265329816,1142.6900348441318,583.5382459588101,True,8.007099566534777,True
2,913,branch_opposite,1137.068559032564,735.2428443711038,1379.5731518949112,1354.0705107708766,685.5159631301691,True,10.770517051090428,True
2,914,branch_opposite,496.4416026517149,320.3624349388265,1391.5788802466623,590.8353024010473,564.1731571551559,True,7.711138701202877,True
2,915,branch_opposite,1013.3081725454181,648.195021465374,1326.175330370365,1202.8924467298941,594.1753850641451,True,16.107150759575276,True
2,916,branch_opposite,1072.5206509882194,690.6433606133783,1342.50997039991,1275.6523030808728,634.7801402657849,True,11.523356086928448,True
2,917,branch_opposite,793.0536442854212,495.08177842397794,1259.9789481230825,934.9010910475163,506.82386114852795,True,12.416454731865652,True
2,918,branch_opposite,963.4621124235898,616.1672012986905,1182.1025110555004,1143.6438527933367,563.2663124258961,True,19.3109869501225,True
2,919,branch_opposite,961.4165464843584,595.4774008573991,1317.6957989678122,1130.8912904367926,571.6192136619823,True,22.675879008990638,True
2,920,branch_opposite,1116.6762895014713,720.4660553654603,1386.9981175187588,1328.9233508628856,669.0762832678124,True,15.523610503205477,True
2,921,branch_opposite,712.380782507465,454.6263470092228,1080.5750444447335,845.0866787974464,493.96008423945455,True,7.382565056004029,True
2,922,branch_opposite,1216.454696697743,780.550579415385,1496.3496264972418,1445.344677280714,755.6974742393575,True,20.881654970226883,True
2,923,branch_opposite,208.20115012111546,134.04819045811777,1444.727824838931,247.6219624283175,793.4471783603508,True,16.819920082644945,True
2,924,branch_opposite,361.00500169424464,229.40815512694678,1410.6514936552612,427.7297194339094,663.0664593519735,True,7.730305740231327,True
2,925,branch_opposite,1212.654939373645,750.4101306660256,1488.539265654737,1426.0600850572532,756.6618024054217,True,16.625203785157737,True
2,926,branch_opposite,926.8366540518452,576.8510457925202,1456.7627324286714,1091.6882853296283,552.1749153014471,True,13.993667973257606,True
2,927,branch_opposite,1043.9795035301722,674.0065176510384,1389.477790658153,1242.6495844071185,613.1462537257875,True,23.141550873964828,True
2,928,branch_opposite,1146.2899343111144,716.8874251584191,1352.8284916445286,1352.0015509803409,698.6776427206995,True,24.13786421451261,True
2,929,branch_opposite,326.7559339414484,204.99315397888518,1444.3578677517967,385.73518577407367,693.3246295260759,True,15.208482300367777,True
2,930,branch_opposite,421.44893678125186,254.67789923671396,1180.9026357683492,492.4226220165697,630.8409569228531,True,4.022966812690051,True
2,931,branch_opposite,719.8751250401325,446.5533946247408,1147.8790819869137,847.1305270750346,504.6907302086641,True,12.570595235950915,True
2,932,branch_opposite,1044.6182175317967,642.1373630212174,1416.1303532615375,1226.2004784647374,625.3582122971862,True,20.374771175713466,True
2,933,branch_opposite,731.4074639492924,451.6947118188274,1351.7863869011076,859.6423622680708,506.1511581142782,True,9.179384794634405,True
2,934,branch_opposite,1094.9678040564756,682.8043790426445,1417.7514694933461,1290.4171077446515,658.5484783635383,True,19.45120765048787,True
2,935,branch_opposite,1147.097885380351,694.9563899035659,1436.611975531942,1341.1927313074248,705.0177009680843,True,33.29713718054483,True
2,936,branch_opposite,528.6895785760314,329.7149085526948,1327.0512185156617,623.0767139099436,557.4260810007589,True,10.22900281226829,True
2,937,branch_opposite,1095.555189116767,673.51017686696,1305.267308124062,1286.0237675657627,662.0014587930349,True,9.024133519676406,True
2,938,branch_opposite,755.0716289758332,455.719695686688,1420.5319233150346,881.9374161021777,515.5197664426701,True,14.273566574363276,True
2,939,branch_opposite,1252.5356873113049,766.8352907610343,1475.4675881304395,1468.6327012377749,793.3613525688737,True,17.68288641156513,True
2,940,branch_opposite,1020.8562281261777,630.6598529541784,1208.780641359863,1199.9497025426494,608.1992458619495,True,17.904595206858513,True
2,941,branch_opposite,1081.4798073945992,700.6405661919594,1407.5240547408753,1288.6022570196162,640.3893649729464,True,21.776023153593215,True
2,942,branch_opposite,1185.3292052066756,742.6116307190101,1416.5944223581032,1398.7413480679825,731.2457158943155,True,15.564097663151129,True
2,943,branch_opposite,1205.978047245975,770.5605710957176,1472.8473779476324,1431.1347400460145,746.7700640646706,True,37.377921919685086,True
2,944,branch_opposite,1108.827988627783,718.8059686386764,1341.7546913504168,1321.431620975872,661.880135567784,True,16.58313457221971,True
2,945,branch_opposite,1116.3756200842072,707.4899050842483,1477.790063158698,1321.6794206291163,672.0718248398143,True,26.743190271250118,True
2,946,branch_opposite,431.7538992816235,259.54972477739676,1316.2648729477437,503.76332655018535,625.303100551561,True,7.253354576015911,True
2,947,branch_opposite,1270.6965320653253,791.8276425634114,1499.2565422541186,1497.2176502200252,808.1033262146018,True,25.80972425257574,True
2,948,branch_opposite,390.13889751258284,249.14837174945706,1353.2036863646617,462.90741028605197,639.401407261763,True,7.466495515584227,True
2,949,branch_opposite,383.7406450555734,237.46778317845053,1154.5432035219055,451.2735652742748,651.79165012461,True,11.76066106688851,True
2,950,branch_opposite,903.3919824369468,580.0793283500548,1159.4827354081622,1073.596339929681,530.9929412521401,True,13.724938883470285,True
2,951,branch_opposite,1049.5420704148416,657.3326969215159,1310.0332381504409,1238.396072350355,624.2301833334498,True,17.626469922245622,True
2,952,branch_opposite,1206.8575523204222,758.4797295720967,1458.6334458188678,1425.4110465983495,749.564499017234,True,9.82777349582061,True
2,953,branch_opposite,1254.6268662047685,814.5306101526731,1499.2780656492403,1495.8438047732404,789.8259167181931,True,40.01086968971932,True
2,954,branch_opposite,1205.2833311904258,765.1688398579258,1466.562745590434,1427.652360322713,746.920826985237,True,23.953367005262297,True
2,955,branch_opposite,897.4886100884926,556.8203646752814,1200.4210578953196,1056.1887727843389,539.9221087402846,True,17.724868711243317,True
2,956,branch_opposite,948.2377029433039,576.8707700780998,1165.5369655956554,1109.9255050018867,570.0779136638401,True,14.260200541263194,True
2,957,branch_opposite,544.7046531799854,327.617288658463,1141.6181041780108,635.6384562185101,561.4785252501318,True,8.237274889175186,True
2,958,branch_opposite,1133.335460798146,729.7476332452775,1365.149490327005,1347.9543296898562,683.0904307277226,True,31.85133208784244,True
2,959,branch_opposite,1083.2633029582844,686.299702404639,1422.9323003404954,1282.3676013752015,646.3356991740178,True,5.167663398872332,True
2,960,branch_opposite,970.6503712064034,625.8343498293837,1353.118979770544,1154.9159175236507,565.1235395147854,True,16.991100020954068,True
2,961,branch_opposite,343.29301899560767,209.3054348166292,1469.7246675125816,402.0682304471429,685.9083023512441,True,4.78079168729657,True
2,962,branch_opposite,1254.7003379251782,773.5552484548937,1478.60251245937,1473.9947965992515,794.5420725438619,True,12.906570303778796,True
2,963,branch_opposite,1194.24767063312,754.0434995604477,1493.460092974314,1412.37710900524,737.9023673068239,True,29.804599352483553,True
2,964,branch_opposite,1042.9022689304506,637.3954429837627,1320.7870478327372,1222.2594214309618,625.6283935730986,True,13.665798300136265,True
2,965,branch_opposite,991.5985005091593,623.4967063334329,1363.5341896337547,1171.3307513339912,584.8766267105727,True,0.9405584389167898,True
2,966,branch_opposite,1177.5012520144535,749.5308437763349,1427.9736284693386,1395.817210191818,722.2483086305481,True,18.59758452774065,True
2,967,branch_opposite,1134.2798736490915,716.6561965468605,1417.5632797897997,1341.7104515559276,687.0775901501307,True,13.179015133680878,True
2,968,branch_opposite,1243.9229966698485,753.0546057761696,1483.5267178709748,1454.1099205097248,787.0157074532158,True,11.230455657416538,True
2,969,branch_opposite,721.2148083115138,449.29451351128097,1266.3330712672353,849.7154580205965,502.99122774906476,True,11.551662277926233,True
2,970,branch_opposite,277.64257987614843,167.16520715719383,1447.9446686016258,324.0827188299169,741.4562577695168,True,9.439190829953501,True
2,971,branch_opposite,1181.9896019300413,761.3520602653448,1448.0600210698449,1405.97168490017,724.5675809275446,True,24.15403543627852,True
2,972,branch_opposite,710.6612778894033,433.97693752405775,1458.9221107094197,832.6916801518793,511.1846573519643,True,8.683050748295194,True
2,973,branch_opposite,947.7841342122956,573.4999023681432,1478.860723079234,1107.789196138336,571.5189584479672,True,4.304196277850035,True
2,974,branch_opposite,247.26609329595357,157.94717781899408,1212.2963396574391,293.4072798599724,758.6386336048879,True,9.268373950973153,True
2,975,branch_opposite,983.9331448727085,629.9083590099901,1484.4499546086877,1168.2931885146627,575.1634062599584,True,6.758307250457272,True
2,976,branch_opposite,1061.3740847931929,650.2819356029237,1403.111154824272,1244.741556967579,637.8181573934015,True,8.665177881734273,True
2,977,branch_opposite,1113.1124702516972,689.2491854556229,1398.140563863505,1309.2302360857218,673.961298174401,True,31.83187025194476,True
2,978,branch_opposite,923.99562585516,567.2348719150192,1316.9673676311263,1084.215530471648,555.2415809915913,True,3.028186163607942,True
2,979,branch_opposite,655.5275934058564,419.47544510837565,1359.7279358859532,778.2519352788938,500.83090975255925,True,1.6814102931664023,True
2,980,branch_opposite,199.02261113452863,121.34632405818442,1294.9676208930632,233.09854161971865,808.465876649951,True,9.225059654631675,True
2,981,branch_opposite,671.9282467975245,431.71904881495374,1468.3226374838462,798.6669555916806,496.0206114170648,True,12.039391398618642,True
2,982,branch_opposite,1094.6719040837766,707.2985922763503,1478.2139209048194,1303.2950073665238,651.2050775363977,True,10.306557092281702,True
2,983,branch_opposite,498.9859613146316,301.3070903938577,1442.5513189854992,582.9004651831215,583.3351007601607,True,10.097321192872961,True
2,984,branch_opposite,492.84233445845183,299.97464169426826,1495.906636515841,576.9561095040602,584.370633440412,True,9.15578467741458,True
2,985,branch_opposite,1245.1030307754577,773.1079337191674,1496.8618733040105,1465.5979784462554,785.1016948608172,True,24.209294005705008,True
2,986,branch_opposite,727.6709819747134,453.8441644165986,1308.237659569506,857.6010631890822,502.3747218337837,True,7.656116315499961,True
2,987,branch_opposite,405.1808809838072,258.76318161284917,1007.1278190984841,480.75974298314384,628.180579444492,True,11.589990744870416,True
2,988,branch_opposite,998.0925596154668,639.5291498136354,1497.6756295455025,1185.40553863271,583.8112028417235,True,10.250264647085617,True
2,989,branch_opposite,1121.7166634599753,718.1508861770656,1405.0600960740642,1331.9117720031925,674.5301177680504,True,35.3522693616037,True
2,990,branch_opposite,1033.7354275246557,626.6660122610377,1428.08870388129,1208.8503733062805,621.574541006173,True,20.856789142468894,True
2,991,branch_opposite,664.3813701199538,406.0088043540912,1468.6655458719554,778.6178486109253,516.6437831538067,True,12.685294984941525,True
2,992,branch_opposite,187.62848748704118,114.88971132603515,1317.8022152452236,220.00930681508558,818.3889387747383,True,6.045879277456739,True
2,993,branch_opposite,947.0516181602121,589.5659858410883,1223.09186821257,1115.5692802872668,562.3330873802271,True,23.681512170804282,True
2,994,branch_opposite,902.1458124066921,543.6376488698235,1489.879500409008,1053.2848428187126,551.6651722074914,True,9.38469544822996,True
2,995,branch_opposite,438.9041981867194,267.63647597539074,1079.024069882577,514.0682624500884,616.8532081414633,True,7.095969025513139,True
2,996,branch_opposite,930.9969506148441,598.3702642164243,1352.490046704208,1106.7078635089622,544.0455422833226,True,4.629136421479705,True
2,997,branch_opposite,886.6416140058136,560.8037547915444,1442.5790457956614,1049.1111490567284,528.8890915327252,True,21.582155057970304,True
2,998,branch_opposite,954.643266300727,603.5447526369869,1142.9697721802347,1129.429074501344,561.7126706706206,True,4.191377139732716,True
2,999,branch_opposite,693.9956088447127,436.3631818754748,1139.8848076316383,819.7821244649289,501.3511592142691,True,10.756099281801074,True
